;----------------------------------------------------------------------
;---
;--- Package producted by julia - creating the Spiking trace matrix XOR
;---
;----------------------------------------------Pascal Harmeling 2025---
;
memory_initialization_radix=2; binary 
memory_initialization_vector=
;tableau 1 de l'image 1 à pour solution : 9 
1010010000000000000000000000000000000000000000000000000000000000000000000000000000000000000000000000000000000000000000000000000000000000000000000000000000000000000000000000000000000000000000000000000000000000000000000000000000000000000000000000000000000000000000000000000000000000000000000000000000000000000000000000000000000000000000000000000000000000000000000000000000000000000000000000000000000000000000000000000000000000000000000000000000000000000000000000000000000000000000000000000000000000000000000000000000000000000000000000000000000000000000000000000000000000000000000000000000000000000000000000000000000000000000000000000000000000000000000000000000000000000000000000000000000000000000000000000000000000000000000000000000000000000000000000000000000000000000000000000000000000000000,
;tableau 2 de l'image 1 à pour solution : 9 
0010010000000000000000000000000000000000000000000000000000000000000000000000000000000000000000000000000000000000000000000000000000000000000000000000000000000000000000000000000000000000000000000000000000000000000000000000000000000000000000000000000000000000000000000000000000000000000000000000000000000000000000000000000000000000000000000000000000000000000000000000000000000000000000000000000000000000000000000000000000000000000000000000000000000000000000000000000000000000000000000000000000000000000000000000000000000000000000000000000000000000000000000000000000000000000000000000000000000000000000000000000000000000000000000000000000000000000000000000000000000000000000000000000000000000000000000000000000000000000000000000000000000000000000000000000000000000000000000000000000000000000000,
;tableau 3 de l'image 1 à pour solution : 9 
0010010000000000000000000000000000000000000000000000000000000000000000000000000000000000000000000000000000000000000000000000000000000000000000000000000000000000000000000000000000000000000000000000000000000000000000000000000000000000000000000000000000000000000000000000000000000000000000000000000000000000000000000000000000000000000000000000000000000000000000000000000000000000000000000000000000000000000000000000000000000000000000000000000000000000000000000000000000000000000000000000000000000000000000000000000000000000000000000000000000000000000000000000000000000000000000000000000000000000000000000000000000000000000000000000000000000000000000000000000000000000000000000000000000000000000000000000000000000000000000000000000000000000000000000000000000000000000000000000000000000000000000,
;tableau 4 de l'image 1 à pour solution : 9 
0010010000000000000000000000000000000000000000000000000000000000000000000000000000000000000000000000000000000000000000000000000000000000000000000000000000000000000000000000000000000000000000000000000000000000000000000000000000000000000000000000000000000000000000000000000000000000000000000000000000000000000000000000000000000000000000000000000000000000000000000000000000000000000000000000000000000000000000000000000000000000000000000000000000000000000000000000000000000000000000000000000000000000000000000000000000000000000000000000000000000000000000000000000000000000000000000000000000000000000000000000000000000000000000000000000000000000000000000000000000000000000000000000000000000000000000000000000000000000000000000000000000000000000000000000000000000000000000000000000000000000000000,
;tableau 5 de l'image 1 à pour solution : 9 
0010010000000000000000000000000000000000000000000000000000000000000000000000000000000000000000000000000000000000000000000000000000000000000000000000000000000000000000000000000000000000000000000000000000000000000000000000000000000000000000000000000000000000000000000000000000000000000000000000000000000000000000000000000000000000000000000000000000000000000000000000000000000000000000000000000000000000000000000000000000000000000000000000000000000000000000000000000000000000000000000000000000000000000000000000000000000000000000000000000000000000000000000000000000000000000000000000000000000000000000000000000000000000000000000000000000000000000000000000000000000000000000000000000000000000000000000000000000000000000000000000000000000000000000000000000000000000000000000000000000000000000000,
;tableau 6 de l'image 1 à pour solution : 9 
0010010000000000000000000000000000000000000000000000000000000000000000000000000000000000000000000000000000000000000000000000000000000000000000000000000000000000000000000000000000000000000000000000000000000000000000000000000000000000000000000000000000000000000000000000000000000000000000000000000000000000000000000000000000000000000000000000000000000000000000000000000000000000000000000000000000000000000000000000000000000000000000000000000000000000000000000000000000000000000000000000000000000000000000000000000000000000000000000000000000000000000000000000000000000000000000000000000000000000000000000000000000000000000000000000000000000000000000000000000000000000000000000000000000000000000000000000000000000000000000000000000000000000000000000000000000000000000000000000000000000000000000,
;tableau 7 de l'image 1 à pour solution : 9 
0010010000000000000000000000000000000000000000000000000000000000000000000000000000000000000000000000000000000000000000000000000000000000000000000000000000000000000000000000000000000000000000000000000000000000000000000000000000000000000000000000000000000000000000000000000000000000000000000000000000000000000000000000000000000000000000000000000000000000000000000000000000000000000000000000000000000000000000000000000000000000000000000000000000000000000000000000000000000000000000000000000000000000000000000000000000000000000000000000000000000000000000000000000000000000000000000000000000000000000000000000000000000000000000000000000000000000000000000000000000000000000000000000000000000000000000000000000000000000000000000000000000000000000000000000000000000000000000000000000000000000000000,
;tableau 8 de l'image 1 à pour solution : 9 
0010010000000000000000000000000000000000000000000000000000000000000000000000000000000000000000000000000000000000000000000000000000000000000000000000000000000000000000000000000000000000000000000000000000000000000000000000000000000000000000000000000000000000000000000000000000000000000000000000000000000000000000000000000000000000000000000000000000000000000000000000000000000000000000000000000000000000000000000000000000000000000000000000000000000000000000000000000000000000000000000000000000000000000000000000000000000000000000000000000000000000000000000000000000000000000000000000000000000000000000000000000000000000000000000000000000000000000000000000000000000000000000000000000000000000000000000000000000000000000000000000000000000000000000000000000000000000000000000000000000000000000000,
;tableau 9 de l'image 1 à pour solution : 9 
0010010000000000000000000000000000000000000000000000000000000000000000000000000000000000000000000000000000000000000000000000000000000000000000000000000000000000000000000000000000000000000000000000000000000000000000000000000000000000000000000000000000000000000000000000000000000000000000000000000000000000000000000000000000000000000000000000000000000000000000000000000000000000000000000000000000000000000000000000000000000000000000000000000000000000000000000000000000000000000000000000000000000000000000000000000000000000000000000000000000000000000000000000000000000000000000000000000000000000000000000000000000000000000000000000000000000000000000000000000000000000000000000000000000000000000000000000000000000000000000000000000000000000000000000000000000000000000000000000000000000000000000,
;tableau 10 de l'image 1 à pour solution : 9 
0010010000000000000000000000000000000000000000000000000000000000000000000000000000000000000000000000000000000000000000000000000000000000000000000000000000000000000000000000000000000000000000000000000000000000000000000000000000000000000000000000000000000000000000000000000000000000000000000000000000000000000000000000000000000000000000000000000000000000000000000000000000000000000000000000000000000000000000000000000000000000000000000000000000000000000000000000000000000000000000000000000000000000000000000000000000000000000000000000000000000000000000000000000000000000000000000000000000000000000000000000000000000000000000000000000000000000000000000000000000000000000000000000000000000000000000000000000000000000000000000000000000000000000000000000000000000000000000000000000000000000000000,
;tableau 11 de l'image 1 à pour solution : 9 
0010010000000000000000000000000000000000000000000000000000000000000000000000000000000000000000000000000000000000000000000000000000000000000000000000000000000000000000000000000000000000000000000000000000000000000000000000000000000000000000000000000000000000000000000000000000000000000000000000000000000000000000000000000000000000000000000000000000000000000000000000000000000000000000000000000000000000000000000000000000000000000000000000000000000000000000000000000000000000000000000000000000000000000000000000000000000000000000000000000000000000000000000000000000000000000000000000000000000000000000000000000000000000000000000000000000000000000000000000000000000000000000000000000000000000000000000000000000000000000000000000000000000000000000000000000000000000000000000000000000000000000000,
;tableau 12 de l'image 1 à pour solution : 9 
0010010000000000000000000000000000000000000000000000000000000000000000000000000000000000000000000000000000000000000000000000000000000000000000000000000000000000000000000000000000000000000000000000000000000000000000000000000000000000000000000000000000000000000000000000000000000000000000000000000000000000000000000000000000000000000000000000000000000000000000000000000000000000000000000000000000000000000000000000000000000000000000000000000000000000000000000000000000000000000000000000000000000000000000000000000000000000000000000000000000000000000000000000000000000000000000000000000000000000000000000000000000000000000000000000000000000000000000000000000000000000000000000000000000000000000000000000000000000000000000000000000000000000000000000000000000000000000000000000000000000000000000,
;tableau 13 de l'image 1 à pour solution : 9 
0010010000000000000000000000000000000000000000000000000000000000000000000000000000000000000000000000000000000000000000000000000000000000000000000000000000000000000000000000000000000000000000000000000000000000000000000000000000000000000000000000000000000000000000000000000000000000000000000000000000000000000000000000000000000000000000000000000000000000000000000000000000000000000000000000000000000000000000000000000000000000000000000000000000000000000000000000000000000000000000000000000000000000000000000000000000000000000000000000000000000000000000000000000000000000000000000000000000000000000000000000000000000000000000000000000000000000000000000000000000000000000000000000000000000000000000000000000000000000000000000000000000000000000000000000000000000000000000000000000000000000000000,
;tableau 14 de l'image 1 à pour solution : 9 
0010010000000000000000000000000000000000000000000000000000000000000000000000000000000000000000000000000000000000000000000000000000000000000000000000000000000000000000000000000000000000000000000000000000000000000000000000000000000000000000000000000000000000000000000000000000000000000000000000000000000000000000000000000000000000000000000000000000000000000000000000000000000000000000000000000000000000000000000000000000000000000000000000000000000000000000000000000000000000000000000000000000000000000000000000000000000000000000000000000000000000000000000000000000000000000000000000000000000000000000000000000000000000000000000000000000000000000000000000000000000000000000000000000000000000000000000000000000000000000000000000000000000000000000000000000000000000000000000000000000000000000000,
;tableau 15 de l'image 1 à pour solution : 9 
0010010000000000000000000000000000000000000000000000000000000000000000000000000000000000000000000000000000000000000000000000000000000000000000000000000000000000000000000000000000000000000000000000000000000000000000000000000000000000000000000000000000000000000000000000000000000000000000000000000000000000000000000000000000000000000000000000000000000000000000000000000000000000000000000000000000000000000000000000000000000000000000000000000000000000000000000000000000000000000000000000000000000000000000000000000000000000000000000000000000000000000000000000000000000000000000000000000000000000000000000000000000000000000000000000000000000000000000000000000000000000000000000000000000000000000000000000000000000000000000000000000000000000000000000000000000000000000000000000000000000000000000,
;tableau 16 de l'image 1 à pour solution : 9 
0010010000000000000000000000000000000000000000000000000000000000000000000000000000000000000000000000000000000000000000000000000000000000000000000000000000000000000000000000000000000000000000000000000000000000000000000000000000000000000000000000000000000000000000000000000000000000000000000000000000000000000000000000000000000000000000000000000000000000000000000000000000000000000000000000000000000000000000000000000000000000000000000000000000000000000000000000000000000000000000000000000000000000000000000000000000000000000000000000000000000000000000000000000000000000000000000000000000000000000000000000000000000000000000000000000000000000000000000000000000000000000000000000000000000000000000000000000000000000000000000000000000000000000000000000000000000000000000000000000000000000000000,
;tableau 17 de l'image 1 à pour solution : 9 
0010010000000000000000000000000000000000000000000000000000000000000000000000000000000000000000000000000000000000000000000000000000000000000000000000000000000000000000000000000000000000000000000000000000000000000000000000000000000000000000000000000000000000000000000000000000000000000000000000000000000000000000000000000000000000000000000000000000000000000000000000000000000000000000000000000000000000000000000000000000000000000000000000000000000000000000000000000000000000000000000000000000000000000000000000000000000000000000000000000000000000000000000000000000000000000000000000000000000000000000000000000000000000000000000000000000000000000000000000000000000000000000000000000000000000000000000000000000000000000000000000000000000000000000000000000000000000000000000000000000000000000000,
;tableau 18 de l'image 1 à pour solution : 9 
0010010000000000000000000000000000000000000000000000000000000000000000000000000000000000000000000000000000000000000000000000000000000000000000000000000000000000000000000000000000000000000000000000000000000000000000000000000000000000000000000000000000000000000000000000000000000000000000000000000000000000000000000000000000000000000000000000000000000000000000000000000000000000000000000000000000000000000000000000000000000000000000000000000000000000000000000000000000000000000000000000000000000000000000000000000000000000000000000000000000000000000000000000000000000000000000000000000000000000000000000000000000000000000000000000000000000000000000000000000000000000000000000000000000000000000000000000000000000000000000000000000000000000000000000000000000000000000000000000000000000000000000,
;tableau 19 de l'image 1 à pour solution : 9 
0010010000000000000000000000000000000000000000000000000000000000000000000000000000000000000000000000000000000000000000000000000000000000000000000000000000000000000000000000000000000000000000000000000000000000000000000000000000000000000000000000000000000000000000000000000000000000000000000000000000000000000000000000000000000000000000000000000000000000000000000000000000000000000000000000000000000000000000000000000000000000000000000000000000000000000000000000000000000000000000000000000000000000000000000000000000000000000000000000000000000000000000000000000000000000000000000000000000000000000000000000000000000000000000000000000000000000000000000000000000000000000000000000000000000000000000000000000000000000000000000000000000000000000000000000000000000000000000000000000000000000000000,
;tableau 20 de l'image 1 à pour solution : 9 
0010010000000000000000000000000000000000000000000000000000000000000000000000000000000000000000000000000000000000000000000000000000000000000000000000000000000000000000000000000000000000000000000000000000000000000000000000000000000000000000000000000000000000000000000000000000000000000000000000000000000000000000000000000000000000000000000000000000000000000000000000000000000000000000000000000000000000000000000000000000000000000000000000000000000000000000000000000000000000000000000000000000000000000000000000000000000000000000000000000000000000000000000000000000000000000000000000000000000000000000000000000000000000000000000000000000000000000000000000000000000000000000000000000000000000000000000000000000000000000000000000000000000000000000000000000000000000000000000000000000000000000000,
;tableau 21 de l'image 1 à pour solution : 9 
0010010000000000000000000000000000000000000000000000000000000000000000000000000000000000000000000000000000000000000000000000000000000000000000000000000000000000000000000000000000010100000000000001000000000000000010000000000011001000100011000000000000000000100110000000000100000000000000000000000000000000000100000000000000000110000000000000000011000000001010000000000000000000100000000000000000000000100110110000000000000000000000000010000100000000000000000000000100000000000000000000000000100000000000000000000000000001100000000000000000000000000000000000000000000000000000000000000000000000000000000000000000000000000000000000000000000000000000000000000000000000000000000000000000000000000000000000000000000000000000000000000000000000000000000000000000000000000000000000000000000000000000,
;tableau 22 de l'image 1 à pour solution : 9 
0010010000000000000000000000000000000000000000000000000000000000000000000000000000000000000000000000000000000000000000000000000000000000000000000000000000000000000000000000000000000000000010000000000000101000000000001000000000000001000000000000000001000000000000010000000000001000000000000000100000000000000000000000000010000000000010000000000000000010000000000000000000000000010010000000000000000000000000000010000000000000000000101000000000000000000000000001000010100000000000000000000100011100000000000000000000000000000000000000000000000000000000000000000000000000000000000000000000000000000000000000000000000000000000000000000000000000000000000000000000000000000000000000000000000000000000000000000000000000000000000000000000000000000000000000000000000000000000000000000000000000000000,
;tableau 23 de l'image 1 à pour solution : 9 
0010010000000000000000000000000000000000000000000000000000000000000000000000000000000000000000000000000000000000000000000000000000000000000000000000000000000000000000000000000000110000000001000010000000000000000000100000000100000000000000000001010000010000000010001001001100000000000000000000001000000000001000000000000000000000000100000000000001001100000000000000000000000000000000010000000000000000000000000000000000000000000000000000001000000000000000001010000000000000000000000000000010000000000000000000000000000000000000000000000000000000000000000000000000000000000000000000000000000000000000000000000000000000000000000000000000000000000000000000000000000000000000000000000000000000000000000000000000000000000000000000000000000000000000000000000000000000000000000000000000000000000000,
;tableau 24 de l'image 1 à pour solution : 9 
0010010000000000000000000000000000000000000000000000000000000000000000000000000000000000000000000000000000000000000000000000000000000000000000000000000000000000000000000000000000000000000010000001000000000000000010000001000001000000001000000000000000000000000000010000000000000000000000000000000000000000000000000000000000000000000000000000000000000000000000000000000000000000110010000000000000000000000010000000100000000000000000000010000000000000000000000000010000100000000000000000000000100000000000000000000000000000000000000000000000000000000001000000000000000000000000000000000000000000000000000000000000000000000000000000000000000000000000000000000000000000000000000000000000000000000000000000000000000000000000000000000000000000000000000000000000000000000000000000000000000000000000,
;tableau 25 de l'image 1 à pour solution : 9 
0010010000000000000000000000000000000000000000000000000000000000000000000000000000000000000000000000000000000000000000000000000000000000000000000000000000000000000000000000000000000000000000001110000000001101000000010000010000100000000100100000000000000000000000000000000001000000101000001000000100100000000000100000100000000000010000000000000101001000000000100000000000000000000000000000000000000001000000000000000000000000000000000100000000000000000000000001001011000000000000000000000010010000000000000000000000000000010000000000000000001000000000000000000000000000000000000000000000000000000000000000000000000000000000000000000000000000000000000000000000000000000000000000000000000000000000000000000000000000000000000000000000000000000000000000000000000000000000000000000000000000000000,
;tableau 26 de l'image 1 à pour solution : 9 
0010010000000000000000000000000000000000000000000000000000000000000000000000000000000000000000000000000000000000000000000000000000000000000000000000000000000000000000000000000000010000000000000000000000000000010000000101000001000000011000000001010000000000010100000100000000000010000000000000000010000000100000000000000000000010100100000000000000000000001000000000000000010010000000001000000000000000000000000000000000000000000000000001000000000000000000000100100000000000000000000000000000100000000000000000000000000000000000000000000000000000000000000000000000000000000000000000000000000000000000000000000000000000000000000000000000000000000000000000000000000000000000000000000000000000000000000000000000000000000000000000000000000000000000000000000000000000000000000000000000000000000000,
;tableau 27 de l'image 1 à pour solution : 9 
0010010000000000000000000000000000000000000000000000000000000000000000000000000000000000000000000000000000000000000000000000000000000000000000000000000000000000000000000000000010100000000010110000000000000110000000000010000000000000000110101100000000000000100000100000000000100000000000001100100100000000000000100000001000000000000000000000000111000000000000000000000000000100000010000100000000000000010000000001000000000000000000000000000000000000000000000000000000000000000000000000000010001000000000000000000000000000000000000000000000000000000000000000000000000000000000000000000000000000000000000000000000000000000000000000000000000000000000000000000000000000000000000000000000000000000000000000000000000000000000000000000000000000000000000000000000000000000000000000000000000000000000,
;tableau 28 de l'image 1 à pour solution : 9 
0010010000000000000000000000000000000000000000000000000000000000000000000000000000000000000000000000000000000000000000000000000000000000000000000000000000000000000000000000000001000000000001000000000000000000000000000000000101000001000000000000000000001100000000011001000000010000010000000000000000100001000000000000000000100000110000000000000000011000000000000000000000000000010000001000000000000000100010000000000000000000000000000010000000000000000000000000000000000000000000000000000000000000000000000000000000000000000000000000000000000000000000000000000000000000000000000000000000000000000000000000000000000000000000000000000000000000000000000000000000000000000000000000000000000000000000000000000000000000000000000000000000000000000000000000000000000000000000000000000000000000000000,
;tableau 29 de l'image 1 à pour solution : 9 
0010010000000000000000000000000000000000000000000000000000000000000000000000000000000000000000000000000000000000000000000000000000000000000000000000000000000000000000000000000110001000001010011000010000001010000100000010000000000000000000001000000010000001000100000000001000000000001000000000000000000000000000000000011000010100000000000000000000000100000000000000000000000000000000000000000000000000000000001010000000000000000000100000000000000000000000001000000000000000000000000000010000000000000000000000000000000001000000000000000000000000000000000000000000000000000000000000000000000000000000000000000000000000000000000000000000000000000000000000000000000000000000000000000000000000000000000000000000000000000000000000000000000000000000000000000000000000000000000000000000000000000000,
;tableau 30 de l'image 1 à pour solution : 9 
0010010000000000000000000000000000000000000000000000000000000000000000000000000000000000000000000000000000000000000000000000000000000000000000000000000000000000000000000000000000000000000000000111000000000100000011100000000100000001000000000000000000000010000001000001000010000010000000010000001000000000000100000000000000000000000000000000000000100000100010000000000000000000000100110000000000000000000000010000000000000000000000010001000000000000000000000000000000000000000000000000000010000000100000000000000000000000100000000000000000000000000000000000000000000000000000000000000000000000000000000000000000000000000000000000000000000000000000000000000000000000000000000000000000000000000000000000000000000000000000000000000000000000000000000000000000000000000000000000000000000000000000,
;tableau 31 de l'image 1 à pour solution : 9 
0010010000000000000000000000000000000000000000000000000000000000000000000000000000000000000000000000000000000000000000000000000000000000000000000000000000000000000000000000000000010000000000000000000000010000100000000100000000000000000000000000000000000000000000000000000000010000110100000001010000000000000000000000000010100000100010000000000001000000000000000000000000001000000000001000000000000000100010000000000000000000000000100100000000000000000000000010000000000000000000000000001001000100000000000000000010000000000000000000000000000000000000000000000000000000000000000000000000000000000000000000000000000000000000000000000000000000000000000000000000000000000000000000000000000000000000000000000000000000000000000000000000000000000000000000000000000000000000000000000000000000000000,
;tableau 32 de l'image 1 à pour solution : 9 
0010010000000000000000000000000000000000000000000000000000000000000000000000000000000000000000000000000000000000000000000000000000000000000000000000000000000000000000000000000100001000001000000000000000000000001100001000000000000000010000010000000010000001000000000000100000100000000000000000000000000101000000100001100001001100000000000000000000100000010000000000000000000000000010000000000000000000000000010000000000000000000000000000010000000000000000000001000011100000000000000000000100000000000000000000000000000000000000000000000000000000000001000000000000000000000000000000000000000000000000000000000000000000000000000000000000000000000000000000000000000000000000000000000000000000000000000000000000000000000000000000000000000000000000000000000000000000000000000000000000000000000000,
;tableau 33 de l'image 1 à pour solution : 9 
0010010000000000000000000000000000000000000000000000000000000000000000000000000000000000000000000000000000000000000000000000000000000000000000000000000000000000000000000000000000010100000000000000000000000001100000000100000000000000000000100000001000000000000000000000000000000000010000000000000100000000000100000000000000000000000000000000000000000000000000000000000000000001010000000000000000000000001100000000000000000000000001100000000000000000000000000010100000000000000000000000100001000000000000000000000000000001000000000000000000000000000000000000000000000000000000000000000000000000000000000000000000000000000000000000000000000000000000000000000000000000000000000000000000000000000000000000000000000000000000000000000000000000000000000000000000000000000000000000000000000000000000,
;tableau 34 de l'image 1 à pour solution : 9 
0010010000000000000000000000000000000000000000000000000000000000000000000000000000000000000000000000000000000000000000000000000000000000000000000000000000000000000000000000000000001000000100010100000000010000010001000000000000000000000011001000000001000000000000010000010010000000000000000001001010000000000000010000100000100000000010000000000000010000101000000000000000001000100010000000000000000001000001000000000000000000000000000000010000000000000000000000000000000000000000000000000100010000000000000000000000000000000000000000000000000000000000000000000000000000000000000000000000000000000000000000000000000000000000000000000000000000000000000000000000000000000000000000000000000000000000000000000000000000000000000000000000000000000000000000000000000000000000000000000000000000000000,
;tableau 35 de l'image 1 à pour solution : 9 
0010010000000000000000000000000000000000000000000000000000000000000000000000000000000000000000000000000000000000000000000000000000000000000000000000000000000000000000000000000010000000000011000000000000000011001000101001000011010000000000000000001000000000010100000000000100000000000000000000000000010100010000000000000001000000101000000000000000101000000000000000000000000100000100010000000000000000000000000100000000000000000010000001000000000000000000000100000000000000000000000000001010000000000000000000000000000000000000000000000000000000000000000000000000000000000000000000000000000000000000000000000000000000000000000000000000000000000000000000000000000000000000000000000000000000000000000000000000000000000000000000000000000000000000000000000000000000000000000000000000000000000000,
;tableau 36 de l'image 1 à pour solution : 9 
0010010000000000000000000000000000000000000000000000000000000000000000000000000000000000000000000000000000000000000000000000000000000000000000000000000000000000000000000000000000000000000100100101000000001000110010000000000100100000000000000100000000010000000000000011001000010000000000000110100000000000000000000000000000000000000000000000000010000000100000000000000000000010010000001000000000000000000001100001000000000000000001000000000000000000000000001000001001000000000000000000000000100000000000000000000000000000000000000000000000000000000000000000000000000000000000000000000000000000000000000000000000000000000000000000000000000000000000000000000000000000000000000000000000000000000000000000000000000000000000000000000000000000000000000000000000000000000000000000000000000000000000,
;tableau 37 de l'image 1 à pour solution : 9 
0010010000000000000000000000000000000000000000000000000000000000000000000000000000000000000000000000000000000000000000000000000000000000000000000000000000000000000000000000000100100100000000011000000000000010000001000000000000010000010000000000010000100000001000000000000010100100100000000000010000100101010000010000000000011000101000000000000000001000000010000000000000000000000000000000000000000000000000000000000000000000000000001010000000000000000000000000100000100000000000000000110000000000000000000000000000000000000000000000000000000000000010000000000000000000000000000000000000000000000000000000000000000000000000000000000000000000000000000000000000000000000000000000000000000000000000000000000000000000000000000000000000000000000000000000000000000000000000000000000000000000000000,
;tableau 38 de l'image 1 à pour solution : 9 
0010010000000000000000000000000000000000000000000000000000000000000000000000000000000000000000000000000000000000000000000000000000000000000000000000000000000000000000000000000011010000000101000001000000000101010000010000000011000000000000000000100001000100000001101000000001000000000010010000000000011000000000000000000011000000010000000000000000000001010000000000000000010100000000100000000000000000001000000000000000000000000000000000000000000000000000000001000000000000000000000000000001010000000000000000000000000000000000000000000000000000000000000000000000000000000000000000000000000000000000000000000000000000000000000000000000000000000000000000000000000000000000000000000000000000000000000000000000000000000000000000000000000000000000000000000000000000000000000000000000000000000000,
;tableau 39 de l'image 1 à pour solution : 9 
0010010000000000000000000000000000000000000000000000000000000000000000000000000000000000000000000000000000000000000000000000000000000000000000000000000000000000000000000000000000001000000000010000000000000000000000000001000000001000001000000000000000001000000000010000000000000001000000000100000000000010000000100000100000000010000000000000000000100010100000000000000000000000000000000000000000000000010000000000000000000000000001000010000000000000000000000010000100000000000000000000100010000000000000000000000001000000100000000000000000000000000000000000000000000000000000000000000000000000000000000000000000000000000000000000000000000000000000000000000000000000000000000000000000000000000000000000000000000000000000000000000000000000000000000000000000000000000000000000000000000000000000,
;tableau 40 de l'image 1 à pour solution : 9 
0010010000000000000000000000000000000000000000000000000000000000000000000000000000000000000000000000000000000000000000000000000000000000000000000000000000000000000000000000000000000000000001001000000000001100001000010000001000000000100000010000000010000000101000001000100110000000001000000000000001001000010000000000010001000100000000000000000010000000000000000000000000000100010100100000000000000000000101010000000000000000000000000000000000000000000000000000000000000000000000000000000000000000000000000000000000000000000000000000000000000000000010000000000000000000000000000000000000000000000000000000000000000000000000000000000000000000000000000000000000000000000000000000000000000000000000000000000000000000000000000000000000000000000000000000000000000000000000000000000000000000000000,
;tableau 41 de l'image 1 à pour solution : 9 
0010010000000000000000000000000000000000000000000000000000000000000000000000000000000000000000000000000000000000000000000000000000000000000000000000000000000000000000000000000001100000001000000000000000000000100000100100000110000001010010000000011000000000000000000000001000000000000000000000000000000000000000000001100010000000000000000000000001000000000110000000000000000000000000000000000000000000001000000001100000000000000000100000100000000000000000000000100100000000000000000000001000001100000000000000000000000000000000000000000000000000000000000000000000000000000000000000000000000000000000000000000000000000000000000000000000000000000000000000000000000000000000000000000000000000000000000000000000000000000000000000000000000000000000000000000000000000000000000000000000000000000000,
;tableau 42 de l'image 1 à pour solution : 9 
0010010000000000000000000000000000000000000000000000000000000000000000000000000000000000000000000000000000000000000000000000000000000000000000000000000000000000000000000000000000011100000001000100000000010001000001000000000000100000001001000000000000000000000100001000100001000000100000010000000100000000100000000000000000000000000000000000000000000000000000000000000000000000000000000000000000000000000001001000000000000000000000000000010000000000000000000001011000000000000000000000010000000000000000000000000000000000000000000000000000000000000000000000000000000000000000000000000000000000000000000000000000000000000000000000000000000000000000000000000000000000000000000000000000000000000000000000000000000000000000000000000000000000000000000000000000000000000000000000000000000000000000,
;tableau 43 de l'image 1 à pour solution : 9 
0010010000000000000000000000000000000000000000000000000000000000000000000000000000000000000000000000000000000000000000000000000000000000000000000000000000000000000000000000000000000000000000000001000000000110001010000000000000010000000000100000000000100000000000000000000010000000000000000100011000000000000000000000000110000000001000000000000101100000000000010000000000000010000000000000000000000000001100100001000000000000000000000000001000000000000000000000000000000000000000000000000000000000000000000000000001000000000000000000000000000000000000000000000000000000000000000000000000000000000000000000000000000000000000000000000000000000000000000000000000000000000000000000000000000000000000000000000000000000000000000000000000000000000000000000000000000000000000000000000000000000000000,
;tableau 44 de l'image 1 à pour solution : 9 
0010010000000000000000000000000000000000000000000000000000000000000000000000000000000000000000000000000000000000000000000000000000000000000000000000000000000000000000000000000000000000000001000100000000000001100000010001000000000000010001000000000000000010000010000000000000110100000010000000000100000000000100000000000000000010000000000000000000000000100000000000000000000001000010000100000000000000000000000000000000000000000000110100000000000000000000000110100010000000000000000000010000000000000000000000000000000000100000000000000000000000000000000000000000000000000000000000000000000000000000000000000000000000000000000000000000000000000000000000000000000000000000000000000000000000000000000000000000000000000000000000000000000000000000000000000000000000000000000000000000000000000000,
;tableau 45 de l'image 1 à pour solution : 9 
0010010000000000000000000000000000000000000000000000000000000000000000000000000000000000000000000000000000000000000000000000000000000000000000000000000000000000000000000000000010000100000000000000100000000010010000000000000000000000100000010000000000000000000000000100000000000010000000000000000000000000010000000000000000000000000000000000000100001010011010000000000000000000000100000000000000000001000000000000000000000000000001000000001000000000000000000000010001000000000000000000000010000000000000000000000000000000000000000000000000000000000000000000000000000000000000000000000000000000000000000000000000000000000000000000000000000000000000000000000000000000000000000000000000000000000000000000000000000000000000000000000000000000000000000000000000000000000000000000000000000000000000,
;tableau 46 de l'image 1 à pour solution : 9 
0010010000000000000000000000000000000000000000000000000000000000000000000000000000000000000000000000000000000000000000000000000000000000000000000000000000000000000000000000000000011000000010000000000000010000000010010000000000000000010010100100000010000000000100000000000000000000000000001000000000000010100000000000000101000000100000000000000000000000000000000000000000000001010000000000000000000000100000000000100000000000000000000000000000000000000000000000100000000000000000000000000001000100000000000000000010000000000000000000000000000000000000000000000000000000000000000000000000000000000000000000000000000000000000000000000000000000000000000000000000000000000000000000000000000000000000000000000000000000000000000000000000000000000000000000000000000000000000000000000000000000000000,
;tableau 47 de l'image 1 à pour solution : 9 
0010010000000000000000000000000000000000000000000000000000000000000000000000000000000000000000000000000000000000000000000000000000000000000000000000000000000000000000000000000100000100001000110000000000000010001000000000000100000000000100000010000001000100000010000010000000000000100000000100000000100000000000000000000010000100000000000000000000010001000000100000000000000010000000000000000000000000000010000000000000000000000000000000000000000000000000001010010000000000000000000000000000000000000000000000000000000000000000000000000000000000000000000000000000000000000000000000000000000000000000000000000000000000000000000000000000000000000000000000000000000000000000000000000000000000000000000000000000000000000000000000000000000000000000000000000000000000000000000000000000000000000000,
;tableau 48 de l'image 1 à pour solution : 9 
0010010000000000000000000000000000000000000000000000000000000000000000000000000000000000000000000000000000000000000000000000000000000000000000000000000000000000000000000000000001000000000000000110000000000100000011000110000011100000000000000000000000001000000001000001010001000000000000000010001100000000101000000000000001000000001110000000000000000000010000000000000000000001000000000000000000000000000000010000000000000000000010100001000000000000000000000000000000000000000000000000000100100010000000000000000000000000000000000000000000000000000000000000000000000000000000000000000000000000000000000000000000000000000000000000000000000000000000000000000000000000000000000000000000000000000000000000000000000000000000000000000000000000000000000000000000000000000000000000000000000000000000,
;tableau 49 de l'image 1 à pour solution : 9 
0010010000000000000000000000000000000000000000000000000000000000000000000000000000000000000000000000000000000000000000000000000000000000000000000000000000000000000000000000000000000000000000000001000000010001111000100000000000000000000000000000000000000000000000000000000000000000011000001000000000000010000010000000010000001010000000000000000100000010001000000000000000000100010100000100000000000000001000000000000000000000000000000000001100000000000000000101000001000000000000000000000010000000000000000000000000100000000000000000000000001000000000000000000000000000000000000000000000000000000000000000000000000000000000000000000000000000000000000000000000000000000000000000000000000000000000000000000000000000000000000000000000000000000000000000000000000000000000000000000000000000000000,
;tableau 50 de l'image 1 à pour solution : 9 
0010010000000000000000000000000000000000000000000000000000000000000000000000000000000000000000000000000000000000000000000000000000000000000000000000000000000000000000000000000100100000000000000000000000000000000000000000000100000000101100000000000000000000000101000100010000000000000000000111000011000000001000000000001000000000000000000000000010010000000000000000000000001000000010000000000000000000000000101000000000000000000010000000000000000000000000000010001000100000000000000000000000001010000000000000000000000000110000000000000000000000000000000000000000000000100000100000000000000000000000000000000000000000000000000000000000000000000000000000000000000000000000000000000000000000000000000000000000000000000000000000000000000000000000000000000000000000000000000000000000000000000000,
;tableau 51 de l'image 1 à pour solution : 9 
0010010000000000000000000000000000000000000000000000000000000000000000000000000000000000000000000000000000000000000000000000000000000000000000000000000000000000000000000000000000000000000000000010000000000000000000001000001000100000000000101000000000010000000000000000000000000100100000001000010000100010100000000000000010000000000000000000000001000001010000000000000000000000100000100000000000000000000000000101000000000000000000100000000100000000000000000000000010000000000000000000000000000000000000000000000000000000000000000000000000000000000000000000000000000000000000000000000000000000000000000000000000000000000000000000000000000000000000000000000000000000000000000000000000000000000000000000000000000000000000000000000000000000000000000000000000000000000000000000000000000000000000,
;tableau 52 de l'image 1 à pour solution : 9 
0010010000000000000000000000000000000000000000000000000000000000000000000000000000000000000000000000000000000000000000000000000000000000000000000000000000000000000000000000000111001000000000100000000000010001100000010000000000000000100100010000100000000001010100000000110000010000000000000010100000000000000000000000100100000000000000000000000100010000000000000000000000000000000000000000000000000000010001000000000000000000000000010001001000000000000000000000000000000000000000000000000101000000000000000000000000000000000000000000000000000000000000000000000000000000000000000000000000000000000000000000000000000000000000000000000000000000000000000000000000000000000000000000000000000000000000000000000000000000000000000000000000000000000000000000000000000000000000000000000000000000000000,
;tableau 53 de l'image 1 à pour solution : 9 
0010010000000000000000000000000000000000000000000000000000000000000000000000000000000000000000000000000000000000000000000000000000000000000000000000000000000000000000000000000000010100000001000000010000100000001100000010001000010011000010001100000000000000000001000011001000001001000000000000010000000000000000000000011010000000000000000000000010000000100000000000000000010000000101001000000000000000101000010000000000000000000001000000000000000000000000000000000001000000000000000000000010000010000000000000000000000000000000000000000000000000000000000000000000000000000000000000000000000000000000000000000000000000000000000000000000000000000000000000000000000000000000000000000000000000000000000000000000000000000000000000000000000000000000000000000000000000000000000000000000000000000000,
;tableau 54 de l'image 1 à pour solution : 9 
0010010000000000000000000000000000000000000000000000000000000000000000000000000000000000000000000000000000000000000000000000000000000000000000000000000000000000000000000000000000000000000000010001000000000000000000100000000000000000000000000001001000000001110100010000000000000000000000000000000000010000000000000000000000000000000000000000000000000000000000000000000000000001000010100100000000000000000010001010000000000000000000001000010000000000000000000100111000000000000000000000000000000000000000000000000000000000000000000000000000000000000000000000000000000000000000000000000000000000000000000000000000000000000000000000000000000000000000000000000000000000000000000000000000000000000000000000000000000000000000000000000000000000000000000000000000000000000000000000000000000000000000,
;tableau 55 de l'image 1 à pour solution : 9 
0010010000000000000000000000000000000000000000000000000000000000000000000000000000000000000000000000000000000000000000000000000000000000000000000000000000000000000000000000000000000000000000000000000000010000000010000000000010001101000000100000000000100000000001000000000000000001000100000001100000000000000000000000000000000010000000000000000000000000001100000000000000010000000000000000000000000000100000000000000000000000000000000001000000000000000000000001000000000000000000000000011100100100000000000000000000000000000000000000000000000000000010000000000000000000000000000000000000000000000000000000000000000000000000000000000000000000000000000000000000000000000000000000000000000000000000000000000000000000000000000000000000000000000000000000000000000000000000000000000000000000000000,
;tableau 56 de l'image 1 à pour solution : 9 
0010010000000000000000000000000000000000000000000000000000000000000000000000000000000000000000000000000000000000000000000000000000000000000000000000000000000000000000000000000010000000000000010000000000000000100001000001000000000000101010000101001000000000000000000010110000010000000010000100001000000000000000000000000001000000000000000000000011000110010000100000000000000010000000000000000000000000010001000010000000000000000011000100000100000000000000000000000100000000000000000000100000000000000000000000000000000000000000000000000000000000000000000000000000000000000000000000000000000000000000000000000000000000000000000000000000000000000000000000000000000000000000000000000000000000000000000000000000000000000000000000000000000000000000000000000000000000000000000000000000000000000000,
;tableau 57 de l'image 1 à pour solution : 9 
0010010000000000000000000000000000000000000000000000000000000000000000000000000000000000000000000000000000000000000000000000000000000000000000000000000000000000000000000000000000001100000010000000000000000011000000000000100000001000000000110000000000000000000000000000000000000000000000010001010010100000000000000000100000000000000010000000000100000001001001000000000000001100000000000000000000000000100000000000000000000000000000100000010000000000000000000000000000100000000000000000001000000100000000000000000000000000010000000000000000000000000000000000000000000000000000000000000000000000000000000000000000000000000000000000000000000000000000000000000000000000000000000000000000000000000000000000000000000000000000000000000000000000000000000000000000000000000000000000000000000000000000,
;tableau 58 de l'image 1 à pour solution : 9 
0010010000000000000000000000000000000000000000000000000000000000000000000000000000000000000000000000000000000000000000000000000000000000000000000000000000000000000000000000000000100000000000000101100000000100100001000000001100000000000000000000010000010000000100010000011000000100100000000000000001000100001000000000000000000000000000000000000000000000000000000000000000000000000100000000000000000000000000100000000000000000000000000100100000000000000000000001000001000000000000000000000000000000000000000000000000000000100000000000000000000000000000000000000000000000000000000000000000000000000000000000000000000000000000000000000000000000000000000000000000000000000000000000000000000000000000000000000000000000000000000000000000000000000000000000000000000000000000000000000000000000000000,
;tableau 59 de l'image 1 à pour solution : 9 
0010010000000000000000000000000000000000000000000000000000000000000000000000000000000000000000000000000000000000000000000000000000000000000000000000000000000000000000000000000000000000000000010010000000010001010000001000000000000000000100000000000000000000100000000000000000000000000000001100000100100000000000000000000000000000000000000000000000000100100000000000000000001000001000010000000000000000010000000000000000000000000001010000000000000000000000001110000000000000000000000000010100000100000000000000000000000000000000000000000000001000000000000000000000000000000000000000000000000000000000000000000000000000000000000000000000000000000000000000000000000000000000000000000000000000000000000000000000000000000000000000000000000000000000000000000000000000000000000000000000000000000000,
;tableau 60 de l'image 1 à pour solution : 9 
0010010000000000000000000000000000000000000000000000000000000000000000000000000000000000000000000000000000000000000000000000000000000000000000000000000000000000000000000000000010000000000100000000000000000000000010100000001011000000000000000101110010000000000100000000100000100000100000010010000000000000000000100000001001000010000001000000000111001001001000000000000000000000100000000000000000000000100100000000000000000000000000000100000000000000000000000000000000000000000000000000000000100000000000000000000000000000000000000000000000000000000000000000000000000000000000000000000000000000000000000000000000000000000000000000000000000000000000000000000000000000000000000000000000000000000000000000000000000000000000000000000000000000000000000000000000000000000000000000000000000000000000,
;tableau 61 de l'image 1 à pour solution : 9 
0010010000000000000000000000000000000000000000000000000000000000000000000000000000000000000000000000000000000000000000000000000000000000000000000000000000000000000000000000000000100000000010100100100000000000000000011000000000010000001000000000000000000010000001000100010000001000001000000000000000000010001000000010000000000000000000000000000000000000010000000000000000001000000000000000000000000000000011000000000000000000000001000000000000000000000000000000000100000000000000000000000101010000000000000000000000000000000000000000000000000000000000000000000000000000000000000000000000000000000000000000000000000000000000000000000000000000000000000000000000000000000000000000000000000000000000000000000000000000000000000000000000000000000000000000000000000000000000000000000000000000000000,
;tableau 62 de l'image 1 à pour solution : 9 
0010010000000000000000000000000000000000000000000000000000000000000000000000000000000000000000000000000000000000000000000000000000000000000000000000000000000000000000000000000000000100001000010000000000000001000001000000000001000000000000100000000000000000100000000000001000100000000100000000000000000000010000000000001000000000000001000000000101000000100000000000000000000000000000000000000000000000010000000000000000000000000000000100000000000000000000000000000000010000000000000000001000001000000000000000000000000000000000000000000000000000000010000000000000000000000000000000000000000000000000000000000000000000000000000000000000000000000000000000000000000000000000000000000000000000000000000000000000000000000000000000000000000000000000000000000000000000000000000000000000000000000000,
;tableau 63 de l'image 1 à pour solution : 9 
0010010000000000000000000000000000000000000000000000000000000000000000000000000000000000000000000000000000000000000000000000000000000000000000000000000000000000000000000000000000001000000000000000000000001010000000001000101000010000010111000010000000100100000000000000000000000000000000000000100000000000000000000001000001000000000000000000000000000110001100000000000000000101010000000000000000000000000010000010000000000000000000110000000000000000000000000001001100000000000000000000100101000000000000000000000000000000010000000000000000000000000000000000000000000000000000000000000000000000000000000000000000000000000000000000000000000000000000000000000000000000000000000000000000000000000000000000000000000000000000000000000000000000000000000000000000000000000000000000000000000000000000,
;tableau 64 de l'image 1 à pour solution : 9 
0010010000000000000000000000000000000000000000000000000000000000000000000000000000000000000000000000000000000000000000000000000000000000000000000000000000000000000000000000000000000000000010010100000000000000001000110010000010001000000000000001010010000000000010000001100100001000000010000000000000100100000100000000000000000001000000000000000000000000000001000000000000000000000000000000000000000000000001000000000000000000000000000010000000000000000000000000000000000000000000000000010000100000000000000000000000000000100000000000000000000000000000000000000000000000000000000000000000000000000000000000000000000000000000000000000000000000000000000000000000000000000000000000000000000000000000000000000000000000000000000000000000000000000000000000000000000000000000000000000000000000000000,
;tableau 65 de l'image 1 à pour solution : 9 
0010010000000000000000000000000000000000000000000000000000000000000000000000000000000000000000000000000000000000000000000000000000000000000000000000000000000000000000000000000000000100000100000000010000001000000000000000000000000000000000001000000000000000000000000000000000000000000000010000000000000010000000000000110000000100000010000000000000000001000110000000000000001000000110001000000000000000000010000000000000000000000000000000000100000000000000000010000000100000000000000000000000000000000000000000000000000001000000000000000000000000000000000000000000000000000000000000000000000000000000000000000000000000000000000000000000000000000000000000000000000000000000000000000000000000000000000000000000000000000000000000000000000000000000000000000000000000000000000000000000000000000000,
;tableau 66 de l'image 1 à pour solution : 9 
0010010000000000000000000000000000000000000000000000000000000000000000000000000000000000000000000000000000000000000000000000000000000000000000000000000000000000000000000000000000000000000000100000000000000100000000000100010000000000011010000000000000000000000100000000000001010000000000000100100001010000000000000000000000000010000101000000000010010000001000000000000000000000000001000000000000000000000000000000000000000000000001000101000000000000000000000000000000000000000000000000001100000000000000000000000000000000000000000000000000000000000000000000000000000000000000000000000000000000000000000000000000000000000000000000000000000000000000000000000000000000000000000000000000000000000000000000000000000000000000000000000000000000000000000000000000000000000000000000000000000000000000,
;tableau 67 de l'image 1 à pour solution : 9 
0010010000000000000000000000000000000000000000000000000000000000000000000000000000000000000000000000000000000000000000000000000000000000000000000000000000000000000000000000000101000000000000000010100000000011010110100000000101100000000000000001000000000000000000000001000000000000000000000000000100000000001000000000000000000100000000000000000000001001010000000000000000000011111010000000000000000000000010101000000000000000000010001000000000000000000000000100000000000000000000000000110000000000000000000000000000000001000000000000000000000000000000000000000000000000100000000000000000000000000000000000000000000000000000000000000000000000000000000000000000000000000000000000000000000000000000000000000000000000000000000000000000000000000000000000000000000000000000000000000000000000000000,
;tableau 68 de l'image 1 à pour solution : 9 
0010010000000000000000000000000000000000000000000000000000000000000000000000000000000000000000000000000000000000000000000000000000000000000000000000000000000000000000000000000000000100000100010000000000001000000000010000000000010000000000100010100010000001000000000010000000000001000000010000000000000010000000000000010000001000000000000000000100000000000000000000000000000000000000000000000000000000000000000000000000000000000000000000000000000000000000000000010000000000000000000000001000000000000000000000000000000000010000000000000000000000000000000000000000000000000000000000000000000000000000000000000000000000000000000000000000000000000000000000000000000000000000000000000000000000000000000000000000000000000000000000000000000000000000000000000000000000000000000000000000000000000000,
;tableau 69 de l'image 1 à pour solution : 9 
0010010000000000000000000000000000000000000000000000000000000000000000000000000000000000000000000000000000000000000000000000000000000000000000000000000000000000000000000000000100100000000000000001000000000010000000101000000001100000001000000000000100000100000000101000001000010000000100001001100100000000000000000000000000000000010000000000000011000000010000000000000000001000100000001000000000000001000010000000000000000000000000100000000100000000000000000100101000000000000000000000000000100100000000000000000000000000000000000000000000000000000000000000000000000000000000000000000000000000000000000000000000000000000000000000000000000000000000000000000000000000000000000000000000000000000000000000000000000000000000000000000000000000000000000000000000000000000000000000000000000000000000,
;tableau 70 de l'image 1 à pour solution : 9 
0010010000000000000000000000000000000000000000000000000000000000000000000000000000000000000000000000000000000000000000000000000000000000000000000000000000000000000000000000000000000100000000010000000000000100000000000010001010010000010101000000100010100000000100010000010000000000010000000000000000100000010000000000000001000000000000000000000000010000000000000000000000010000000100010000000000000000010100001000000000000000000000000001000000000000000000000010000000000000000000000000000000000000000000000000000000000000000000000000000000000000000010000000000000000000000000000000000000000000000000000000000000000000000000000000000000000000000000000000000000000000000000000000000000000000000000000000000000000000000000000000000000000000000000000000000000000000000000000000000000000000000000,
;tableau 71 de l'image 1 à pour solution : 9 
0010010000000000000000000000000000000000000000000000000000000000000000000000000000000000000000000000000000000000000000000000000000000000000000000000000000000000000000000000000011000000000000000001000000000011000000000000000000100000000000010010010100000100000000000000100000000100000000000010000000000100000000000000000010000000000001100000000010000101000000000000000000000000110000000000000000000000000000000000000000000000000000000100000000100000000000000000010100000000000000000000000000000000000000000000000000000000000000000000000000000000000000000000000000000000000000000000000000000000000000000000000000000000000000000000000000000000000000000000000000000000000000000000000000000000000000000000000000000000000000000000000000000000000000000000000000000000000000000000000000000000000000,
;tableau 72 de l'image 1 à pour solution : 9 
0010010000000000000000000000000000000000000000000000000000000000000000000000000000000000000000000000000000000000000000000000000000000000000000000000000000000000000000000000000000011000000000011000000000000000000000000000010000001001001001100000000000000000001000000100001010000000000000000100000000000000000000100000000000000000000000000000000000000010000000000000000000000000000000000000000000000000000000001000100000000000000001011000000000000000000000000001000000000000000000000000000001000000000000000000000000000000100000000000000000000000000010000000000000000000000000000000000000000000000000000000000000000000000000000000000000000000000000000000000000000000000000000000000000000000000000000000000000000000000000000000000000000000000000000000000000000000000000000000000000000000000000,
;tableau 73 de l'image 1 à pour solution : 9 
0010010000000000000000000000000000000000000000000000000000000000000000000000000000000000000000000000000000000000000000000000000000000000000000000000000000000000000000000000000000000000000000000010000000000000000000010001000000000000000000000000000010000001100000001000000000000000000000000001001000000000000000000011000000000001000000000000000000001000000000000000000000001011000010000000000000000000001000000000000000000000000000100000000100000000000000000000000000100000000000000000000100000000000000000000000001000000000000000000000000000000000000000000000000000000000000000000000000000000000000000000000000000000000000000000000000000000000000000000000000000000000000000000000000000000000000000000000000000000000000000000000000000000000000000000000000000000000000000000000000000000000000,
;tableau 74 de l'image 1 à pour solution : 9 
0010010000000000000000000000000000000000000000000000000000000000000000000000000000000000000000000000000000000000000000000000000000000000000000000000000000000000000000000000000000100000000000000100000000000010000000000000000000001001010000001000000000100010000000100000000000000001000000001000000000000010000000000000110000000000100100000000000110000010001000000000000000000000000000000000000000000000000001000000000000000000000001000000000000000000000000000010001001000000000000000000011001110000000000000000000000000000100000000000000000000000000000000000000000000000000000000000000000000000000000000000000000000000000000000000000000000000000000000000000000000000000000000000000000000000000000000000000000000000000000000000000000000000000000000000000000000000000000000000000000000000000000,
;tableau 75 de l'image 1 à pour solution : 9 
0010010000000000000000000000000000000000000000000000000000000000000000000000000000000000000000000000000000000000000000000000000000000000000000000000000000000000000000000000000000000000000000000000000000100000000000000100000100010000000010000010000000000100000001000000000010000000000000000000010100000000000000000000000000001000010010000000000000100000000000000000000000000000000000010000000000000000000000000001000000000000000000010000001000000000000000000000000000000000000000000000000100000000000000000000000000000001000000000000000000000000000000000000000000000000000000000000000000000000000000000000000000000000000000000000000000000000000000000000000000000000000000000000000000000000000000000000000000000000000000000000000000000000000000000000000000000000000000000000000000000000000000,
;tableau 76 de l'image 1 à pour solution : 9 
0010010000000000000000000000000000000000000000000000000000000000000000000000000000000000000000000000000000000000000000000000000000000000000000000000000000000000000000000000000000000000000010111000000000000001001000000000010010000000000000001000010000000001001000100000000100000000000000000010000000010000000100000000001100000010000000000000000000001000001000010000000000000000000000000000000000000000000000000000100000000000000001000000000100000000000000000000000100100000000000000000100000110000000000000000000001000000000000000000000000000000000000000000000000000000000000000000000000000000000000000000000000000000000000000000000000000000000000000000000000000000000000000000000000000000000000000000000000000000000000000000000000000000000000000000000000000000000000000000000000000000000000,
;tableau 77 de l'image 1 à pour solution : 9 
0010010000000000000000000000000000000000000000000000000000000000000000000000000000000000000000000000000000000000000000000000000000000000000000000000000000000000000000000000000000010000000000000001000000000000000000000000000000100001100010000000000000000000100010000100010000000000000000010000000001000100000000000000000000100000000000000000000000000100100100000000000000000001000101001000000000000000000000000001000000000000000000000100000000000000000000000100100000000000000000000000000000000000000000000000000000000000000000000000000000001000000000000000000000000000000000000000000000000000000000000000000000000000000000000000000000000000000000000000000000000000000000000000000000000000000000000000000000000000000000000000000000000000000000000000000000000000000000000000000000000000000000,
;tableau 78 de l'image 1 à pour solution : 9 
0010010000000000000000000000000000000000000000000000000000000000000000000000000000000000000000000000000000000000000000000000000000000000000000000000000000000000000000000000000000100000000000000000000000010010000010010000100010010000000000000010000000000000000000000000000110000000000100000000000000000010000000000000000000000001100000000000000010011000001001000000000000000000000010000000000000000000001000101000000000000000000001000000000100000000000000000000001000000000000000000000001000000000000000000000000000000000000000000000000000000000000000000000000000000000000000000000000000000000000000000000000000000000000000000000000000000000000000000000000000000000000000000000000000000000000000000000000000000000000000000000000000000000000000000000000000000000000000000000000000000000000000,
;tableau 79 de l'image 1 à pour solution : 9 
0010010000000000000000000000000000000000000000000000000000000000000000000000000000000000000000000000000000000000000000000000000000000000000000000000000000000000000000000000000000000000000000000000000000000000010100000000010000001000000000000000100010000000000000000000000000000011000000010101110000000000001000000000000000001100000000000000000001000000000100000000000000000000010100000000000000000000100000010000000000000000000000000001010000000000000000000000010000100000000000000000000000010000000000000000000001000000010000000000000000000000000000000000000000000000000000000000000000000000000000000000000000000000000000000000000000000000000000000000000000000000000000000000000000000000000000000000000000000000000000000000000000000000000000000000000000000000000000000000000000000000000000,
;tableau 80 de l'image 1 à pour solution : 9 
0010010000000000000000000000000000000000000000000000000000000000000000000000000000000000000000000000000000000000000000000000000000000000000000000000000000000000000000000000000000000000000001100000000000000000100000000000000000000001000000100001000100000000000000000010000000000000000100000010001000001001000000000000000101000000010000000000000100000100010000000000000000010000000000000000000000000000000000000000000000000000000000000000000000000000000000001001000101010000000000000000000000001000000000000000000000000001000000000000000000000000000000000000000000000000000000000000000000000000000000000000000000000000000000000000000000000000000000000000000000000000000000000000000000000000000000000000000000000000000000000000000000000000000000000000000000000000000000000000000000000000000000,
;tableau 81 de l'image 1 à pour solution : 9 
0010010000000000000000000000000000000000000000000000000000000000000000000000000000000000000000000000000000000000000000000000000000000000000000000000000000000000000000000000000100000000000010000000000000000000001100000000000000010000000001000000000000000000000001000000000000000010010000000000000000000000100000000000001000001000000000100000000010000000000001000000000000000000100000010000000000000000000000000001000000000000000000001000000000000000000000000100000000000000000000000000000000000000000000000000000000000000000000000000000000000000000000000000000000000000000000000000000000000000000000000000000000000000000000000000000000000000000000000000000000000000000000000000000000000000000000000000000000000000000000000000000000000000000000000000000000000000000000000000000000000000000000,
;tableau 82 de l'image 1 à pour solution : 9 
0010010000000000000000000000000000000000000000000000000000000000000000000000000000000000000000000000000000000000000000000000000000000000000000000000000000000000000000000000000000000000000000100001000000001000000001000000000000000000001000000000000000000010000010001000000000000000101000001000110000000010000000000000100000000000000000000000000001000000000000000000000000000000010000001000000000000000110000001000000000000000000000000000101100000000000000000000000100100000000000000000001000100000000000000000000000000000000000000000000000000000000000000000000000000000000000000000000000000000000000000000000000000000000000000000000000000000000000000000000000000000000000000000000000000000000000000000000000000000000000000000000000000000000000000000000000000000000000000000000000000000000000,
;tableau 83 de l'image 1 à pour solution : 9 
0010010000000000000000000000000000000000000000000000000000000000000000000000000000000000000000000000000000000000000000000000000000000000000000000000000000000000000000000000000000000000000000011000000000000110110000000010000100000000010001010000000010000000000001000000000100000000000000000000000100000000101000000000000000000001000000000000000100000000001000000000000000000001101000010000000000000000000001100000000000000000000000000000000000000000000000000000000000000000000000000000100000000000000000000000000000000000010000000000000000000000000000000000000000000000000000000000000000000000000000000000000000000000000000000000000000000000000000000000000000000000000000000000000000000000000000000000000000000000000000000000000000000000000000000000000000000000000000000000000000000000000000,
;tableau 84 de l'image 1 à pour solution : 9 
0010010000000000000000000000000000000000000000000000000000000000000000000000000000000000000000000000000000000000000000000000000000000000000000000000000000000000000000000000000100000000000100000000000000000000000000101000000000111000000000000000010000000000100000000010010000000010000000000100000000000001000000000000000000000000000101000000000000001001000000100000000000000010000000000000000000000000000000010000000000000000000000000000010000000000000000000001010000000000000000000000000101000000000000000000000000100000100000000000000000000000000000000000000000000000000000000000000000000000000000000000000000000000000000000000000000000000000000000000000000000000000000000000000000000000000000000000000000000000000000000000000000000000000000000000000000000000000000000000000000000000000000,
;tableau 85 de l'image 1 à pour solution : 9 
0010010000000000000000000000000000000000000000000000000000000000000000000000000000000000000000000000000000000000000000000000000000000000000000000000000000000000000000000000000000011000000000000001100000001100000001000000000000000000000001100000000000000000000001000100000000100000000100000000000100000000001001000001000000001000000010000000000001000000000000000000000000000000100100000000000000000000001001000000000000000000000000001000000100000000000000000010101110000000000000000000000000000000000000000000000010000000000000000000000000000000000000000000000000000000000000000000000000000000000000000000000000000000000000000000000000000000000000000000000000000000000000000000000000000000000000000000000000000000000000000000000000000000000000000000000000000000000000000000000000000000000000,
;tableau 86 de l'image 1 à pour solution : 9 
0010010000000000000000000000000000000000000000000000000000000000000000000000000000000000000000000000000000000000000000000000000000000000000000000000000000000000000000000000000000000000000000000010000000000000001110000010000001000000000100010000010000000001000000000000000000000000100000011100000000001000000000000000100000010000000000000000000100000000000100000000100000000100001010000000000000000000010110011000000000000000000000000000000000000000000000000000000000100000000000000000000000000100000000000000000000000001100000000000000000000000000000000000000000000000000000000000000000000000000000000000000000000000000000000000000000000000000000000000000000000000000000000000000000000000000000000000000000000000000000000000000000000000000000000000000000000000000000000000000000000000000000,
;tableau 87 de l'image 1 à pour solution : 9 
0010010000000000000000000000000000000000000000000000000000000000000000000000000000000000000000000000000000000000000000000000000000000000000000000000000000000000000000000000000000000000000000010100100000000000000000000100001000100000000000000000001000010000000000001001000000000000000000000001000000000000000000000001000000100000000000000000000000000010000000000000000000000000000000000000000000000000001000000000100000000000000001000010000000000000000000000000100000000000000000000000000010000000000000000000000000000000000000000000000000000000000000000000000000000000000000000000000000000000000000000000000000000000000000000000000000000000000000000000000000000000000000000000000000000000000000000000000000000000000000000000000000000000000000000000000000000000000000000000000000000000000000,
;tableau 88 de l'image 1 à pour solution : 9 
0010010000000000000000000000000000000000000000000000000000000000000000000000000000000000000000000000000000000000000000000000000000000000000000000000000000000000000000000000000000000000000000000001000000000000100000000000100000000010010110000000010001000000000000000000000000000100000000000000000000000000000000010000001000010000000000000000000000000000100000000000000000000000100010010000000000000000100000000100000000000000000000000001100000000000000000000000001000000000000000000000000000011010000000000000000001000000000000000000000000000000000010000000000000000000000000000000000000000000000000000000000000000000000000000000000000000000000000000000000000000000000000000000000000000000000000000000000000000000000000000000000000000000000000000000000000000000000000000000000000000000000000,
;tableau 89 de l'image 1 à pour solution : 9 
0010010000000000000000000000000000000000000000000000000000000000000000000000000000000000000000000000000000000000000000000000000000000000000000000000000000000000000000000000000000000000000110001010000000010000010100100010010000000000000000000000000000100000000000000000001000000000000000000000000000011000000000000000000000100010001000000000000010100001000000000000000000000001000100000000000000000000000000000000100000000000000000000000000000000000000000000000000110000000000000000000000000000000000000000000000010000000000000000000000000001000000000000000000000000000000000000000000000000000000000000000000000000000000000000000000000000000000000000000000000000000000000000000000000000000000000000000000000000000000000000000000000000000000000000000000000000000000000000000000000000000000000,
;tableau 90 de l'image 1 à pour solution : 9 
0010010000000000000000000000000000000000000000000000000000000000000000000000000000000000000000000000000000000000000000000000000000000000000000000000000000000000000000000000000000010000000000000000000000000001100010000000000001000001000010000000000000000000000111000000000000000000000000000000000000000000000100000000000100000000010000000000000100000000100000000000000000000010100001000000000000000000001100000000000000000000000000100000000100000000000000000000001000000000000000000000011110000000000000000000000000000000000000000000000000000000000000000000000000000000000000000000000000000000000000000000000000000000000000000000000000000000000000000000000000000000000000000000000000000000000000000000000000000000000000000000000000000000000000000000000000000000000000000000000000000000000000,
;tableau 91 de l'image 1 à pour solution : 9 
0010010000000000000000000000000000000000000000000000000000000000000000000000000000000000000000000000000000000000000000000000000000000000000000000000000000000000000000000000000000100100000000000010000000001100000000000001010000010000000000001000000001001000000000000000011000010010000000000000000000001000000000000000000001010001000000000000000001001010010001000000000000010000000000001000000000000000000000000000000000000000000000001000000000000000000000000100000000100000000000000000000000000000000000000000000000000000010000000000000000000000000000000000000000000000000000000000000000000000000000000000000000000000000000000000000000000000000000000000000000000000000000000000000000000000000000000000000000000000000000000000000000000000000000000000000000000000000000000000000000000000000000,
;tableau 92 de l'image 1 à pour solution : 9 
0010010000000000000000000000000000000000000000000000000000000000000000000000000000000000000000000000000000000000000000000000000000000000000000000000000000000000000000000000000000000000000000000000000000000010000000000000000000000000010001000000000000000000000000000000000001000000000000000100000000000000101000000001000000100000000000000000000000000000000000000000000000000000000011000000000000000000000000000000000000000000000000100000000000000000000000000000000000000000000000000000100000000000000000000000000000000000000000000000000000000000000000000000000000000000000000000000000000000000000000000000000000000000000000000000000000000000000000000000000000000000000000000000000000000000000000000000000000000000000000000000000000000000000000000000000000000000000000000000000000000000000000,
;tableau 93 de l'image 1 à pour solution : 9 
0010010000000000000000000000000000000000000000000000000000000000000000000000000000000000000000000000000000000000000000000000000000000000000000000000000000000000000000000000000110000100000010100100000000000100000000010110000011100000001010010100011000000100001010100000000000000000000000001000000100001000000000000000000000000100100010000000000000000010000000000000000000000000000100000000000000000000001000000000000000000000000011000000001100000000000000001000100000100000000000000000000001000000000000000000000010000000000000000000000000000000000010000000000000000000000000000000000000000000000000000000000000000000000000000000000000000000000000000000000000000000000000000000000000000000000000000000000000000000000000000000000000000000000000000000000000000000000000000000000000000000000000,
;tableau 94 de l'image 1 à pour solution : 9 
0010010000000000000000000000000000000000000000000000000000000000000000000000000000000000000000000000000000000000000000000000000000000000000000000000000000000000000000000000000000010000000101010001000000000010000000001000000000000000100001000000000000000000000000000000000000000001000010000000100001000010000000000000000000001000000000000000000000110000000000000000000000000010000000000000000000000000000010000000000000000000000000001000000000000000000000000101010010000000000000000000010000000000000000000000000000000000000000000000000000000000000000000000000000000000000000000000000000000000000000000000000000000000000000000000000000000000000000000000000000000000000000000000000000000000000000000000000000000000000000000000000000000000000000000000000000000000000000000000000000000000000000,
;tableau 95 de l'image 1 à pour solution : 9 
0010010000000000000000000000000000000000000000000000000000000000000000000000000000000000000000000000000000000000000000000000000000000000000000000000000000000000000000000000000000000100000000000000000000011000000010010000001000000000010010000000000000000001000001011100000000010000100000010000000000000000000010000000010000000000000000000000000110000010000010000000000000000000000101000000000000000000010000001000000000000000000000000001001000100000000000000000100000000000000000000000000000000000000000000000000000000000100000000000000000001000000000000000000000000000000000000000000000000000000000000000000000000000000000000000000000000000000000000000000000000000000000000000000000000000000000000000000000000000000000000000000000000000000000000000000000000000000000000000000000000000000000,
;tableau 96 de l'image 1 à pour solution : 9 
0010010000000000000000000000000000000000000000000000000000000000000000000000000000000000000000000000000000000000000000000000000000000000000000000000000000000000000000000000000010010000000001000100000000000000000000100001000100000000001000001100000000000000000000000001101000100000000000000000000100000100000000000000100100000010000000000000000000001000000000010000000000000000000010000000000000000000001001000000000000000000000010000100000000000000000000000000000111000000000000000000001010100010000000000000000000000000000000000000000000000000000010000000000000000000000000000000000000000000000000000000000000000000000000000000000000000000000000000000000000000000000000000000000000000000000000000000000000000000000000000000000000000000000000000000000000000000000000000000000000000000000000,
;tableau 97 de l'image 1 à pour solution : 9 
0010010000000000000000000000000000000000000000000000000000000000000000000000000000000000000000000000000000000000000000000000000000000000000000000000000000000000000000000000000000000000000010000000000000000011100000000000000011010000100000000001100001000000000010000000000000000000100010000000100000010001001000000000001000000000000000000000000100000110000000000000000000000010000000000100000000000000000100010000000000000000000000001000001000000000000000000000000000000000000000000000000100001000000000000000000000000000000000000000000000000000000000000000000000000000000000000000000000000000000000000000000000000000000000000000000000000000000000000000000000000000000000000000000000000000000000000000000000000000000000000000000000000000000000000000000000000000000000000000000000000000000000,
;tableau 98 de l'image 1 à pour solution : 9 
0010010000000000000000000000000000000000000000000000000000000000000000000000000000000000000000000000000000000000000000000000000000000000000000000000000000000000000000000000000100000000000000101001000000000100000100000000000000000010000000010000001100000000100100000000110000000000000000100000000000100100000000000000010000000000000000000000000011100000000100000000000000011001100000001000000000000000000001000010100000000000000000000000000000000000000000000000000000000000000000000000000000000000000000000000000000000000000000000000000000000000000000000000000000000000000000000000000000000000000000000000000000000000000000000000000000000000000000000000000000000000000000000000000000000000000000000000000000000000000000000000000000000000000000000000000000000000000000000000000000000000000000,
;tableau 99 de l'image 1 à pour solution : 9 
0010010000000000000000000000000000000000000000000000000000000000000000000000000000000000000000000000000000000000000000000000000000000000000000000000000000000000000000000000000000000100000000010010000000000000100000000000010000100000100000000001000000000000000000000000000000000000000000000000100000000000001000000010000000000000000000000000000000000000000000000000000000000100000000000000000000000000000100000000000000000000000000000000010000000000000000001000001000000000000000000000000000100000000000000000000000100000110000000000000000000000000000000000000000000000001000000000000000000000000000000000000000000000000000000000000000000000000000000000000000000000000000000000000000000000000000000000000000000000000000000000000000000000000000000000000000000000000000000000000000000000000000,
;tableau 100 de l'image 1 à pour solution : 9 
0010010000000000000000000000000000000000000000000000000000000000000000000000000000000000000000000000000000000000000000000000000000000000000000000000000000000000000000000000000010100000000000000000000000001000001100010000000100000000000000000000000000000000000100000010100001001000000000000000000000100000000000000000000000110000100000000000000000000011000000000000000000000000000000000000000000000000001000000000000000000000000000110010001100000000000000000001000000000000000000000000000100000000000000000000000000000000000000000000000000001000000000000000000000000000000000000000000000000000000000000000000000000000000000000000000000000000000000000000000000000000000000000000000000000000000000000000000000000000000000000000000000000000000000000000000000000000000000000000000000000000000000,
;tableau 101 de l'image 1 à pour solution : 9 
0010010000000000000000000000000000000000000000000000000000000000000000000000000000000000000000000000000000000000000000000000000000000000000000000000000000000000000000000000000000010000000010000000000000000010100000101010000010000000000001000001000100000000100010000000000000000000000000000001001000000100000000100010010100000100000000000000000100010000000000000000000000000000000001010000000000000000000000100000000000000000000000000000000000000000000000001000000000000000000000000000000000000000000000000000000000000000100000000000000000000000000000000000000000000000100000000000000000000000000000000000000000000000000000000000000000000000000000000000000000000000000000000000000000000000000000000000000000000000000000000000000000000000000000000000000000000000000000000000000000000000000000,
;tableau 102 de l'image 1 à pour solution : 9 
0010010000000000000000000000000000000000000000000000000000000000000000000000000000000000000000000000000000000000000000000000000000000000000000000000000000000000000000000000000000000000000100001000100000000000000110000000000000010000000010000000000000001000000000001000000001000000000000010000000000100000000100000000100000010001100000000000000001000000100001000000000000010000000000000000000000000000000000001001000000000000000000001000100000000000000000000100000000000000000000000000010000000000000000000000000000000001000000000000000000000000000000000000000000000000000000000000000000000000000000000000000000000000000000000000000000000000000000000000000000000000000000000000000000000000000000000000000000000000000000000000000000000000000000000000000000000000000000000000000000000000000000,
;tableau 103 de l'image 1 à pour solution : 9 
0010010000000000000000000000000000000000000000000000000000000000000000000000000000000000000000000000000000000000000000000000000000000000000000000000000000000000000000000000000000000000000000000010000000000001001000000010000000000000000000001000000000000000000100000000001000010000000110000010001000000100100000100001000000000000000000000000000100000000000000000000000000000100000000000000000000000000000100000000000000000000000010000000000000000000000000000000000100100000000000000000000000000100000000000000000001000000100000000000000000000000000000000000000000000000000000000000000000000000000000000000000000000000000000000000000000000000000000000000000000000000000000000000000000000000000000000000000000000000000000000000000000000000000000000000000000000000000000000000000000000000000000,
;tableau 104 de l'image 1 à pour solution : 9 
0010010000000000000000000000000000000000000000000000000000000000000000000000000000000000000000000000000000000000000000000000000000000000000000000000000000000000000000000000000000011100000011000000000000000000000100000000000000001000000000010000000000000000110001000000000110000000100000000100000000010000001000000000010010000000000100000000000000010100000000100000000000000000010100000000000000000001000010000100000000000000000000000000000000000000000000000000000000000000000000000000100000101000000000000000000010000001000000000000000000000000000000000000000000000000000000000000000000000000000000000000000000000000000000000000000000000000000000000000000000000000000000000000000000000000000000000000000000000000000000000000000000000000000000000000000000000000000000000000000000000000000000,
;tableau 105 de l'image 1 à pour solution : 9 
0010010000000000000000000000000000000000000000000000000000000000000000000000000000000000000000000000000000000000000000000000000000000000000000000000000000000000000000000000000000000000000000000010000000000010000000000001000000000000000000000000000100000100000000100101100000001001000000000000001001000000010000000000000100000100000000000000000000000000000000000000000000000110001000000000000000000000001001100000000000000000000000100100000000000000000000000000101000000000000000000000000000000000000000000000000000000000000000000000000000001000000000000000000000000000000000000000000000000000000000000000000000000000000000000000000000000000000000000000000000000000000000000000000000000000000000000000000000000000000000000000000000000000000000000000000000000000000000000000000000000000000000,
;tableau 106 de l'image 1 à pour solution : 9 
0010010000000000000000000000000000000000000000000000000000000000000000000000000000000000000000000000000000000000000000000000000000000000000000000000000000000000000000000000000000000000000000000001000000000000000110001000100000000000000000000101000000000000000000000000000000000100001000001000010000000000000000000000100000000000000000000000000000001000000000000000000000010001000000010000000000000000000000001000000000000000000010000010000000000000000000000000010000000000000000000000001000000000000000000000000000000000000000000000000000000000000010000000000000000000000000000000000000000000000000000000000000000000000000000000000000000000000000000000000000000000000000000000000000000000000000000000000000000000000000000000000000000000000000000000000000000000000000000000000000000000000000,
;tableau 107 de l'image 1 à pour solution : 9 
0010010000000000000000000000000000000000000000000000000000000000000000000000000000000000000000000000000000000000000000000000000000000000000000000000000000000000000000000000000000000000000001010100000000010000011000000100010000000000000000101000001000001000000000001000001000001000000000000000000010000000000100000000000000101000000000000000000110000000010000000000000000000000000000000000000000000000011001000101000000000000000000100000000000000000000000001100000000000000000000000000010000000000000000000000000000000000000000000000000000001000000000000000000000000000000000000000000000000000000000000000000000000000000000000000000000000000000000000000000000000000000000000000000000000000000000000000000000000000000000000000000000000000000000000000000000000000000000000000000000000000000000,
;tableau 108 de l'image 1 à pour solution : 9 
0010010000000000000000000000000000000000000000000000000000000000000000000000000000000000000000000000000000000000000000000000000000000000000000000000000000000000000000000000000000010000000000001000000000000010100000000010000000100000001100010000000000000000000100000001100000010001100000000000000101000010000000000000000000010100000000000000000000000000000000010000000000000010100000101000000000000000000000001000100000000000000000001000000000000000000000000000000000000000000000000000001000100000000000000000000000000000000000000000000000000000000000000000000000000000000000000000000000000000000000000000000000000000000000000000000000000000000000000000000000000000000000000000000000000000000000000000000000000000000000000000000000000000000000000000000000000000000000000000000000000000000000,
;tableau 109 de l'image 1 à pour solution : 9 
0010010000000000000000000000000000000000000000000000000000000000000000000000000000000000000000000000000000000000000000000000000000000000000000000000000000000000000000000000000000000000000100000000000000000100000000010100000000010000000000000100000000000100000000010000010101000100000000001000000000000000000000000000000010001000000010000000000000100000000000000000000000000000000000000000000000000000100101000000000000000000000001000000000000000000000000000100000000000000000000000000010000000000000000000000000000000000000000000000000000000000000000000000000000000000000000000000000000000000000000000000000000000000000000000000000000000000000000000000000000000000000000000000000000000000000000000000000000000000000000000000000000000000000000000000000000000000000000000000000000000000000000,
;tableau 110 de l'image 1 à pour solution : 9 
0010010000000000000000000000000000000000000000000000000000000000000000000000000000000000000000000000000000000000000000000000000000000000000000000000000000000000000000000000000000000100000000001000000000001000011100000000000000000000001000100000000000000001100100000000000000000000000000000000000110100000100000010000000100100010000000000000000000000000000000000000000000000000001000000000000000000000000010000001000000000000000000000000000000000000000000000000000000000000000000000000000010100000000000000000000000000000000000000000000000000000000000000000000000000000000000000000000000000000000000000000000000000000000000000000000000000000000000000000000000000000000000000000000000000000000000000000000000000000000000000000000000000000000000000000000000000000000000000000000000000000000000,
;tableau 111 de l'image 1 à pour solution : 9 
0010010000000000000000000000000000000000000000000000000000000000000000000000000000000000000000000000000000000000000000000000000000000000000000000000000000000000000000000000001000100000000100100010000000000000100010010000101100000001000000000000100000000000001000000000001000000000000000000100000000000101000000000000000000010000000000000000000101010100000000000000000000000010000000001000000000000000000000000000000000000000000000000010000000000000000000001000000000000000000000000000000000000000000000000000000000000000000000000000000000000000000000000000000000000000000000000000000000000000000000000000000000000000000000000000000000000000000000000000000000000000000000000000000000000000000000000000000000000000000000000000000000000000000000000000000000000000000000000000000000000000000000,
;tableau 112 de l'image 1 à pour solution : 9 
0010010000000000000000000000000000000000000000000000000000000000000000000000000000000000000000000000000000000000000000000000000000000000000000000000000000000000000000000000000000001000000000000100000000000001000000000000000000000000000000001100000000000000000001000001000000001000000100000000000111000000000000000000000000000000000000000000000000000000110000000000000000001100000000000000000000000000000010001000000000000000000000000000001000000000000000000000010000000000000000000000000000100000000000000000000000000001000000000000000000000000000000000000000000000000000000000000000000000000000000000000000000000000000000000000000000000000000000000000000000000000000000000000000000000000000000000000000000000000000000000000000000000000000000000000000000000000000000000000000000000000000000,
;tableau 113 de l'image 1 à pour solution : 9 
0010010000000000000000000000000000000000000000000000000000000000000000000000000000000000000000000000000000000000000000000000000000000000000000000000000000000000000000000000000010000000000000010010000000010100000100001000000000000000100000100000000010000000100100000000001001000100010000000001000000001000000010000000001000000011000100000000000000100000000000000000000000000000001010000000000000000000000001000000000000000000000000000000100000000000000000000001100000000000000000000000000000000000000000000000000000000000000000000000000000001000000000000000000000000000000000000000000000000000000000000000000000000000000000000000000000000000000000000000000000000000000000000000000000000000000000000000000000000000000000000000000000000000000000000000000000000000000000000000000000000000000000,
;tableau 114 de l'image 1 à pour solution : 9 
0010010000000000000000000000000000000000000000000000000000000000000000000000000000000000000000000000000000000000000000000000000000000000000000000000000000000000000000000000000000100000000011100001000000000001010000010100000000000000001000000100000001000000000000000000000000000000100000000000000000010000000000000000000000000000000010000000000010000000000000000000000000000100000000000000000000000000000000010000000000000000000000110000001000000000000000000100001000000000000000000000000000010000100000000000000000000000000000000000000000000000000000000000000000000000000000000000000000000000000000000000000000000000000000000000000000000000000000000000000000000000000000000000000000000000000000000000000000000000000000000000000000000000000000000000000000000000000000000000000000000000000000,
;tableau 115 de l'image 1 à pour solution : 9 
0010010000000000000000000000000000000000000000000000000000000000000000000000000000000000000000000000000000000000000000000000000000000000000000000000000000000000000000000000000000010000000000010000000000000000000000000000000100010000000001000000000000000001101000001000000000110000000000000100000100000010000000000000010000000000000100000000000000001000000010000000000000000000000000100000000000000000100000000000000000000000000010001100000000000000000000000000000000000000000000000000001000000000000000000000000001000000100000000000000000000000000000000000000000000000000000000000000000000000000000000000000000000000000000000000000000000000000000000000000000000000000000000000000000000000000000000000000000000000000000000000000000000000000000000000000000000000000000000000000000000000000000,
;tableau 116 de l'image 1 à pour solution : 9 
0010010000000000000000000000000000000000000000000000000000000000000000000000000000000000000000000000000000000000000000000000000000000000000000000000000000000000000000000000000100000000000000001010100000010001000010000000010000000000001010000000000010000000000000000000000000001010000000001000000000000000000000000000000000100000000000000000000000000000100000000000000000000000100000000000000000000000000000000000000000000000000000000010000000000000000000000000000100000000000000000000000011000100000000000000000000000000010000000000000000000000000000000000000000000000000000000000000000000000000000000000000000000000000000000000000000000000000000000000000000000000000000000000000000000000000000000000000000000000000000000000000000000000000000000000000000000000000000000000000000000000000000,
;tableau 117 de l'image 1 à pour solution : 9 
0010010000000000000000000000000000000000000000000000000000000000000000000000000000000000000000000000000000000000000000000000000000000000000000000000000000000000000000000000001000000100000000100100000000000010000101000000000000100000000000100000000000000010000001000010000000100100001000000100000000000000000000000000000001010010000100000000000100000000000000000000000000000101000000000000000000000000001000000000000000000000000010000000100100000000000000000000000000000000000000000000000000000000000000000000000001000000000000000000000000000000000000000000000000000000000000000000000000000000000000000000000000000000000000000000000000000000000000000000000000000000000000000000000000000000000000000000000000000000000000000000000000000000000000000000000000000000000000000000000000000000000000,
;tableau 118 de l'image 1 à pour solution : 9 
0010010000000000000000000000000000000000000000000000000000000000000000000000000000000000000000000000000000000000000000000000000000000000000000000000000000000000000000000000000000000000011000000010000000000000001000010000010000000000000010000000000000000000000010100000100000000000000000000010010000010000000000000000000000000001000000000000000000100000000000100000000000000000000000001000000000000000000010001000000000000000000000000100000000000000000000000001000010100000000000000000000001010000000000000000000000000000000000000000000000000000000000000000000000000000000000000000000000000000000000000000000000000000000000000000000000000000000000000000000000000000000000000000000000000000000000000000000000000000000000000000000000000000000000000000000000000000000000000000000000000000000000,
;tableau 119 de l'image 1 à pour solution : 9 
0010010000000000000000000000000000000000000000000000000000000000000000000000000000000000000000000000000000000000000000000000000000000000000000000000000000000000000000000000000100101000000000000000000000000000000000000100000110000000001000000000000000000000000100001000000100010000000000001000000000000000000000000000000000101100000000000000000001000010000000000000000000000100010010000000000000000000000000000000000000000000000000100000000000000000000000000000000000000000000000000000010000000000000000000000000000000000000000000000000000001000000010000000000000000000000000000000000000000000000000000000000000000000000000000000000000000000000000000000000000000000000000000000000000000000000000000000000000000000000000000000000000000000000000000000000000000000000000000000000000000000000000,
;tableau 120 de l'image 1 à pour solution : 9 
0010010000000000000000000000000000000000000000000000000000000000000000000000000000000000000000000000000000000000000000000000000000000000000000000000000000000000000000000000000011000100000000000101000000011000010000100000000001000000000001010000000000000000000000000000000001000000000000000010000000000000000000000010100000000000000000000000000000000001000000000000000000000000000000100000000000000000000000000001000000000000000000001000000000000000000000000000001000100000000000000000100000010000000000000000000000000000000000000000000000000000000000000000000000000000000000000000000000000000000000000000000000000000000000000000000000000000000000000000000000000000000000000000000000000000000000000000000000000000000000000000000000000000000000000000000000000000000000000000000000000000000000,
;tableau 121 de l'image 1 à pour solution : 9 
0010010000000000000000000000000000000000000000000000000000000000000000000000000000000000000000000000000000000000000000000000000000000000000000000000000000000000000000000000000000000000000000000000000000000010000100000000010000010001000000000000000010100000100011000010101000001000000000000000000001010000000000000000010010000100000010000000000000000000100000000000000000000000000000000000000000000000101100100000000000000000000000000000000000000000000000000010000000000000000000000000000000000000000000000000000000000000000000000000000000000000000000000000000000000000000000000000000000000000000000000000000000000000000000000000000000000000000000000000000000000000000000000000000000000000000000000000000000000000000000000000000000000000000000000000000000000000000000000000000000000000000000,
;tableau 122 de l'image 1 à pour solution : 9 
0010010000000000000000000000000000000000000000000000000000000000000000000000000000000000000000000000000000000000000000000000000000000000000000000000000000000000000000000000000010000000000000000100000000001000001010001000000000000010101010100000010000000000000000010000000100010000011000000101000000000000000010000000000000000000000101000000000010001000000000000000000000000000100101000000000000000000000000000001000000000000000000000000000000000000000000000000000000010000000000000000000000101000000000000000000000000000000000000000000000000000000000000000000000000000000000000000000000000000000000000000000000000000000000000000000000000000000000000000000000000000000000000000000000000000000000000000000000000000000000000000000000000000000000000000000000000000000000000000000000000000000000,
;tableau 123 de l'image 1 à pour solution : 9 
0010010000000000000000000000000000000000000000000000000000000000000000000000000000000000000000000000000000000000000000000000000000000000000000000000000000000000000000000000000000000000000101000010000000000001000001100001000001000001000000000010000000000000000000000001000010000100000000000000000100000000000000000000100000000000000000000000000000000000000100000000000000000000000010010000000000000000100000000010000000000000000010110000000000000000000000000000001000000000000000000000000001000000000000000000000000000000100000000000000000001000000000000000000000000000000000000000000000000000000000000000000000000000000000000000000000000000000000000000000000000000000000000000000000000000000000000000000000000000000000000000000000000000000000000000000000000000000000000000000000000000000000,
;tableau 124 de l'image 1 à pour solution : 9 
0010010000000000000000000000000000000000000000000000000000000000000000000000000000000000000000000000000000000000000000000000000000000000000000000000000000000000000000000000000000000000000000101001000000000100011000000000000000010000110001010000000000000000000000101010000000000000001000001100010000000000100000000000000000010000001010000000000000000000011010000000000000000000000000000000000000000000000100000000000000000000000001000001000000000000000000000010000000000000000000000000000000101000000000000000000010000000000000000000000000000000000000000000000000000000000000000000000000000000000000000000000000000000000000000000000000000000000000000000000000000000000000000000000000000000000000000000000000000000000000000000000000000000000000000000000000000000000000000000000000000000000000,
;tableau 125 de l'image 1 à pour solution : 9 
0010010000000000000000000000000000000000000000000000000000000000000000000000000000000000000000000000000000000000000000000000000000000000000000000000000000000000000000000000000010001100001000000000000000000010100010100000000000000000000000101001100000000000000000000001000000000000000000000000001000100000000000000000100000000000000000000000000100010000000000000000000000001000110000000000000000000000000000010010000000000000000000000010100000000000000000000000000000100000000000000000001000000000000000000000000000000000000000000000000000000000000010000000000000000000000000000000000000000000000000000000000000000000000000000000000000000000000000000000000000000000000000000000000000000000000000000000000000000000000000000000000000000000000000000000000000000000000000000000000000000000000000,
;tableau 126 de l'image 1 à pour solution : 9 
0010010000000000000000000000000000000000000000000000000000000000000000000000000000000000000000000000000000000000000000000000000000000000000000000000000000000000000000000000000000000000000000000000000000000000000001000110011010010001000010000110000000000000100001000000001000000001001000100110000000000000000000000000000000000000000010000000000000000000000000000000000000000010000000000000000000000000000000001000000000000000000001000100001000000000000000001000001000000000000000000000000100100000000000000000000000000000000000000000000000000000000000000000000000000000000000000000000000000000000000000000000000000000000000000000000000000000000000000000000000000000000000000000000000000000000000000000000000000000000000000000000000000000000000000000000000000000000000000000000000000000000000,
;tableau 127 de l'image 1 à pour solution : 9 
0010010000000000000000000000000000000000000000000000000000000000000000000000000000000000000000000000000000000000000000000000000000000000000000000000000000000000000000000000000000101000000100100000100000000000011000000000000100100000000000010000000000000001000000000010100000000000000000000000000000001000001000000000000001000100000000000000000000001000000000000000000000010000000010000000000000000000001000010000000000000000000000000000010000000000000000000000100000000000000000000000010000000000000000000000000000000000000000000000000000000000000000000000000000000000100000000000000000000000000000000000000000000000000000000000000000000000000000000000000000000000000000000000000000000000000000000000000000000000000000000000000000000000000000000000000000000000000000000000000000000000000000,
;tableau 128 de l'image 1 à pour solution : 9 
0010010000000000000000000000000000000000000000000000000000000000000000000000000000000000000000000000000000000000000000000000000000000000000000000000000000000000000000000000000010000000000000000101010000010001000001010100000000000000100000000000000000010100100010010000000000100000001000000000100000000000000001000000000110000000000000000000010000010001100100000000000000000000000000000000000000000000000000000000000000000000000010000011000000000000000000001000000000100000000000000000000000000000000000000000000001000001000000000000000000001000000000000000000000000000000000000000000000000000000000000000000000000000000000000000000000000000000000000000000000000000000000000000000000000000000000000000000000000000000000000000000000000000000000000000000000000000000000000000000000000000000000,
;tableau 129 de l'image 1 à pour solution : 9 
0010010000000000000000000000000000000000000000000000000000000000000000000000000000000000000000000000000000000000000000000000000000000000000000000000000000000000000000000000000000000000000010000000000000000000000010100001000000000001001000000000010010000010000000000000000000001000000000000000000000100000001010000000000000100000001000000000000000000000000000000000000000000010100001000000000000000000010010001000000000000000000000000000000000000000000000000000010001000000000000000000000000000100000000000000000000000000100000000000000000000000000000000000000000000000000000000000000000000000000000000000000000000000000000000000000000000000000000000000000000000000000000000000000000000000000000000000000000000000000000000000000000000000000000000000000000000000000000000000000000000000000000,
;tableau 130 de l'image 1 à pour solution : 9 
0010010000000000000000000000000000000000000000000000000000000000000000000000000000000000000000000000000000000000000000000000000000000000000000000000000000000000000000000000000000000000000000000100000000000100100000000000000000000000000000000000000000000000000000001000000001010000000000000000000100000000000000000001000000001010000000000000000010100000000100000000000000000100000000000000000000000000000001000000000000000000000000000001001100000000000000001000000000000000000000000000000010000000000000000000000000000000000000000000000000000000000000000000000000000000000000000000000000000000000000000000000000000000000000000000000000000000000000000000000000000000000000000000000000000000000000000000000000000000000000000000000000000000000000000000000000000000000000000000000000000000000000,
;tableau 131 de l'image 1 à pour solution : 9 
0010010000000000000000000000000000000000000000000000000000000000000000000000000000000000000000000000000000000000000000000000000000000000000000000000000000000000000000000000000000000000000000100000000000000001010011000000000000000000000001000000100000000000000000000010000000000000000000000000010010000100101000000000001000000000000000000000000100000001100000000000000000000000101000000000000000000000000000000100000000000000000000000000000000000000000000000000000000000000000000000000011000100000000000000000000000000001000000000000000000000000000001000000000000000000000000000000000000000000000000000000000000000000000000000000000000000000000000000000000000000000000000000000000000000000000000000000000000000000000000000000000000000000000000000000000000000000000000000000000000000000000000,
;tableau 132 de l'image 1 à pour solution : 9 
0010010000000000000000000000000000000000000000000000000000000000000000000000000000000000000000000000000000000000000000000000000000000000000000000000000000000000000000000000000000100000001000000000000000010000100000001001001001000000000000010000000000000000000000000000010100000000000000100000000000010000000000000000010000100000010000000000000000000000000010000000000000010000000110000100000000000000000000000000000000000000000000000000000000000000000000000100000001000000000000000000100000000000000000000000000000000000000000000000000000000000000000000000000000000000000000000000000000000000000000000000000000000000000000000000000000000000000000000000000000000000000000000000000000000000000000000000000000000000000000000000000000000000000000000000000000000000000000000000000000000000000000,
;tableau 133 de l'image 1 à pour solution : 9 
0010010000000000000000000000000000000000000000000000000000000000000000000000000000000000000000000000000000000000000000000000000000000000000000000000000000000000000000000000000000000000000100100000000000000000011010000000000100000000000000100010001001000000000100000100000000001011000000000000000001000000000001000000000100000100000000000000000101001110000000000000000000000001000000000000000000000000110000010100000000000000000001000000101000000000000000000000000100000000000000000000000100000000000000000000000000000000000000000000000000000000000000000000000000000000000000000000000000000000000000000000000000000000000000000000000000000000000000000000000000000000000000000000000000000000000000000000000000000000000000000000000000000000000000000000000000000000000000000000000000000000000000,
;tableau 134 de l'image 1 à pour solution : 9 
0010010000000000000000000000000000000000000000000000000000000000000000000000000000000000000000000000000000000000000000000000000000000000000000000000000000000000000000000000000000000000000010010101100000111000000000100000001000000000010010000000000000000000100000010010010010000000000000010000001000001000000000000000010000000010000000000000000010000000000100000000000000000000100000000000000000000000000000000000000000000000000000000000000100000000000000000000110000000000000000000000010000100000000000000000000000000000000000000000000000000000000000000000000000000000000000000000000000000000000000000000000000000000000000000000000000000000000000000000000000000000000000000000000000000000000000000000000000000000000000000000000000000000000000000000000000000000000000000000000000000000000000,
;tableau 135 de l'image 1 à pour solution : 9 
0010010000000000000000000000000000000000000000000000000000000000000000000000000000000000000000000000000000000000000000000000000000000000000000000000000000000000000000000000000000001100000000100000000000000001001001001010010010000000100001000001000000000000000010000100000100000000100100000000100000000100011000000010000000000000010000000000000000000100100000000000000000000101000100001000000000000000000001010000000000000000000000100010000000000000000000000100000000000000000000000000001100000000000000000000000000000000000000000000000000000000000000000000000000000000000000000000000000000000000000000000000000000000000000000000000000000000000000000000000000000000000000000000000000000000000000000000000000000000000000000000000000000000000000000000000000000000000000000000000000000000000000,
;tableau 136 de l'image 1 à pour solution : 9 
0010010000000000000000000000000000000000000000000000000000000000000000000000000000000000000000000000000000000000000000000000000000000000000000000000000000000000000000000000000000000000000100000001000000001100110000000000000001010001010000000000000000010010000000000000100000000100000000000000001001000000100000000000100000000001100000000000000001100000000011000000000000010000000001010000000000000000000000000000000000000000000000000000000000000000000000001000101000000000000000000000000000000000000000000000000000000000000000000000000000000000000000000000000000000000000000000000000000000000000000000000000000000000000000000000000000000000000000000000000000000000000000000000000000000000000000000000000000000000000000000000000000000000000000000000000000000000000000000000000000000000000000,
;tableau 137 de l'image 1 à pour solution : 9 
0010010000000000000000000000000000000000000000000000000000000000000000000000000000000000000000000000000000000000000000000000000000000000000000000000000000000000000000000000000000010000000000010000010000000001000000101000001010000000000000000000000100000000000010001000000100000000000000000001000000000000000000000000000001000000000000000000000100000000000000100000000000000000110000000000000000000000000010000000000000000000000000001000001000000000000000000001010001000000000000000000100100000000000000000000000000000001100000000000000000001000000000000000000000000000000000000000000000000000000000000000000000000000000000000000000000000000000000000000000000000000000000000000000000000000000000000000000000000000000000000000000000000000000000000000000000000000000000000000000000000000000000,
;tableau 138 de l'image 1 à pour solution : 9 
0010010000000000000000000000000000000000000000000000000000000000000000000000000000000000000000000000000000000000000000000000000000000000000000000000000000000000000000000000000000000100000000000010000000000000100000000110000000000000000111000011000000000000000000010000000000010001000000000000001000100000000100000000000000010000000100000000000000010100000000000000000000000000000000001000000000000000110100000000000000000000000001100000100000000000000000000000000010000000000000000000010000000000000000000000000000000000000000000000000000000000000000000000000000000000000000000000000000000000000000000000000000000000000000000000000000000000000000000000000000000000000000000000000000000000000000000000000000000000000000000000000000000000000000000000000000000000000000000000000000000000000000,
;tableau 139 de l'image 1 à pour solution : 9 
0010010000000000000000000000000000000000000000000000000000000000000000000000000000000000000000000000000000000000000000000000000000000000000000000000000000000000000000000000000000000000000001000000000000000010010100100000010000000000000000001000000000000000001000000000000100001000000000000000010000000000000000000001000000000000010001000000000000000010000000000000000000001000000000000100000000000000000000000000000000000000000000001000001000000000000000000010010000000000000000000000000000000000000000000000000000000000100000000000000000000000000000000000000000000000000000000000000000000000000000000000000000000000000000000000000000000000000000000000000000000000000000000000000000000000000000000000000000000000000000000000000000000000000000000000000000000000000000000000000000000000000000,
;tableau 140 de l'image 1 à pour solution : 9 
0010010000000000000000000000000000000000000000000000000000000000000000000000000000000000000000000000000000000000000000000000000000000000000000000000000000000000000000000000000001000000000000000010000000000000000010000000000010101000000000000000000001000010000010000000010000000000000000000000100101000001000100000000100000010000000000000000000000100000000000000000000000000100100001000000000000000000100000001010000000000000000000000000010000000000000000001100000000000000000000000000000000100000000000000000000000000000000000000000000000000000000000000000000000000000000000000000000000000000000000000000000000000000000000000000000000000000000000000000000000000000000000000000000000000000000000000000000000000000000000000000000000000000000000000000000000000000000000000000000000000000000000,
;tableau 141 de l'image 1 à pour solution : 9 
0010010000000000000000000000000000000000000000000000000000000000000000000000000000000000000000000000000000000000000000000000000000000000000000000000000000000000000000000000000000100000000000000000000000010000000000000001000000000001101000010000100000000000000000000000000000000000000000000000000000111110001000000000000010000000000000000000000000000000000001000000000000000001000000001000000000000000001000000000000000000000000010000000000000000000000000000000001000000000000000000000000000000000000000000000000000000000000000000000000000000000000000000000000000000000000000000000000000000000000000000000000000000000000000000000000000000000000000000000000000000000000000000000000000000000000000000000000000000000000000000000000000000000000000000000000000000000000000000000000000000000000000,
;tableau 142 de l'image 1 à pour solution : 9 
0010010000000000000000000000000000000000000000000000000000000000000000000000000000000000000000000000000000000000000000000000000000000000000000000000000000000000000000000000000010000000000000100100000000000010101000011000000001100000000010000000001000000100000110000000000000000001000000000000000001000001000010000000000000001001001000000000000000000000000000100000000000000000000011100000000000000000000000000000000000000000000000010000000000000000000000000110000000000000000000000000111001100000000000000000000010000000000000000000000000000000000000000000000000000000000000000000000000000000000000000000000000000000000000000000000000000000000000000000000000000000000000000000000000000000000000000000000000000000000000000000000000000000000000000000000000000000000000000000000000000000000000,
;tableau 143 de l'image 1 à pour solution : 9 
0010010000000000000000000000000000000000000000000000000000000000000000000000000000000000000000000000000000000000000000000000000000000000000000000000000000000000000000000000000000000100000001000000000000000001000000000000000000000000001001000100000000000000000001000000000000000000000000000000010010000010000000000001000000000000000100000000000000000000000000000000000000000000000100000000000000000000101000001001000000000000000011000000000000000000000000000001000000100000000000000000000000000100000000000000000000000001100000000000000000000000000000000000000000000000000000000000000000000000000000000000000000000000000000000000000000000000000000000000000000000000000000000000000000000000000000000000000000000000000000000000000000000000000000000000000000000000000000000000000000000000000000,
;tableau 144 de l'image 1 à pour solution : 9 
0010010000000000000000000000000000000000000000000000000000000000000000000000000000000000000000000000000000000000000000000000000000000000000000000000000000000000000000000000000100001000000000000001010000000000000000000110001000000001000000000000000010000000000000000000000000100101000000000000000100001000000000100000000001000100000000000000000000000000010000000000000000000001000000000000000000000000000001000000000000000000000000000100000000000000000000000100100000000000000000000000000000000000000000000000000000000000000000000000000000000000000000000000000000000000000000000000000000000000000000000000000000000000000000000000000000000000000000000000000000000000000000000000000000000000000000000000000000000000000000000000000000000000000000000000000000000000000000000000000000000000000000,
;tableau 145 de l'image 1 à pour solution : 9 
0010010000000000000000000000000000000000000000000000000000000000000000000000000000000000000000000000000000000000000000000000000000000000000000000000000000000000000000000000000000100000000001010010000000001000010000000000010000000000001011000000000100000000000101000000100001000000000000100001110000000000000000010001001100000000000000000000000100010000000010000000000000000100000000000000000000000001000000000000000000000000000000000001000000000000000000000000000000000000000000000000000000000100000000000000000000000000010000000000000000000000000000000000000000000000000000000000000000000000000000000000000000000000000000000000000000000000000000000000000000000000000000000000000000000000000000000000000000000000000000000000000000000000000000000000000000000000000000000000000000000000000000,
;tableau 146 de l'image 1 à pour solution : 9 
0010010000000000000000000000000000000000000000000000000000000000000000000000000000000000000000000000000000000000000000000000000000000000000000000000000000000000000000000000000100000000000000000001000000000000000001000000000000000000010000010100000000010000000000000000011000000000000000001010000000000000000000000000010000000000000000000000000000000001001000000000000000010000001100000000000000000000000110001000000000000000000000001000000000000000000000000000100000000000000000000000000000000000000000000000000000000000000000000000000000000000000000000000000000000000000000000000000000000000000000000000000000000000000000000000000000000000000000000000000000000000000000000000000000000000000000000000000000000000000000000000000000000000000000000000000000000000000000000000000000000000000000,
;tableau 147 de l'image 1 à pour solution : 9 
0010010000000000000000000000000000000000000000000000000000000000000000000000000000000000000000000000000000000000000000000000000000000000000000000000000000000000000000000000000000000000000000000010000000011100000100100000000001000000001000000001000000000000000001000001000000000010000000000000000000000000000000000000000000000010000010000000000010000000100010000000000000001001000010000000000000000000000000000100100000000000000000100010000000000000000000000000010000000000000000000000100110000100000000000000000000000000000000000000000000000000000010000000000000000000000000000000000000000000000000000000000000000000000000000000000000000000000000000000000000000000000000000000000000000000000000000000000000000000000000000000000000000000000000000000000000000000000000000000000000000000000000,
;tableau 148 de l'image 1 à pour solution : 9 
0010010000000000000000000000000000000000000000000000000000000000000000000000000000000000000000000000000000000000000000000000000000000000000000000000000000000000000000000000000101010000000000000000000000000000010000000000000000010000000000000000000000000000000000011010100000000000000100000000000000000100010001000010000010000100000000000000000000000100000000000000000000000000000000000000000000000000000000000000000000000000000010000001000000000000000000000010001000000000000000000000001000000000000000000000000000000000000000000000000000000000000000000000000000000000100000000000000000000000000000000000000000000000000000000000000000000000000000000000000000000000000000000000000000000000000000000000000000000000000000000000000000000000000000000000000000000000000000000000000000000000000000,
;tableau 149 de l'image 1 à pour solution : 9 
0010010000000000000000000000000000000000000000000000000000000000000000000000000000000000000000000000000000000000000000000000000000000000000000000000000000000000000000000000000000001000000100010000000000101000001000001001000001100001000000100100000000000000000000000000011000100001100000000000100010000000000010000001000000010000000100000000000000000000000010100000000000001000000010000000000000000000100000000000000000000000000000000000000100000000000000000000000100000000000000000000010000100100000000000000000000000000000000000000000000000000000000000000000000000000000000000000000000000000000000000000000000000000000000000000000000000000000000000000000000000000000000000000000000000000000000000000000000000000000000000000000000000000000000000000000000000000000000000000000000000000000000,
;tableau 150 de l'image 1 à pour solution : 9 
0010010000000000000000000000000000000000000000000000000000000000000000000000000000000000000000000000000000000000000000000000000000000000000000000000000000000000000000000000000000000000000000000001000000000100010001110000001000000000000000000000000000000010100001000000000000000010000100000000010000000000000000000000010001000000000000000000000000000000000000000000000000000000000000000000000000000000000100000000100000000000000000001000000000000000000000000000000000000000000000000000000010000000000000000000000000000000000000000000000000000000000000000000000000000000000000000000000000000000000000000000000000000000000000000000000000000000000000000000000000000000000000000000000000000000000000000000000000000000000000000000000000000000000000000000000000000000000000000000000000000000000000,
;tableau 151 de l'image 1 à pour solution : 9 
0010010000000000000000000000000000000000000000000000000000000000000000000000000000000000000000000000000000000000000000000000000000000000000000000000000000000000000000000000000001000000000000000000000000001000100100001100000001000000100000101000000000000000000000010000010010000000000000000011001000001000000000000000000000000000000000000000000000100000101010000000000000000000000000000100000000000000000000000001000000000000000000000100001000000000000000000000100000100000000000000000000000000000000000000000000000000000000000000000000000000000000000000000000000000000000000000000000000000000000000000000000000000000000000000000000000000000000000000000000000000000000000000000000000000000000000000000000000000000000000000000000000000000000000000000000000000000000000000000000000000000000000,
;tableau 152 de l'image 1 à pour solution : 9 
0010010000000000000000000000000000000000000000000000000000000000000000000000000000000000000000000000000000000000000000000000000000000000000000000000000000000000000000000000000010111000000000000001000000000100000010010001000010000000001000000000000000100001000010001000100000001000010100000000000100000000010000000000000000001010000100000000000000000000000000000000000000010000000000000000000000000000000001000000000000000000000000010010000000000000000000000001000000000000000000000000000001100000000000000000000000000000000000000000000000000000000010000000000000000000000000000000000000000000000000000000000000000000000000000000000000000000000000000000000000000000000000000000000000000000000000000000000000000000000000000000000000000000000000000000000000000000000000000000000000000000000000,
;tableau 153 de l'image 1 à pour solution : 9 
0010010000000000000000000000000000000000000000000000000000000000000000000000000000000000000000000000000000000000000000000000000000000000000000000000000000000000000000000000000000000100000010000000000000010010001100000000100000000010100110100000000001000000000100000010001000000000000000010111100000000000000100000000000001010000000000000000000000000100010001000000000000000000000000000000000000000000001000000000000000000000000000000100001100000000000000000000010100000000000000000000010100000000000000000000000000000000010000000000000000000000000000000000000000000000000000000000000000000000000000000000000000000000000000000000000000000000000000000000000000000000000000000000000000000000000000000000000000000000000000000000000000000000000000000000000000000000000000000000000000000000000000,
;tableau 154 de l'image 1 à pour solution : 9 
0010010000000000000000000000000000000000000000000000000000000000000000000000000000000000000000000000000000000000000000000000000000000000000000000000000000000000000000000000000000101000000000010000000000001000000010100001001000000000011000010000010100001000000000101000010001001000010000000000000111100000000000000000000000000000000000000000000000000000000000000000000000010010001000000000000000000000000001000100000000000000000000000000100000000000000000000001000000000000000000000000000000100100000000000000000000000000000000000000000000000000000000000000000000000000100000000000000000000000000000000000000000000000000000000000000000000000000000000000000000000000000000000000000000000000000000000000000000000000000000000000000000000000000000000000000000000000000000000000000000000000000000,
;tableau 155 de l'image 1 à pour solution : 9 
0010010000000000000000000000000000000000000000000000000000000000000000000000000000000000000000000000000000000000000000000000000000000000000000000000000000000000000000000000000000000000001000100000100000000000001001010000000001000001000010100000000000000000000110000000000010000000000000000000001000000000100000000000010000000000010000000000000000000100000000000000000000000000110000000000000000000001000100100000000000000000000010000000001000000000000000001000001000000000000000000000000000011000000000000000000000000000000000000000000000000000000000000000000000000000000000000000000000000000000000000000000000000000000000000000000000000000000000000000000000000000000000000000000000000000000000000000000000000000000000000000000000000000000000000000000000000000000000000000000000000000000000,
;tableau 156 de l'image 1 à pour solution : 9 
0010010000000000000000000000000000000000000000000000000000000000000000000000000000000000000000000000000000000000000000000000000000000000000000000000000000000000000000000000000000000000000100010000000000100100000000101000010000100000000000000000000000000001000000001000000000000100000010000000000000100001001000000000000000100010000000000000000101000000000000000000000000010000000010000000000000000000000000000000000000000000000000000000110000000000000000000000000001000000000000000000001000000010000000000000000000000001000000000000000000001000000000000000000000000000100000000000000000000000000000000000000000000000000000000000000000000000000000000000000000000000000000000000000000000000000000000000000000000000000000000000000000000000000000000000000000000000000000000000000000000000000000,
;tableau 157 de l'image 1 à pour solution : 9 
0010010000000000000000000000000000000000000000000000000000000000000000000000000000000000000000000000000000000000000000000000000000000000000000000000000000000000000000000000000000100000000010000101000000001000000010010000000000000010000010100000010100000000000100000000000100000000000000000000000000000000000000000000100000000100000000000000000000000000000100000000000000000010001000000000000000000000000100000000000000000000000000000000000000000000000000000000001000000000000000000000000000011000000000000000000000000000000000000000000000000000000000000000000000000000000000000000000000000000000000000000000000000000000000000000000000000000000000000000000000000000000000000000000000000000000000000000000000000000000000000000000000000000000000000000000000000000000000000000000000000000000000,
;tableau 158 de l'image 1 à pour solution : 9 
0010010000000000000000000000000000000000000000000000000000000000000000000000000000000000000000000000000000000000000000000000000000000000000000000000000000000000000000000000000000010000000000000000000000000001001101101000000110000000000100000000000000011000000000000000000000000000000000100000000100000100000000000000000000010001000000100000000000000100100000000000000000001000000000000000000000000000000000000000100000000000000010000000000000000000000000000000000000010000000000000000001000000000000000000000000000000000000000000000000000000000000000000000000000000000000000000000000000000000000000000000000000000000000000000000000000000000000000000000000000000000000000000000000000000000000000000000000000000000000000000000000000000000000000000000000000000000000000000000000000000000000000,
;tableau 159 de l'image 1 à pour solution : 9 
0010010000000000000000000000000000000000000000000000000000000000000000000000000000000000000000000000000000000000000000000000000000000000000000000000000000000000000000000000000100000000000000000110000000000010000000000000011000010000000001000100001000000100000000000000100100000000100000001000011000000000000000000000000000000010000000000000000010010010000000000000000000010000000000001000000000000000100000010000000000000000000000000010100000000100000000000000000000000000000000000000010000100000000000000000000000000000000000000000000000000000000000000000000000000000000000000000000000000000000000000000000000000000000000000000000000000000000000000000000000000000000000000000000000000000000000000000000000000000000000000000000000000000000000000000000000000000000000000000000000000000000000,
;tableau 160 de l'image 1 à pour solution : 9 
0010010000000000000000000000000000000000000000000000000000000000000000000000000000000000000000000000000000000000000000000000000000000000000000000000000000000000000000000000000010001000000000000000000000000100100010000000000010000000110000000000010000100000001000000000000000010000000000000000000100000010000000000000001001000000000000000000000000001000001010000000000000000000010000000100000000000000011000000001000000000000000000000000000000000000000000000010010000000000000000000000000000000100000000000000000000000000000000000000000000000000000000000000000000000000000000000000000000000000000000000000000000000000000000000000000000000000000000000000000000000000000000000000000000000000000000000000000000000000000000000000000000000000000000000000000000000000000000000000000000000000000000,
;tableau 161 de l'image 1 à pour solution : 9 
0010010000000000000000000000000000000000000000000000000000000000000000000000000000000000000000000000000000000000000000000000000000000000000000000000000000000000000000000000000000000000000000000000010000000000000000000100000001000000001000010000000010000000100011010100101000000000000000010000000000000000000000000000000000001000000000000000000010000000000100000000000000000100100000100000000000000000000000000000100000000000000011001011000000000000000000001000000100000000000000000000000000000000000000000000000000000000100000000000000000001000000000000000000000000000000000000000000000000000000000000000000000000000000000000000000000000000000000000000000000000000000000000000000000000000000000000000000000000000000000000000000000000000000000000000000000000000000000000000000000000000000000,
;tableau 162 de l'image 1 à pour solution : 9 
0010010000000000000000000000000000000000000000000000000000000000000000000000000000000000000000000000000000000000000000000000000000000000000000000000000000000000000000000000000010010000000000000010000000000000100000000000000000000000100010000000000000000000000000000000000001010000010010000110000000000000010001000010000000000001010100000000000000000010001000000000000000000000000000010000000000000000001000000001000000000000000000000100000000000000000000000000001000000000000000000000000000000000000000000000000000000001000000000000000000000000000000000000000000000000000000000000000000000000000000000000000000000000000000000000000000000000000000000000000000000000000000000000000000000000000000000000000000000000000000000000000000000000000000000000000000000000000000000000000000000000000000,
;tableau 163 de l'image 1 à pour solution : 9 
0010010000000000000000000000000000000000000000000000000000000000000000000000000000000000000000000000000000000000000000000000000000000000000000000000000000000000000000000000000000000000000100010000000000000000001000000000000001100000010000011000000000000100000000001000101000000101000000000000000010000000000000000000000000000000000000100000000000100001000000100000000000001000000000000000000000000000000000100000000000000000000000010001000000000000000000000000000000000000000000000000010001000000000000000000000000000000000000000000000000001000000000000000000000000000000000000000000000000000000000000000000000000000000000000000000000000000000000000000000000000000000000000000000000000000000000000000000000000000000000000000000000000000000000000000000000000000000000000000000000000000000000,
;tableau 164 de l'image 1 à pour solution : 9 
0010010000000000000000000000000000000000000000000000000000000000000000000000000000000000000000000000000000000000000000000000000000000000000000000000000000000000000000000000000000000000000010000010100000000010000010100001000100000000000000000000100000001000000010010000000000000010000010000000100001000100000000000000000100010001100000000000000000000000000100000000000000000000000001000000000000000000000100000001000000000000000000000000000000000000000000000000100000000000000000000000000000000100000000000000000000000000100000000000000000000000000000000000000000000000100000000000000000000000000000000000000000000000000000000000000000000000000000000000000000000000000000000000000000000000000000000000000000000000000000000000000000000000000000000000000000000000000000000000000000000000000000,
;tableau 165 de l'image 1 à pour solution : 9 
0010010000000000000000000000000000000000000000000000000000000000000000000000000000000000000000000000000000000000000000000000000000000000000000000000000000000000000000000000000001000000000100000000010000000100010000000100000001011011100000000000000000010000010001000000000000010001000000001000000000000000000001000000000000000000000000000000000000010110000000000000000000000000110100000000000000000000000000001000000000000000000010010000001000000000000000000000000001000000000000000000100101001000000000000000000000000000000000000000000000000000000000000000000000000000000000000000000000000000000000000000000000000000000000000000000000000000000000000000000000000000000000000000000000000000000000000000000000000000000000000000000000000000000000000000000000000000000000000000000000000000000000,
;tableau 166 de l'image 1 à pour solution : 9 
0010010000000000000000000000000000000000000000000000000000000000000000000000000000000000000000000000000000000000000000000000000000000000000000000000000000000000000000000000000000000000000000000000000000000000000001100000010010000000000000001001000000000000000000010010000001001010000000000000100010000000000000000000000000000000101000000000000010000000111001000000000000000000000000010000000000000000000000010000000000000000000000100000000100000000000000001100000000100000000000000000001000000000000000000000000000000000000000000000000000000000000000000000000000000000000000000000000000000000000000000000000000000000000000000000000000000000000000000000000000000000000000000000000000000000000000000000000000000000000000000000000000000000000000000000000000000000000000000000000000000000000000,
;tableau 167 de l'image 1 à pour solution : 9 
0010010000000000000000000000000000000000000000000000000000000000000000000000000000000000000000000000000000000000000000000000000000000000000000000000000000000000000000000000000000001000000001100100000000001001000000000000000100100000001000000000000000000010001000000000000000000000000000000110000000000000001000000000100000010000000000000000000001100000000010000000000000000000100000000000000000000000011001000000000000000000000000000100000000000000000000000000000000000000000000000000000000000000000000000000000001000000000000000000000000001000000010000000000000000000000000000000000000000000000000000000000000000000000000000000000000000000000000000000000000000000000000000000000000000000000000000000000000000000000000000000000000000000000000000000000000000000000000000000000000000000000000,
;tableau 168 de l'image 1 à pour solution : 9 
0010010000000000000000000000000000000000000000000000000000000000000000000000000000000000000000000000000000000000000000000000000000000000000000000000000000000000000000000000000000100000000010000001000000000000000000000110000000000000100000000000000000000000000000110010000000001000000000001001001000000001000000000001010000000100000000000000000000000100000000000000000000000010000000010000000000000000000010000000100000000000000001000010001000000000000000000000001000000000000000000000000001000000000000000000000000000000100000000000000000000000000000000000000000000000000000000000000000000000000000000000000000000000000000000000000000000000000000000000000000000000000000000000000000000000000000000000000000000000000000000000000000000000000000000000000000000000000000000000000000000000000000,
;tableau 169 de l'image 1 à pour solution : 9 
0010010000000000000000000000000000000000000000000000000000000000000000000000000000000000000000000000000000000000000000000000000000000000000000000000000000000000000000000000000000000000000100000000000000000101000001000000000100010000001000001011100000110000000011000000000001100001000000010000000110000000100000000000000100000000001000000000000001011010010010000000000000000000000010000000000000000000000000000000000000000000000000011000000000000000000000000000000000000000000000000000000000100000000000000000000000000000000000000000000000000000000000000000000000000000000000000000000000000000000000000000000000000000000000000000000000000000000000000000000000000000000000000000000000000000000000000000000000000000000000000000000000000000000000000000000000000000000000000000000000000000000000,
;tableau 170 de l'image 1 à pour solution : 9 
0010010000000000000000000000000000000000000000000000000000000000000000000000000000000000000000000000000000000000000000000000000000000000000000000000000000000000000000000000000000011100000010000001000000000000001000100100000000000000010000000000000000000000000000000000010000010000100000000000000000000000001000000000000000000000000000000000000100000000000000000000000000000000010000000000000000000000000000000000000000000000000010000100010000000000000000000100000000000000000000000000000000000000000000000000000000000000000000000000000000000000000000000000000000000000000000000000000000000000000000000000000000000000000000000000000000000000000000000000000000000000000000000000000000000000000000000000000000000000000000000000000000000000000000000000000000000000000000000000000000000000000000,
;tableau 171 de l'image 1 à pour solution : 9 
0010010000000000000000000000000000000000000000000000000000000000000000000000000000000000000000000000000000000000000000000000000000000000000000000000000000000000000000000000000001000000000001000000000000011010100100000000001000001000101000001000010000000100110000001100000001000100000000000000000010000001000000000001001010100000000000000000000000100000000000000000000000010000000000000000000000000000000000001010000000000000000001000001000100000000000000000001100000000000000000000000000000110000000000000000000000000000000000000000000000000000000000000000000000000000000000100000000000000000000000000000000000000000000000000000000000000000000000000000000000000000000000000000000000000000000000000000000000000000000000000000000000000000000000000000000000000000000000000000000000000000000000,
;tableau 172 de l'image 1 à pour solution : 9 
0010010000000000000000000000000000000000000000000000000000000000000000000000000000000000000000000000000000000000000000000000000000000000000000000000000000000000000000000000000000001000000100000001000000000001000000101010000000100001000001000000001000000000000000000000010000000000000000000000000000000000000000000000000000001100000000000000000000000000000100000000000000001000001000000000000000000001000000000101000000000000000000000000000000000000000000000110000000000000000000000000000000001000000000000000000000100000100000000000000000000000000000000000000000000000000000000000000000000000000000000000000000000000000000000000000000000000000000000000000000000000000000000000000000000000000000000000000000000000000000000000000000000000000000000000000000000000000000000000000000000000000000,
;tableau 173 de l'image 1 à pour solution : 9 
0010010000000000000000000000000000000000000000000000000000000000000000000000000000000000000000000000000000000000000000000000000000000000000000000000000000000000000000000000000000000000000000000000000000000000010001000100000000000000010000000000000000000000000001001000000000000000000000010000000000000000000000000000000000000000100000000000000100010100000000000000000000000000100010000000000000000000001000001000000000000000000010010000000000000000000000001000000000000000000000000000110000000000000000000000000000000000000000000000000000000000000000000000000000000000000000000000000000000000000000000000000000000000000000000000000000000000000000000000000000000000000000000000000000000000000000000000000000000000000000000000000000000000000000000000000000000000000000000000000000000000000000,
;tableau 174 de l'image 1 à pour solution : 9 
0010010000000000000000000000000000000000000000000000000000000000000000000000000000000000000000000000000000000000000000000000000000000000000000000000000000000000000000000000000100000000000011000010000000000001000000000000000000001000100000100100010010000000000000100010010001000000000000000000001000100001010001000000010000000000000000000000000000000000000000000000000000000000000000000000000000000000000000000000000000000000000001000100000000000000000000000000100000000000000000000000000000000000000000000000000000000000000000000000000000000000000000000000000000000000000000000000000000000000000000000000000000000000000000000000000000000000000000000000000000000000000000000000000000000000000000000000000000000000000000000000000000000000000000000000000000000000000000000000000000000000000000,
;tableau 175 de l'image 1 à pour solution : 9 
0010010000000000000000000000000000000000000000000000000000000000000000000000000000000000000000000000000000000000000000000000000000000000000000000000000000000000000000000000000010000000000000001000000000000000000100010000000000100000010100000000000000000000000000000000001000000010000000100000000000000000000000000000001100010100001010000000000001100010000000000000000000000000000000000000000000000000001000000001000000000000000010110000000000000000000000001000010000000000000000000000000000000000000000000000000010000000000000000000000000000000000000000000000000000000000000000000000000000000000000000000000000000000000000000000000000000000000000000000000000000000000000000000000000000000000000000000000000000000000000000000000000000000000000000000000000000000000000000000000000000000000000,
;tableau 176 de l'image 1 à pour solution : 9 
0010010000000000000000000000000000000000000000000000000000000000000000000000000000000000000000000000000000000000000000000000000000000000000000000000000000000000000000000000000000001100000000010000000000110000000001000000000001000000000000000000000000000000010010100000000000000000000000000000001101000010000100000000000010000000000000000000000000000000000000000000000000001011001010000000000000000000000000000000000000000000000000001000000000000000000000000000000000100000000000000000000010001000000000000000000000000000000000000000000000000000000000000000000000000000000000000000000000000000000000000000000000000000000000000000000000000000000000000000000000000000000000000000000000000000000000000000000000000000000000000000000000000000000000000000000000000000000000000000000000000000000000,
;tableau 177 de l'image 1 à pour solution : 9 
0010010000000000000000000000000000000000000000000000000000000000000000000000000000000000000000000000000000000000000000000000000000000000000000000000000000000000000000000000000000000000000100000000000000000000110100000000000000001000000001000000000000000000000100001010000000000000000000000001000000000000000000000000000000000100000000000000000000000010000000000000000000000000000001000000000000000000001000000000000000000000000100000000000000000000000000001000000000000000000000000000001000000000000000000000000000000000000000000000000000001000000000000000000000000000000000000000000000000000000000000000000000000000000000000000000000000000000000000000000000000000000000000000000000000000000000000000000000000000000000000000000000000000000000000000000000000000000000000000000000000000000000,
;tableau 178 de l'image 1 à pour solution : 9 
0010010000000000000000000000000000000000000000000000000000000000000000000000000000000000000000000000000000000000000000000000000000000000000000000000000000000000000000000000000000010000000000100000000000000110000001110000000000000001000010000000000010000000100000000100010000000010000000001000000000110010000000000000000001000000000100000000000100000000000000000000000000001001000000000000000000000000000011000100000000000000000010010010000100000000000000000100000000000000000000000000000010110110000000000000000000100000000000000000000000000000000000000000000000000000000000000000000000000000000000000000000000000000000000000000000000000000000000000000000000000000000000000000000000000000000000000000000000000000000000000000000000000000000000000000000000000000000000000000000000000000000000,
;tableau 179 de l'image 1 à pour solution : 9 
0010010000000000000000000000000000000000000000000000000000000000000000000000000000000000000000000000000000000000000000000000000000000000000000000000000000000000000000000000000000000000001000000100100000000000000100001000000000000000000000000000000100000000000000000000000100000000010000010010110000000100000000000000011100010000000000000000000000000000000000000000000000000100100000000000000000000000000000010010000000000000000000001000000000000000000000000010000000000000000000000000000000000000000000000000000000000000000000000000000000000000000000000000000000000000000000000000000000000000000000000000000000000000000000000000000000000000000000000000000000000000000000000000000000000000000000000000000000000000000000000000000000000000000000000000000000000000000000000000000000000000000000,
;tableau 180 de l'image 1 à pour solution : 9 
0010010000000000000000000000000000000000000000000000000000000000000000000000000000000000000000000000000000000000000000000000000000000000000000000000000000000000000000000000000001000000000000101010000000000000100011100000110000001000000101000100100000000000000000000100001010000000000000001000000000000000000010000001000000001000000000000000000000010000100000000000000000000000010100000000000000000001000000100000000000000000000011000001000000000000000000000000000100000000000000000000010000000000000000000000000000000000110000000000000000000000000000000000000000000000000000000000000000000000000000000000000000000000000000000000000000000000000000000000000000000000000000000000000000000000000000000000000000000000000000000000000000000000000000000000000000000000000000000000000000000000000000,
;tableau 181 de l'image 1 à pour solution : 9 
0010010000000000000000000000000000000000000000000000000000000000000000000000000000000000000000000000000000000000000000000000000000000000000000000000000000000000000000000000000000000000001000010000000000000000000000000011000000000000010000000000000000000000000100001000110001100000000010000100000000000000000000000000010001000000000000000000000000000100000001100000000000000000000010000000000000000000001100000000000000000000000000000000000000000000000000000100010000100000000000000000000010000000000000000000000001000000000000000000000000000000000000000000000000000000000000000000000000000000000000000000000000000000000000000000000000000000000000000000000000000000000000000000000000000000000000000000000000000000000000000000000000000000000000000000000000000000000000000000000000000000000000,
;tableau 182 de l'image 1 à pour solution : 9 
0010010000000000000000000000000000000000000000000000000000000000000000000000000000000000000000000000000000000000000000000000000000000000000000000000000000000000000000000000000000001000000000000000000000010010011100001000001000000010000000100100001000000000000000100000000000000000000000010001100000000010000000000001001000000000000000000000000100000001000000000000000000000000000100000000000000000000010000000001000000000000000000011000000000000000000000000000000100000000000000000000101000111000000000000000000000000000010000000000000000000000000000000000000000000000000000000000000000000000000000000000000000000000000000000000000000000000000000000000000000000000000000000000000000000000000000000000000000000000000000000000000000000000000000000000000000000000000000000000000000000000000000,
;tableau 183 de l'image 1 à pour solution : 9 
0010010000000000000000000000000000000000000000000000000000000000000000000000000000000000000000000000000000000000000000000000000000000000000000000000000000000000000000000000000000100000000010000010000000000000000010100001000000000000100000000000100010000010000000000000000000000010000000001000000000001100100000000000000010001001001000000000000001011000000000000000000000000100000000001000000000000000000000000000000000000000000000000010000000000000000000000100001010000000000000000000000100000000000000000000000010000000000000000000000000000000000000000000000000000000000000000000000000000000000000000000000000000000000000000000000000000000000000000000000000000000000000000000000000000000000000000000000000000000000000000000000000000000000000000000000000000000000000000000000000000000000000,
;tableau 184 de l'image 1 à pour solution : 9 
0010010000000000000000000000000000000000000000000000000000000000000000000000000000000000000000000000000000000000000000000000000000000000000000000000000000000000000000000000000100000000000000000000000000000100000000001000000001000000000000000000000000000001000000100000000100101000000100000000100000000000010000000000100000010000000000000000000000000000000000000000000000000000000000000000000000000000000000000000000000000000000011101000000000000000000000001000000001000000000000000000011000001100000000000000000000000000010000000000000000000000000000000000000000000000000000000000000000000000000000000000000000000000000000000000000000000000000000000000000000000000000000000000000000000000000000000000000000000000000000000000000000000000000000000000000000000000000000000000000000000000000000,
;tableau 185 de l'image 1 à pour solution : 9 
0010010000000000000000000000000000000000000000000000000000000000000000000000000000000000000000000000000000000000000000000000000000000000000000000000000000000000000000000000000000001100000000101000000000010000010001100000000000000000000100000000000000000000000000000000001000000000000000000100000100000000000000000000000000000000001000000000000100001001000100000000000000010000001000000100000000000000101010100000000000000000000000000001000000000000000000000000010000000000000000000000000110100000000000000000000000000000000000000000000000001000000100000000000000000000100000000000000000000000000000000000000000000000000000000000000000000000000000000000000000000000000000000000000000000000000000000000000000000000000000000000000000000000000000000000000000000000000000000000000000000000000000,
;tableau 186 de l'image 1 à pour solution : 9 
0010010000000000000000000000000000000000000000000000000000000000000000000000000000000000000000000000000000000000000000000000000000000000000000000000000000000000000000000000000000000000000000010000000000001000000010010000000000000000010000000000000100000100000000000010000010001000000110000001100000000001001010000000000000000010000000000000000000000100000000100000000000000000000000000000000000000000000001001000100000000000000000000010000000000000000000000011000000100000000000000000000001000000000000000000000010000000000000000000000000000000000000000000000000000000000000000000000000000000000000000000000000000000000000000000000000000000000000000000000000000000000000000000000000000000000000000000000000000000000000000000000000000000000000000000000000000000000000000000000000000000000000,
;tableau 187 de l'image 1 à pour solution : 9 
0010010000000000000000000000000000000000000000000000000000000000000000000000000000000000000000000000000000000000000000000000000000000000000000000000000000000000000000000000000010000000001000101000000000000110000001000000000010000000000011101000010001000000010100101000000000000000000000010110010011010000000001000000000000000000000000000000000000000010000000000000000000010000000100000000000000000000000000100000000100000000000000010100000000000000000000000000000000000000000000000000010000000000000000000000000000000000000000000000000000000000000000000000000000000000000000000000000000000000000000000000000000000000000000000000000000000000000000000000000000000000000000000000000000000000000000000000000000000000000000000000000000000000000000000000000000000000000000000000000000000000000000,
;tableau 188 de l'image 1 à pour solution : 9 
0010010000000000000000000000000000000000000000000000000000000000000000000000000000000000000000000000000000000000000000000000000000000000000000000000000000000000000000000000000001000000000001000000100000010001000100000000000000000000001100000000000000000000000000000000000000000000000000000000000000000100001000000000000100000000000000000000000001001001000000000000000000000000000001000000000000000000001010000000100000000000000000000010000000000000000000001000001001000000000000000000000010100000000000000000000000000000000000000000000000000000000000000000000000000000000000000000000000000000000000000000000000000000000000000000000000000000000000000000000000000000000000000000000000000000000000000000000000000000000000000000000000000000000000000000000000000000000000000000000000000000000000,
;tableau 189 de l'image 1 à pour solution : 9 
0010010000000000000000000000000000000000000000000000000000000000000000000000000000000000000000000000000000000000000000000000000000000000000000000000000000000000000000000000000000000000000000000000000000000010000000101000011100010000000000000001100000000001100000000100000100001011000000000000000001001000110000000000000000000000000001000000000100100000100010000000000000000000010000000000000000000000010000101000000000000000000000000000000000000000000000000001000000000000000000000000000100000000000000000000000000000000000000000000000000001000000000000000000000000000000000000000000000000000000000000000000000000000000000000000000000000000000000000000000000000000000000000000000000000000000000000000000000000000000000000000000000000000000000000000000000000000000000000000000000000000000000,
;tableau 190 de l'image 1 à pour solution : 9 
0010010000000000000000000000000000000000000000000000000000000000000000000000000000000000000000000000000000000000000000000000000000000000000000000000000000000000000000000000000000001000000010010000010000001000000001000000000000000000001001001100000001000000010010001000000000000100000000001100000000000000000000000000000000000001000010000000000000011000000000000000000000010010000100001000000000000000000010000000000000000000000010010000010000000000000000000000000000000000000000000000000000100000000000000000000011000000000000000000000000000000000010000000000000000000000000000000000000000000000000000000000000000000000000000000000000000000000000000000000000000000000000000000000000000000000000000000000000000000000000000000000000000000000000000000000000000000000000000000000000000000000000,
;tableau 191 de l'image 1 à pour solution : 9 
0010010000000000000000000000000000000000000000000000000000000000000000000000000000000000000000000000000000000000000000000000000000000000000000000000000000000000000000000000000000000000000100000000100000000001101000010100100000000001000000000000000000100000000000000001000000000000010010000001010000000000010000000000000100000000000000000000000001000000000000000000000000000000001000000000000000000000000000000001000000000000000000000000100000000000000000000000000000110000000000000000000000001000000000000000000000000000000000000000000000001000000000000000000000000000000000000000000000000000000000000000000000000000000000000000000000000000000000000000000000000000000000000000000000000000000000000000000000000000000000000000000000000000000000000000000000000000000000000000000000000000000000,
;tableau 192 de l'image 1 à pour solution : 9 
0010010000000000000000000000000000000000000000000000000000000000000000000000000000000000000000000000000000000000000000000000000000000000000000000000000000000000000000000000000100100000000000000100000000000100000000100000001000001000110000000000000101000010000011100100000000000000000000000010000000000000000001000000010000000000000000000000000000000000000000000000000000000001000000000000000000000000000100000000000000000000000010000110001000000000000000001001000100000000000000000000001000000000000000000000000000000000000000000000000000000000000000000000000000000000000000000000000000000000000000000000000000000000000000000000000000000000000000000000000000000000000000000000000000000000000000000000000000000000000000000000000000000000000000000000000000000000000000000000000000000000000000,
;tableau 193 de l'image 1 à pour solution : 9 
0010010000000000000000000000000000000000000000000000000000000000000000000000000000000000000000000000000000000000000000000000000000000000000000000000000000000000000000000000000001000000000110000000000000000000100010000011000000000000000000010110010000011000001000000000000000000000000000000000001000001000010000000000000001101000001100000000000000010000100010000000000000010000000000100000000000000000000011010000000000000000000000000000000000000000000000000010001001000000000000000000000001000000000000000000000000000000000000000000000000000000000000000000000000000000000000000000000000000000000000000000000000000000000000000000000000000000000000000000000000000000000000000000000000000000000000000000000000000000000000000000000000000000000000000000000000000000000000000000000000000000000000,
;tableau 194 de l'image 1 à pour solution : 9 
0010010000000000000000000000000000000000000000000000000000000000000000000000000000000000000000000000000000000000000000000000000000000000000000000000000000000000000000000000000000000100000001000000000000000001000000100000000000010001010000100000000000000000000001010000000000001100000000001000000000000000000000100000100000010000000000000000000000100000000000000000000000000000000000001000000000000000100000000100000000000000000010000010001100000000000000000000000000000000000000000000000000000000000000000000000000000000000000000000000000001000000100000000000000000000000000000000000000000000000000000000000000000000000000000000000000000000000000000000000000000000000000000000000000000000000000000000000000000000000000000000000000000000000000000000000000000000000000000000000000000000000000,
;tableau 195 de l'image 1 à pour solution : 9 
0010010000000000000000000000000000000000000000000000000000000000000000000000000000000000000000000000000000000000000000000000000000000000000000000000000000000000000000000000000000000000000000001001000000001100010010010100100100000000000010000100000000000000000000000000000000000000011000010010110001000000000100000000010000001000001100000000000000000000000100100000000000001010100000000000000000000000000010010000000000000000000000001000000000000000000000000000000101000000000000000000000110000000000000000000000000100000000000000000000000000000000000000000000000000000000000000000000000000000000000000000000000000000000000000000000000000000000000000000000000000000000000000000000000000000000000000000000000000000000000000000000000000000000000000000000000000000000000000000000000000000000000,
;tableau 196 de l'image 1 à pour solution : 9 
0010010000000000000000000000000000000000000000000000000000000000000000000000000000000000000000000000000000000000000000000000000000000000000000000000000000000000000000000000000000110000000000000010000000000000000000000000000000000000000001000001000000000000000101100001001000000010000000000000000010000000000000000000000000010001000010000000000000000000001000000000000000000000000010000100000000000000011000100000000000000000000000000101100000000000000000000000010000000000000000000000000000100000000000000000000000000001000000000000000000000000000000000000000000000000000000000000000000000000000000000000000000000000000000000000000000000000000000000000000000000000000000000000000000000000000000000000000000000000000000000000000000000000000000000000000000000000000000000000000000000000000000,
;tableau 197 de l'image 1 à pour solution : 9 
0010010000000000000000000000000000000000000000000000000000000000000000000000000000000000000000000000000000000000000000000000000000000000000000000000000000000000000000000000000000001000000001000000000000000000100000000000000000100100000000010000000000000000000000000000000010000000000000000100001101001000000000000000000001000100000000000000000000000010000000000000000000011000010000000000000000000000000001001000000000000000000001000000000000000000000000000000000000100000000000000000110000000100000000000000000000000000000000000000000000001000000000000000000000000000000000000000000000000000000000000000000000000000000000000000000000000000000000000000000000000000000000000000000000000000000000000000000000000000000000000000000000000000000000000000000000000000000000000000000000000000000000,
;tableau 198 de l'image 1 à pour solution : 9 
0010010000000000000000000000000000000000000000000000000000000000000000000000000000000000000000000000000000000000000000000000000000000000000000000000000000000000000000000000000000000000000000011000100000001000010011000000010001000000010000000001000000000000000000000110000000000000100100000011000010000000001000000000000010110000000000000000000000000000000100000000000000000000000010100000000000000000100000000000000000000000000000000000000100000000000000001000000000000000000000000000000010010000000000000000000000000000000000000000000000000000000000000000000000000000000000000000000000000000000000000000000000000000000000000000000000000000000000000000000000000000000000000000000000000000000000000000000000000000000000000000000000000000000000000000000000000000000000000000000000000000000000,
;tableau 199 de l'image 1 à pour solution : 9 
0010010000000000000000000000000000000000000000000000000000000000000000000000000000000000000000000000000000000000000000000000000000000000000000000000000000000000000000000000000000000100000011000010000000000101000100000000000010010010001111000010000000001000100001100000100010110000000000010000000100001000100000000000000000000100000000000000000001001000000010100000000000000000100000000000000000000000000000000000000000000000000000100011000000000000000000000001000000000000000000000000010000000000000000000000000000000000000000000000000000000000000000000000000000000000000000000000000000000000000000000000000000000000000000000000000000000000000000000000000000000000000000000000000000000000000000000000000000000000000000000000000000000000000000000000000000000000000000000000000000000000000000,
;tableau 200 de l'image 1 à pour solution : 9 
0010010000000000000000000000000000000000000000000000000000000000000000000000000000000000000000000000000000000000000000000000000000000000000000000000000000000000000000000000000100000000001100000001010000000000000000010000000000000000100000000000000010010100000000000001001000000001000000000000000000010010000000000001000000100000110000000000000100000000110000000000000000001000000000000000000000000000000000001000000000000000000000000000000000000000000000000000000000000000000000000000000000010000000000000000000000000000100000000000000000000000000000000000000000000000000000000000000000000000000000000000000000000000000000000000000000000000000000000000000000000000000000000000000000000000000000000000000000000000000000000000000000000000000000000000000000000000000000000000000000000000000000,
;tableau 201 de l'image 1 à pour solution : 9 
0010010000000000000000000000000000000000000000000000000000000000000000000000000000000000000000000000000000000000000000000000000000000000000000000000000000000000000000000000000000000000000000000000000000000011000110000000010000100000000100000000000000001000000000000000000001001000000000000010010101000001000000000000001000000000000000000000000010100000000000000000000000000000000000000000000000000000000100000100000000000000000010010010000000000000000000000000000100000000000000000000001000000010000000000000000000000000000000000000000000000000000000000000000000000000000000000000000000000000000000000000000000000000000000000000000000000000000000000000000000000000000000000000000000000000000000000000000000000000000000000000000000000000000000000000000000000000000000000000000000000000000000,
;tableau 202 de l'image 1 à pour solution : 9 
0010010000000000000000000000000000000000000000000000000000000000000000000000000000000000000000000000000000000000000000000000000000000000000000000000000000000000000000000000000000000000000000100010100000001000100000000000101000000000010001000000000001000100000000000000010000100000000000000000000000010000000000000000000000000000000000000000000001001000000001000000000000010000000000000000000000000000000000001000000000000000000000000000100000000000000000000000000001000000000000000000000000000000000000000000000000000001000000000000000000000000000000000000000000000000000000000000000000000000000000000000000000000000000000000000000000000000000000000000000000000000000000000000000000000000000000000000000000000000000000000000000000000000000000000000000000000000000000000000000000000000000000,
;tableau 203 de l'image 1 à pour solution : 9 
0010010000000000000000000000000000000000000000000000000000000000000000000000000000000000000000000000000000000000000000000000000000000000000000000000000000000000000000000000000001010000000001001000000000000011010001000000000000000000000100000100000000000000000000000000000100000000000100001000000000000000000000000000010000000000001000000000000000000100000000000000100000000000100010000000000000000000100001000000000000000000000010100001000000000000000000001000000000000000000000000000010000000110000000000000000000000000000000000000000000000000000000000000000000000000000000000000000000000000000000000000000000000000000000000000000000000000000000000000000000000000000000000000000000000000000000000000000000000000000000000000000000000000000000000000000000000000000000000000000000000000000000,
;tableau 204 de l'image 1 à pour solution : 9 
0010010000000000000000000000000000000000000000000000000000000000000000000000000000000000000000000000000000000000000000000000000000000000000000000000000000000000000000000000000000001000000000000000000000000000000110001001001000100000000010000000000000000000000000000010001000000000000000000010000100000000000010000000001000000000100000000000000010000000000000000000000000000001001000000000000000000000000000011001000000000000000000001000000000000000000000000000101000100000000000000000000000000000000000000000000000000000100000000000000000000000000000000000000000000000000000000000000000000000000000000000000000000000000000000000000000000000000000000000000000000000000000000000000000000000000000000000000000000000000000000000000000000000000000000000000000000000000000000000000000000000000000,
;tableau 205 de l'image 1 à pour solution : 9 
0010010000000000000000000000000000000000000000000000000000000000000000000000000000000000000000000000000000000000000000000000000000000000000000000000000000000000000000000000000000110100000000011100010000001000010000000100000000000000100000010000000000000001000000010000000000010001000000000000000000011000100100000001100100100000000000000000000100000000000000000000000000010000100000100000000000000000000000000000000000000000000010000000110000000000000000000000000000000000000000000000000000000000000000000000000000100000000000000000000000000000000000000000000000000000000000000000000000000000000000000000000000000000000000000000000000000000000000000000000000000000000000000000000000000000000000000000000000000000000000000000000000000000000000000000000000000000000000000000000000000000000000,
;tableau 206 de l'image 1 à pour solution : 9 
0010010000000000000000000000000000000000000000000000000000000000000000000000000000000000000000000000000000000000000000000000000000000000000000000000000000000000000000000000000010001000001000000000000000000000100000000000000000000000010000000110000000000100000000001000000000001000000000010000001000000000000000000000000000000000110000000000000001010100000010000000000000000100001000000000000000000000000000000000000000000000000000000000001000000000000000000000000100100000000000000000000100001000000000000000000000000000000000000000000000001000000000000000000000000000000000000000000000000000000000000000000000000000000000000000000000000000000000000000000000000000000000000000000000000000000000000000000000000000000000000000000000000000000000000000000000000000000000000000000000000000000000,
;tableau 207 de l'image 1 à pour solution : 9 
0010010000000000000000000000000000000000000000000000000000000000000000000000000000000000000000000000000000000000000000000000000000000000000000000000000000000000000000000000000001000000000001000000000000010011000000001000000000000001100000000000000001101000000010000000000000000000000000001000000000000000000001000000110001000000001100000000000000000000000000000000000000000000000000001000000000000000010010000000000000000000000000000000000000000000000000000000010000000000000000000000000010000000000000000000000000000000000000000000000000000000000000000000000000000000100000000000000000000000000000000000000000000000000000000000000000000000000000000000000000000000000000000000000000000000000000000000000000000000000000000000000000000000000000000000000000000000000000000000000000000000000000,
;tableau 208 de l'image 1 à pour solution : 9 
0010010000000000000000000000000000000000000000000000000000000000000000000000000000000000000000000000000000000000000000000000000000000000000000000000000000000000000000000000000000100000000100000000000000000100000000000010000000110000000000000100000000000100000000010000000101100000010100000000000000000000000000000000001000000010000000000000000010010000000000000000000000000001000000000100000000000000001000000000000000000000000000000000000000000000000000000100000001000000000000000000000000000000000000000000000000000000000000000000000000000000000010000000000000000000000000000000000000000000000000000000000000000000000000000000000000000000000000000000000000000000000000000000000000000000000000000000000000000000000000000000000000000000000000000000000000000000000000000000000000000000000000,
;tableau 209 de l'image 1 à pour solution : 9 
0010010000000000000000000000000000000000000000000000000000000000000000000000000000000000000000000000000000000000000000000000000000000000000000000000000000000000000000000000000000001100000011010000000000000010010010000000000100000000000011000000000010000000000001001000000000010000000000000001010001000000010000000001000000000001000000000000000000001001100101000000000000000000100100000000000000000000010000000000000000000000000000110000000000000000000000001001101000100000000000000000000001000000000000000000000001000000000000000000000000000000000000000000000000000000000000000000000000000000000000000000000000000000000000000000000000000000000000000000000000000000000000000000000000000000000000000000000000000000000000000000000000000000000000000000000000000000000000000000000000000000000000,
;tableau 210 de l'image 1 à pour solution : 9 
0010010000000000000000000000000000000000000000000000000000000000000000000000000000000000000000000000000000000000000000000000000000000000000000000000000000000000000000000000000000000000000000000010010000100100000101010000000000000000110000000000000000001000000000000000000000000000000000000000000100000000000000000000000000010010000100000000000000010000000000000000000000001101000001000000000000000000000000000000000000000000000000000000000000000000000000000000000000000000000000000000100000000010000000000000000000000000000000000000000000000000000000000000000000000000000000000000000000000000000000000000000000000000000000000000000000000000000000000000000000000000000000000000000000000000000000000000000000000000000000000000000000000000000000000000000000000000000000000000000000000000000000,
;tableau 211 de l'image 1 à pour solution : 9 
0010010000000000000000000000000000000000000000000000000000000000000000000000000000000000000000000000000000000000000000000000000000000000000000000000000000000000000000000000000011000000000000100000000000000000000010000000000000000000001111000000111000000000000000000101010000000000000000011000100000000000000000000000001001000000000001000000000000000000000000000000000000000000000100000000000000000000100010110000100000000000000000000001000000000000000000000000100010000000000000000000000000000000000000000000000001000000000000000000000000000000000000000000000000000000000000000000000000000000000000000000000000000000000000000000000000000000000000000000000000000000000000000000000000000000000000000000000000000000000000000000000000000000000000000000000000000000000000000000000000000000000000,
;tableau 212 de l'image 1 à pour solution : 9 
0010010000000000000000000000000000000000000000000000000000000000000000000000000000000000000000000000000000000000000000000000000000000000000000000000000000000000000000000000000000001000000100000010000000100000000001010000101010100000000000010010000000010000000010000000001010001000000000000000000001000000000110000000000100000000010000000000000001000000000000000000000000000100000001000000000000000000000000000000000000000000000000000000000000000000000000001000000101000000000000000000100000000000000000000000000000000000000000000000000000000000000010000000000000000000000000000000000000000000000000000000000000000000000000000000000000000000000000000000000000000000000000000000000000000000000000000000000000000000000000000000000000000000000000000000000000000000000000000000000000000000000000,
;tableau 213 de l'image 1 à pour solution : 9 
0010010000000000000000000000000000000000000000000000000000000000000000000000000000000000000000000000000000000000000000000000000000000000000000000000000000000000000000000000000000010000000000000001000000000000011100000001000000000000000000000000100001001000100000000000000000010000000000001000010000000000000000000000100010000000000110000000000000000000000000000000000000000010000000000000000000000000001000000000000000000000000000000000010000000000000000000000001000000000000000000000000010000000000000000000000000000000000000000000000000000000000000000000000000000000000000000000000000000000000000000000000000000000000000000000000000000000000000000000000000000000000000000000000000000000000000000000000000000000000000000000000000000000000000000000000000000000000000000000000000000000000000,
;tableau 214 de l'image 1 à pour solution : 9 
0010010000000000000000000000000000000000000000000000000000000000000000000000000000000000000000000000000000000000000000000000000000000000000000000000000000000000000000000000000010000100000000000000000000011000000000001000000000000000000000000000000010000000000000010000000010000100000000000000000100001011000000000001000000000100000000000000000000110000000000000000000000010100001000000000000000000000000101000000000000000000000000000000000000000000000000001000100011100000000000000000100100010000000000000000000000000000000000000000000000000000000000000000000000000000000000000000000000000000000000000000000000000000000000000000000000000000000000000000000000000000000000000000000000000000000000000000000000000000000000000000000000000000000000000000000000000000000000000000000000000000000000,
;tableau 215 de l'image 1 à pour solution : 9 
0010010000000000000000000000000000000000000000000000000000000000000000000000000000000000000000000000000000000000000000000000000000000000000000000000000000000000000000000000000000100000000000110001000000000010110000010000000000100001010000000000000000001000000000100010010001001000000000000000000001010000000000000000000100000000000010000000000000000000001000000000000000000010000100000000000000000000100000000000000000000000000100000001000000000000000000000100010000000000000000000000000000000000000000000000000000000000000000000000000000000000000010000000000000000000100000000000000000000000000000000000000000000000000000000000000000000000000000000000000000000000000000000000000000000000000000000000000000000000000000000000000000000000000000000000000000000000000000000000000000000000000000,
;tableau 216 de l'image 1 à pour solution : 9 
0010010000000000000000000000000000000000000000000000000000000000000000000000000000000000000000000000000000000000000000000000000000000000000000000000000000000000000000000000000101001000000000000000000000010000000001001000000000001000001000101000010000010000000001000100100000100000001000000000000000000000000001000001000000000000000100000000000100100010000000100000000000000001000010001100000000000000001000000010000000000000000000000000000000000000000000001011000000000000000000000000000011000000000000000000000000000000000000000000000000000000000000000000000000000000000000000000000000000000000000000000000000000000000000000000000000000000000000000000000000000000000000000000000000000000000000000000000000000000000000000000000000000000000000000000000000000000000000000000000000000000000000,
;tableau 217 de l'image 1 à pour solution : 9 
0010010000000000000000000000000000000000000000000000000000000000000000000000000000000000000000000000000000000000000000000000000000000000000000000000000000000000000000000000000000000000000001000010100000000010000000000000000100010001000100010010000000000000000000000000010110000000000000000000001000000000000000000000000000010000000010000000000000000100101011000000000000000100000000010000000000000000000100100000000000000000000000000000000100000000000000000000000100000000000000000000001000001000000000000000000010000000010000000000000000000000000000000000000000000000000000000000000000000000000000000000000000000000000000000000000000000000000000000000000000000000000000000000000000000000000000000000000000000000000000000000000000000000000000000000000000000000000000000000000000000000000000,
;tableau 218 de l'image 1 à pour solution : 9 
0010010000000000000000000000000000000000000000000000000000000000000000000000000000000000000000000000000000000000000000000000000000000000000000000000000000000000000000000000000000000000000010100000000000000000000000011000001001000000010000001000000000000000000001000000000000100001000000000000000000101000001000000000010000000001100100000000000001010001000000000000000000000000000000001000000000000000000000000101000000000000000001001010000000000000000000000010001000100000000000000000110000000010000000000000000000000000000000000000000000000000000000000000000000000000000000000000000000000000000000000000000000000000000000000000000000000000000000000000000000000000000000000000000000000000000000000000000000000000000000000000000000000000000000000000000000000000000000000000000000000000000000,
;tableau 219 de l'image 1 à pour solution : 9 
0010010000000000000000000000000000000000000000000000000000000000000000000000000000000000000000000000000000000000000000000000000000000000000000000000000000000000000000000000000011010000000000000001000000000100000010000000000000000000000001000000000000001000100110000000100100000000000000000010000110000000000000000000000000000000000000000000000100000000010000100000000000000010000000100000000000000000000000000000000000000000000000000000000000000000000000001100000000000000000000000000000000000000000000000000000000000001000000000000000000001000000000000000000000000000000000000000000000000000000000000000000000000000000000000000000000000000000000000000000000000000000000000000000000000000000000000000000000000000000000000000000000000000000000000000000000000000000000000000000000000000000000,
;tableau 220 de l'image 1 à pour solution : 9 
0110010000000000000000000000000000000000000000000000000000000000000000000000000000000000000000000000000000000000000000000000000000000000000000000000000000000000000000000000000111111100000111111111000000011111111111111100011111110001111111111111000000000001100111111101111001110000000000011111111111100000010000000001111111111111000000000000000111111111110000000000000000001111111110001000000000000000111111111001000000000000000011111111100000000000000000001111111111100000000000000000111111110100000000000000000000000000100000000000000000000000000000000000000000000000000000000000000000000000000000000000000000000000000000000000000000000000000000000000000000000000000000000000000000000000000000000000000000000000000000000000000000000000000000000000000000000000000000000000000000000000000000,
;tableau 1 de l'image 2 à pour solution : 2 
1000100000000000000000000000000000000000000000000000000000000000000000000000000000000000000000000000000000000000000000000000000000000000000000000000000000000000000000000000000000000000000000000000000000000000000000000000000000000000000000000000000000000000000000000000000000000000000000000000000000000000000000000000000000000000000000000000000000000000000000000000000000000000000000000000000000000000000000000000000000000000000000000000000000000000000000000000000000000000000000000000000000000000000000000000000000000000000000000000000000000000000000000000000000000000000000000000000000000000000000000000000000000000000000000000000000000000000000000000000000000000000000000000000000000000000000000000000000000000000000000000000000000000000000000000000000000000000000000000000000000000000000,
;tableau 2 de l'image 2 à pour solution : 2 
0000100000000000000000000000000000000000000000000000000000000000000000000000000000000000000000000000000000000000000000000000000000000000000000000000000000000000000000000000000000000000000000000000000000000000000000000000000000000000000000000000000000000000000000000000000000000000000000000000000000000000000000000000000000000000000000000000000000000000000000000000000000000000000000000000000000000000000000000000000000000000000000000000000000000000000000000000000000000000000000000000000000000000000000000000000000000000000000000000000000000000000000000000000000000000000000000000000000000000000000000000000000000000000000000000000000000000000000000000000000000000000000000000000000000000000000000000000000000000000000000000000000000000000000000000000000000000000000000000000000000000000000,
;tableau 3 de l'image 2 à pour solution : 2 
0000100000000000000000000000000000000000000000000000000000000000000000000000000000000000000000000000000000000000000000000000000000000000000000000000000000000000000000000000000000000000000000000000000000000000000000000000000000000000000000000000000000000000000000000000000000000000000000000000000000000000000000000000000000000000000000000000000000000000000000000000000000000000000000000000000000000000000000000000000000000000000000000000000000000000000000000000000000000000000000000000000000000000000000000000000000000000000000000000000000000000000000000000000000000000000000000000000000000000000000000000000000000000000000000000000000000000000000000000000000000000000000000000000000000000000000000000000000000000000000000000000000000000000000000000000000000000000000000000000000000000000000,
;tableau 4 de l'image 2 à pour solution : 2 
0000100000000000000000000000000000000000000000000000000000000000000000000000000000000000000000000000000000000000000000000000000000000000000000000000000000000000000000000000000000000000000000000000000000000000000000000000000000000000000000000000000000000000000000000000000000000000000000000000000000000000000000000000000000000000000000000000000000000000000000000000000000000000000000000000000000000000000000000000000000000000000000000000000000000000000000000000000000000000000000000000000000000000000000000000000000000000000000000000000000000000000000000000000000000000000000000000000000000000000000000000000000000000000000000000000000000000000000000000000000000000000000000000000000000000000000000000000000000000000000000000000000000000000000000000000000000000000000000000000000000000000000,
;tableau 5 de l'image 2 à pour solution : 2 
0000100000000000000000000000000000000000000000000000000000000000000000000000000000000000000000000000000000000000000000000000000000000000000000000000000000000000000000000000000000000000000000000000000000000000000000000000000000000000000000000000000000000000000000000000000000000000000000000000000000000000000000000000000000000000000000000000000000000000000000000000000000000000000000000000000000000000000000000000000000000000000000000000000000000000000000000000000000000000000000000000000000000000000000000000000000000000000000000000000000000000000000000000000000000000000000000000000000000000000000000000000000000000000000000000000000000000000000000000000000000000000000000000000000000000000000000000000000000000000000000000000000000000000000000000000000000000000000000000000000000000000000,
;tableau 6 de l'image 2 à pour solution : 2 
0000100000000000000000000000000000000000000000000000000000000000000000000000000000000000000000000000000000000000000000000000000000000000000000000000000000000000000000000000000000000000000000000000000000000000000000000000000000000000000000000000000000000000000000000000000000000000000000000000000000000000000000000000000000000000000000000000000000000000000000000000000000000000000000000000000000000000000000000000000000000000000000000000000000000000000000000000000000000000000000000000000000000000000000000000000000000000000000000000000000000000000000000000000000000000000000000000000000000000000000000000000000000000000000000000000000000000000000000000000000000000000000000000000000000000000000000000000000000000000000000000000000000000000000000000000000000000000000000000000000000000000000,
;tableau 7 de l'image 2 à pour solution : 2 
0000100000000000000000000000000000000000000000000000000000000000000000000000000000000000000000000000000000000000000000000000000000000000000000000000000000000000000000000000000000000000000000000000000000000000000000000000000000000000000000000000000000000000000000000000000000000000000000000000000000000000000000000000000000000000000000000000000000000000000000000000000000000000000000000000000000000000000000000000000000000000000000000000000000000000000000000000000000000000000000000000000000000000000000000000000000000000000000000000000000000000000000000000000000000000000000000000000000000000000000000000000000000000000000000000000000000000000000000000000000000000000000000000000000000000000000000000000000000000000000000000000000000000000000000000000000000000000000000000000000000000000000,
;tableau 8 de l'image 2 à pour solution : 2 
0000100000000000000000000000000000000000000000000000000000000000000000000000000000000000000000000000000000000000000000000000000000000000000000000000000000000000000000000000000000000000000000000000000000000000000000000000000000000000000000000000000000000000000000000000000000000000000000000000000000000000000000000000000000000000000000000000000000000000000000000000000000000000000000000000000000000000000000000000000000000000000000000000000000000000000000000000000000000000000000000000000000000000000000000000000000000000000000000000000000000000000000000000000000000000000000000000000000000000000000000000000000000000000000000000000000000000000000000000000000000000000000000000000000000000000000000000000000000000000000000000000000000000000000000000000000000000000000000000000000000000000000,
;tableau 9 de l'image 2 à pour solution : 2 
0000100000000000000000000000000000000000000000000000000000000000000000000000000000000000000000000000000000000000000000000000000000000000000000000000000000000000000000000000000000000000000000000000000000000000000000000000000000000000000000000000000000000000000000000000000000000000000000000000000000000000000000000000000000000000000000000000000000000000000000000000000000000000000000000000000000000000000000000000000000000000000000000000000000000000000000000000000000000000000000000000000000000000000000000000000000000000000000000000000000000000000000000000000000000000000000000000000000000000000000000000000000000000000000000000000000000000000000000000000000000000000000000000000000000000000000000000000000000000000000000000000000000000000000000000000000000000000000000000000000000000000000,
;tableau 10 de l'image 2 à pour solution : 2 
0000100000000000000000000000000000000000000000000000000000000000000000000000000000000000000000000000000000000000000000000000000000000000000000000000000000000000000000000000000000000000000000000000000000000000000000000000000000000000000000000000000000000000000000000000000000000000000000000000000000000000000000000000000000000000000000000000000000000000000000000000000000000000000000000000000000000000000000000000000000000000000000000000000000000000000000000000000000000000000000000000000000000000000000000000000000000000000000000000000000000000000000000000000000000000000000000000000000000000000000000000000000000000000000000000000000000000000000000000000000000000000000000000000000000000000000000000000000000000000000000000000000000000000000000000000000000000000000000000000000000000000000,
;tableau 11 de l'image 2 à pour solution : 2 
0000100000000000000000000000000000000000000000000000000000000000000000000000000000000000000000000000000000000000000000000000000000000000000000000000000000000000000000000000000000000000000000000000000000000000000000000000000000000000000000000000000000000000000000000000000000000000000000000000000000000000000000000000000000000000000000000000000000000000000000000000000000000000000000000000000000000000000000000000000000000000000000000000000000000000000000000000000000000000000000000000000000000000000000000000000000000000000000000000000000000000000000000000000000000000000000000000000000000000000000000000000000000000000000000000000000000000000000000000000000000000000000000000000000000000000000000000000000000000000000000000000000000000000000000000000000000000000000000000000000000000000000,
;tableau 12 de l'image 2 à pour solution : 2 
0000100000000000000000000000000000000000000000000000000000000000000000000000000000000000000000000000000000000000000000000000000000000000000000000000000000000000000000000000000000000000000000000000000000000000000000000000000000000000000000000000000000000000000000000000000000000000000000000000000000000000000000000000000000000000000000000000000000000000000000000000000000000000000000000000000000000000000000000000000000000000000000000000000000000000000000000000000000000000000000000000000000000000000000000000000000000000000000000000000000000000000000000000000000000000000000000000000000000000000000000000000000000000000000000000000000000000000000000000000000000000000000000000000000000000000000000000000000000000000000000000000000000000000000000000000000000000000000000000000000000000000000,
;tableau 13 de l'image 2 à pour solution : 2 
0000100000000000000000000000000000000000000000000000000000000000000000000000000000000000000000000000000000000000000000000000000000000000000000000000000000000000000000000000000000000000000000000000000000000000000000000000000000000000000000000000000000000000000000000000000000000000000000000000000000000000000000000000000000000000000000000000000000000000000000000000000000000000000000000000000000000000000000000000000000000000000000000000000000000000000000000000000000000000000000000000000000000000000000000000000000000000000000000000000000000000000000000000000000000000000000000000000000000000000000000000000000000000000000000000000000000000000000000000000000000000000000000000000000000000000000000000000000000000000000000000000000000000000000000000000000000000000000000000000000000000000000,
;tableau 14 de l'image 2 à pour solution : 2 
0000100000000000000000000000000000000000000000000000000000000000000000000000000000000000000000000000000000000000000000000000000000000000000000000000000000000000000000000000000000000000000000000000000000000000000000000000000000000000000000000000000000000000000000000000000000000000000000000000000000000000000000000000000000000000000000000000000000000000000000000000000000000000000000000000000000000000000000000000000000000000000000000000000000000000000000000000000000000000000000000000000000000000000000000000000000000000000000000000000000000000000000000000000000000000000000000000000000000000000000000000000000000000000000000000000000000000000000000000000000000000000000000000000000000000000000000000000000000000000000000000000000000000000000000000000000000000000000000000000000000000000000,
;tableau 15 de l'image 2 à pour solution : 2 
0000100000000000000000000000000000000000000000000000000000000000000000000000000000000000000000000000000000000000000000000000000000000000000000000000000000000000000000000000000000000000000000000000000000000000000000000000000000000000000000000000000000000000000000000000000000000000000000000000000000000000000000000000000000000000000000000000000000000000000000000000000000000000000000000000000000000000000000000000000000000000000000000000000000000000000000000000000000000000000000000000000000000000000000000000000000000000000000000000000000000000000000000000000000000000000000000000000000000000000000000000000000000000000000000000000000000000000000000000000000000000000000000000000000000000000000000000000000000000000000000000000000000000000000000000000000000000000000000000000000000000000000,
;tableau 16 de l'image 2 à pour solution : 2 
0000100000000000000000000000000000000000000000000000000000000000000000000000000000000000000000000000000000000000000000000000000000000000000000000000000000000000000000000000000000000000000000000000000000000000000000000000000000000000000000000000000000000000000000000000000000000000000000000000000000000000000000000000000000000000000000000000000000000000000000000000000000000000000000000000000000000000000000000000000000000000000000000000000000000000000000000000000000000000000000000000000000000000000000000000000000000000000000000000000000000000000000000000000000000000000000000000000000000000000000000000000000000000000000000000000000000000000000000000000000000000000000000000000000000000000000000000000000000000000000000000000000000000000000000000000000000000000000000000000000000000000000,
;tableau 17 de l'image 2 à pour solution : 2 
0000100000000000000000000000000000000000000000000000000000000000000000000000000000000000000000000000000000000000000000000000000000000000000000000000000000000000000000000000000000000000000000000000000000000000000000000000000000000000000000000000000000000000000000000000000000000000000000000000000000000000000000000000000000000000000000000000000000000000000000000000000000000000000000000000000000000000000000000000000000000000000000000000000000000000000000000000000000000000000000000000000000000000000000000000000000000000000000000000000000000000000000000000000000000000000000000000000000000000000000000000000000000000000000000000000000000000000000000000000000000000000000000000000000000000000000000000000000000000000000000000000000000000000000000000000000000000000000000000000000000000000000,
;tableau 18 de l'image 2 à pour solution : 2 
0000100000000000000000000000000000000000000000000000000000000000000000000000000000000000000000000000000000000000000000000000000000000000000000000000000000000000000000000000000000000000000000000000000000000000000000000000000000000000000000000000000000000000000000000000000000000000000000000000000000000000000000000000000000000000000000000000000000000000000000000000000000000000000000000000000000000000000000000000000000000000000000000000000000000000000000000000000000000000000000000000000000000000000000000000000000000000000000000000000000000000000000000000000000000000000000000000000000000000000000000000000000000000000000000000000000000000000000000000000000000000000000000000000000000000000000000000000000000000000000000000000000000000000000000000000000000000000000000000000000000000000000,
;tableau 19 de l'image 2 à pour solution : 2 
0000100000000000000000000000000000000000000000000000000000000000000000000000000000000000000000000000000000000000000000000000000000000000000000000000000000000000000000000000000000000000000000000000000000000000000000000000000000000000000000000000000000000000000000000000000000000000000000000000000000000000000000000000000000000000000000000000000000000000000000000000000000000000000000000000000000000000000000000000000000000000000000000000000000000000000000000000000000000000000000000000000000000000000000000000000000000000000000000000000000000000000000000000000000000000000000000000000000000000000000000000000000000000000000000000000000000000000000000000000000000000000000000000000000000000000000000000000000000000000000000000000000000000000000000000000000000000000000000000000000000000000000,
;tableau 20 de l'image 2 à pour solution : 2 
0000100000000000000000000000000000000000000000000000000000000000000000000000000000000000000000000000000000000000000000000000000000000000000000000000000000000000000000000000000000000000000000000000000000000000000000000000000000000000000000000000000000000000000000000000000000000000000000000000000000000000000000000000000000000000000000000000000000000000000000000000000000000000000000000000000000000000000000000000000000000000000000000000000000000000000000000000000000000000000000000000000000000000000000000000000000000000000000000000000000000000000000000000000000000000000000000000000000000000000000000000000000000000000000000000000000000000000000000000000000000000000000000000000000000000000000000000000000000000000000000000000000000000000000000000000000000000000000000000000000000000000000,
;tableau 21 de l'image 2 à pour solution : 2 
0000100000000000000000000000000000000000000000000000000000000000010000000000000000001000000000000000000101000000100000000010000000001101000101000000000100000000000000000000000000010000000100100001000000000000001000010010000000000000011000100000000000000000000000000000110010010000000000000000100011000001000000000000000100000000000000001000000000000001000000001010000000000001000000000000101000000000000000101010000100001000000000100000001000000000000000000000000000000000000010000000000100000100100000010000000000001100000100001000000000000000000000000000010000000000000010000000001000010000000000010000000000000001000000000000010000000110011000000000000001000000000000000000000000000000100010100010000000000000000000110000000000000000000000000011101000000000000000000000000000000000000000,
;tableau 22 de l'image 2 à pour solution : 2 
0000100000000000000000000000100000000010000000000000000000000000001000000000000000010100000000000110000000000101000000000101000001000000110000000000001001000000000110010000000000100010100000001000100000000000000000001000010111000000000110000000000011000000000000100011000100101011010000000000001000000010000100000000000000101000100100000000000000001100000011000000100000000000101011000001000101000000000001000100100000100100000000000100000010001001100000000001010000010101000001000000000010001000000000000000000000000000100000000000000000000000000000000010000010000000001101101000000000000000000000100000000000000000100000000001000000001000000000000000000010010000101100000000000000001000000000000001000000000000100100000000001000000000000000010000000110000000000000000000000000000000000000,
;tableau 23 de l'image 2 à pour solution : 2 
0000100000000000000000000000000000000100000000000000000101000000000000000000000000001000000000000000000001000000000000000000000000110000001010000000000000011100100000001000000000000100010000000000000000000100100000100100000000000000001000000001000000011100000000010000000000000000000000000000010000100000010010000000001000000001011000000000000000000001000000000001010000000000000000010000010000000000001000010000010010000000000000000001110001100000000000000000100000100000000000000000000000100000000010001000000000100000000000000110000000000000100000000000000000000000000000000000000000000000000000000010100011000000000000000000000000100110100010000000000000100000000001000000000000010000000110000000000000000000000000001010100000000000000000000000010001000000000000000000000000000000000000,
;tableau 24 de l'image 2 à pour solution : 2 
0000100000010000000000000001000000000001000000000000000010000000000000000000000000000000000000110000001000000000000000000000001000000011010000000000000000000000000000000000000000000000000001000100100000000000000000000000000001000000000000100000010110000000000000001010001010000101000000000000000001001000000000000000000100100000000000000000000000001000000000000110000000000001101110001000000000000000010110000000001000000000000000100000000100000010000000000000000000001000010000000000000000000000000000000000000000000000000100001001000000000001000000000000100000000000000000000000010001000000000000000000000000000000000000000001001000001000000000000000000100000011000000100000000000000000001000000100000000000000000100100100001000000000000000011001100000000000000000000000000000000000000000,
;tableau 25 de l'image 2 à pour solution : 2 
0000100000000000000000000000000000000000000000000000000000000000000000000000000000001000000000000010010000000100000000000010010000000100000010000000001000000000000110101000000001111000000000010000000000000000000000010010001100000000000000000110000000000000000000010000100001001000000000000001000000000000000010000000000000000110000010010000000000010000110001000000000000000100000000000011000000000000000000000000000000001000000000000010000010000001000000000010010000000100000000000000001000100000000000001000000000010101001000000000000000000000010000000000000010000000000001000000000000100000000000000100000000000000100000000000000000000000100000000000000001011100000000000000000000000001000100000000000000000000101000000000000000000000000000000000000100000000000000000000000000000000000000,
;tableau 26 de l'image 2 à pour solution : 2 
0000100000110000000000000000000000000000000000000000000011000000001000000000000000000000000001110000100100000001000000000001001100000000001000000000010000000100000000000000000000000000100000000001010000000000010000100101100001000000001000001000000111000000000000000000000000110000010000000010000000000000001000000000001010101000000100000000000000000010001010000000000000000001010001001000010000000000010000000000100000000000000000000001100000100000000000000000000000111000001000000000000000000000100000000000000000000000000000100000100000000010100000000000010000000000000010100100000000000000000000001000010000000000000000000000100010001000001010000000000010100000000000111000000000001000000000000000000000000000000000110000000000000000000000000100101000000000000000000000000000000000000000,
;tableau 27 de l'image 2 à pour solution : 2 
0000100000000000000000000000000000000000000000000000000100000000000000000000000000000000000000000010000000000100110000000000000010011001000001000000000001001001001001000000000000000001000110011100000000000001000000000000000100000000000100000101000000010000000000000001001001000000000000000000000100100000010001000000000000000010000000100000000000101000000100001010000000000010000000010000100000000000000110000101001000000000000000000000000000000001100000000000000000000000000010000000000110000100000000000000000000000001000000000110000000000000000000000000100010000000000001000000000000010000000000000000100000000010000000000001000000000000010000000000000001001000000000000000000000000000000000100000000000000000100000001001010000000000000000000000000000000000000000000000000000100000000000,
;tableau 28 de l'image 2 à pour solution : 2 
0000100000000000000000000000100000000001000000000000001000000000000000000000000000010000000000000000100001100001000000000000010100000010000000000000000100000100110000000000000000001010000000000000000000000000001010000100000000000000000000100000101110000100000000001010110000101100000000000000100001000001101000000000000000000001000000000100000000000001000000000000100000000000000001100100000000000000000000000000000000010000000000001000100000000000000000000000100011100000101000000000000000000000000000000000000000000000000000000000000000000010000000000000000000000000000000000000000000000000000000001000000001000000000000000000111110000000000000000000000010010000100000011000000000000010001000011000000000000000001000000100100000000000000000001000100000000000000000000000000000000000000000,
;tableau 29 de l'image 2 à pour solution : 2 
0000100000000000000000000000000000000000000000000000000100000000011100000000000000000000000000010000000000000000100000000001000000000101000010000000001001001000000000001000000000100000000001000100000000000010100001101000010000000000001010010000010000001000000000000001001000010001110000000100000100000100000100000000001100100000010000000000000000000000000000000000000000000001001000000000110000000000000000100010100000100000000000000000000011010011000000000000010000000000000110000000000100000000000000100000000000100001001100000111010000000000000000000000001000000000000100000000001001000000000000010000010000000001000000000001000000100000001100000000000100000001000001000000000000000100010010000000000000000000010001010000000000000000000000100000000100000000000000000000000000000000000000,
;tableau 30 de l'image 2 à pour solution : 2 
0000100000010000000000000000000000000000000000000000000010000000000000000000000000000000000001000000000001000100000000000000000000100000000001000000000000000001000010000000000000001000010000000000000000000001000010010010100010000000000100000010000000000000000000010000000001000000000000000000100001000001100000000000000000000000001101100000000000100001000100000000110000000000000000000010000010000000001001000000000000000000000000100010010000000100000000000010100010000011000000000000000000000000000000000000000000000100010000100000000000000010000000000010010000000000001000000010000000000000000000000100100001000000000000000000000100000000000000000000000000100000011000000000000000000000101001100010000000000000100010001000000000000000000000000100000010000000000000000000000000000000000000,
;tableau 31 de l'image 2 à pour solution : 2 
0000100001000000000000000000000000000000000000000000000000000000010000000000000000010100000000000000000000010000100000000100001001000010000000000000000001001000000000100000000000010000000011000011100000000010100000101100000000000000000000000100000000000000000000100000000100010001010000000000000100000100010000000000000100100000100010010000000000001000000000000000000000000000101000000100000000000000000000000010000010010000000000010000000000100000000000000001000001010000001000000000000010100000000001000000000000011000000000000110000000000000010000000000000000000000000000000000000000111000000000000000000000000000000000000001000000000100000000000000000001010010000010000000000000001000000000001100100000000000010001010000000000000000000000001000001100000000000000000000000000000000000000,
;tableau 32 de l'image 2 à pour solution : 2 
0000100000000000000000000000000000000000000000000000000000000000001000000000000000000000000000000001001000000000000000000001000110000000010100000000000000000000100000010000000000100010000000000100000000000000000010010001100000000000001110110000001010010000000000000011001000100000100000000000001010010000000010000000001000000101000000000000000000000010000001000000000000000001000000000000110001000000000001000001000100000000000000000000000000000000000000000000010000000000000010000000000000000000000000010000000000000001000000101000000000000000100000000000001100000000000000100000010000000000000000010100100010100100000000000000000100100000110000000000000000101000010001000000000000000000010001010000000000000000100000101010100100000000000000000011000000000000000000000000010000000000000000,
;tableau 33 de l'image 2 à pour solution : 2 
0000100000100000000000000000100000000000000000000000000101000000000100000000000000010000000000000010000001010000000000000010000000110000100000000000000000000001000000000000000000000000101000000000010000000001100100001110000000000000000000000010000000000000000000100000000000000000000000000000100000000000000001000000000000110000000100100000000000010000010110000000000000000010001000011000000000000000000000000000101000000000000000010000000001100000000000000010000010110000001100000000000011000000000001000000000000000100000000000000000000000000000001000000000000000000000010000000001000010000000000000000000000000011100000000000000010000000000100000000000100000010000110000000000000000101100000001100000000000000000100000000010000000000000000000000000000000000000000000000000000000000000000,
;tableau 34 de l'image 2 à pour solution : 2 
0000100000000000000000000000000000000000000000000000000010000000000000000000000000000000000000000000010010001000100000000000000001000000000000000000000000011100011000000000000001000000010011000110000000000000001010010000010000000000000000111000000001000000000000000000000111000000100000000000001000101010000010000000001100001100000010000000000000001001000001010000110000000000000010100000000001000000000001000000000010000000000000100000000000001000000000000000011001000100000000000000000000000000000010000000000000000011000000100000000000000000000000000000010000000000000000000010000001100000000000000100010001000100000000000000100101000000001000000000000010001000110000000000000000000000000100000000000000000000001010100000001000000000000000000101001000000000000000000000000000000000000000,
;tableau 35 de l'image 2 à pour solution : 2 
0000100000000000000001000000000000000000000000000000000000000000001100000000000000001000000000011010000100000001000000000100000000100100100000000000000000100000100001000000000000000001000100100000100000000011000001000000000101000000000100000110010000000000000000101000001000001000000000000011000000010000100100000000000000100000000100000000000000000010101000101001000000000000011001000000000000000000000000110001000000000000000000010000000000100000000000000001000000000001001010000000000001000100000000001000000000010100000000000000010000000010000000000010100000000000000111000000000000000000000000000000000010000001000000000000000000000000000010000000000000000000000100100000000000000000110000000000000000000000000000000000000000000000000000000010100010000000000000000000000000000000000000,
;tableau 36 de l'image 2 à pour solution : 2 
0000100001000000000000000000100000000100000000000000000000000000000000000000000000010000000000000100000000000110000000000000000101001000010000000000000001000000000000000000000000000010100000010000000000000000010000011000010000000000001010000000000000001000000000000000100000000000100000000100101000001001011000000000000100010010000000010000000000000000000000010000000000000001000110000000000000000000000010000010000101000000000000100101010000000000010000000000100000000000100100000000000010000000000011000000000000000000001000001001000000000001010000000000001000000000000000001000000000000000000000001000100000000000000000000000100111001010000000000000000000001000000000000000000000000010000000100000000000000000101010000100110000000000000000010000001100000000000000000000000000000000000000,
;tableau 37 de l'image 2 à pour solution : 2 
0000100000000000000000000000000000000000000000000000000000000000010000000000000000001000000000000001001000001000000000000010001010000010000001000000010110110001001000000000000000000000000000000010000000000010001101000100100001000000000000010000010101000000000000000001010000000100000000000000000000000000100011000000001000000000000000000100000000001010010000000000100000000110010000011001000100000000000100001000000000000100000000000000101011000100000000000010000000010000000010000000000000001000000000010000000000000100000000000010100000000000000000000000000000000000000000000000000000011000000000010000000000000000000000000001000000010100001000000000000000100000000000100000000000001000000001000000000000000000010100111000001000000000000000001110000010000000000000000000000000000000000000,
;tableau 38 de l'image 2 à pour solution : 2 
0000100000000000000000000001000000000001000000000000000100000000000000000000000000000000000000000000000000000000000000000000000001000000000000000000001000001000110000001000000000010001011000000000000000000100000000000000010000000000000100100001101010010100000000000000000010101000000000000011000001000000000100000000000000100000000100001000000000000000000101000000000000000000100001000110000000000000000001000000010000000000000000001000000000000000000000000000000000000101110000000000000101000000100000000000000000000000001000000100000000000000000000000000100000000000000100000000000001000000000000000000000000000100000000000000000000100000000000000000000001000000100000000000000000000010101110101110000000000000000010000000000000000000000000100000100000000000000000000000000000000000000000,
;tableau 39 de l'image 2 à pour solution : 2 
0000100000000000000000000000100000000000000000000000000010000000000100000000000000010000000001000111001100101100110000000000010000100010010000000000000000000101001001010000000000000000000000010000000000000000100100001000000000000000000000000000000000001000000000000000001000000000000000000000010000010100110010000000000000001000000000000000000000000000000000001000010000000001000000001000000101000000000110000010001000000100000000000011001110010100000000000000010010000000001010000000000000100000000010000000000000110000000000101000000000000000000000000000010000000000000000000000000000000000000000000100000011100000000000000000010100000000000000000000000000000011010010101000000000000100000000000000000000000000000000100001100000000000000000000000000000000000000000000000100000000000000000,
;tableau 40 de l'image 2 à pour solution : 2 
0000100000000000000000000000000000000000000000000000000001000000000000000000000000000000000000000000000000000000000000000000000010001100000111000000000001011000100000000000000000010100000100000100100000000010000000010001000000000000000000101100000001100000000000001000010011010100000000000010001000001000000101000000000110000100011000000000000000000000000001010001000000000110001000000000000000000000000000001001010100001000000000100100100000000010000000000001000000000000000100000000000001000000000000000000000000000000000000000000000000000000000000000000000000000000001001000000000000100000000000001010010000000101000000000000001000000110000010000000000000001000001000010000000000000000000000000000100000000000010000001000000000000000000001000000011000000000000000000000000000000000000000,
;tableau 41 de l'image 2 à pour solution : 2 
0000100000000000000000000001000000000000000000000000000000000000001100000000000000000000000000100011000100000101000000000000000000000000000000000000000000000001000100010000000000001000000010101000010000000000001101101000100000000000000010010000010110000000000000000000100000000001100000000001100000100000100010000000001000000001000010010000000000000000100000100010100000000000000100000100001100000000000100100000000000000000000000001000000100000000000000000010100001001000000010000000000100000000000000010000000000000000000000100000000000000010010000000000011010000000000000000000010000001000000000000000000001000000100000000000000001000000000100000000000000000010000000000000000000000011101101010001000000000000000000000100000100000000000000010000000001000000000000000000000000000000000000,
;tableau 42 de l'image 2 à pour solution : 2 
0000100000000000000000000000000000000100000000000000000110000000000000000000000000000100000000000000110000010000000000000000001001001000000000000000000001101010000010000000000000000000001100010000000000000010000000000000000000000000001000000000000000000000000000010000011001100000000000000000001110000000011000000000010000000100000000001100000000000000000000011000000000000000000000100001000000000000000010010000000010110000000000000010000010011100100000000000000000100101010000000000001001000000000000000100000000010000000100000000000000000000000000000010000000000000000111000000001011000000000000000010000010000011000000000000000010000000000000000000000000001100001010000000000000011100000000001010000000000000000001000000000000000000000000100010010000000000000000000000000000000000000000,
;tableau 43 de l'image 2 à pour solution : 2 
0000100000010000000000000000000000000000000000000000000000000000000000000000000000011000000000000001000010000010000000000111000000110010000000000000000100000000000000110000000000111000000001000000000000000000000000100010010001000000010000000000101000000000000000001011000000000000000000000001000000011001000000000000000000000000000010000000000000101000010000000000110000000010000001000000000000000000000000000010001000000000000000001001100001000011000000000000010000001000000100000000000010000000000010000000000000000101100000100000000000000010100000000000000100000000001000000001000000000000000000001000000000000000000000000000001001011000001000000000000000000000010000000000000000000000000001000100000000000000100100001001000000000000000000000000000011000000000000000000000000000000000000,
;tableau 44 de l'image 2 à pour solution : 2 
0000100000000000000000000000000000000000000000000000000110000000001000000000000000000000000000010000000001000001000000000000000101001000000101000000010000010000000001000000000001000000000000010000010000000000000000000101000000000000000010001100010000000000000000010000000001000000000000000000000000100000000000000000001000000000001000100000000000000000101100011001000000000001000000001010000000000000011101001000000100100000000000100110000100011000000000000010000011010000000000000000000000000000100000011100000000001000010000000101000000000001010000000010000000000000000100000000000000000000000000000000000000000100100000000000000010000000100010000000000000000010000000000000000000000000000000000000000000000000000000000000100000000000000000001001000000000000000000000000000000000000000000,
;tableau 45 de l'image 2 à pour solution : 2 
0000100000000000000000000000000000000110000000000000000000000000000000000000000000001000000000000010000000110100000000000100001000000010000000000000000100000000000100101000000000100001100001000101100000000011001100000000100010000000010000000010000100001100000000100011010000100100100000000010001010001010001110000000000010100001000000010000000000010101000010100010010000000010000010100001000000000000000000000000110001000100000000001000011000100101100000000000000000001100010000000000000001000000000010000000000000100000000000000000000000000000100000000000000010000000000000000000000000001000000000110000000000000000000000000000110000001000001000000000000100010000001011000000000000000000100110010000000000000000001011000000000000000000000001000000000000000000000000000000000000000000000000,
;tableau 46 de l'image 2 à pour solution : 2 
0000100000100000000000000000000000000000000000000000000000000000001000000000000000100000000000000000101001000000000000000000110000000000000010000000010001000000000011000000000000000000010010010000000000000000010000011000010000000000001000100100101000000000000000001000000100010000000000000000000100000001000000000000000000000000000000000000000000001000001100000000100000000001000000000000100001000000011000000000000100000000000000010000100000000000010000000000000011000000001100000000001000000100000000110000000000001010000000000000100000000000000000000000001000000000001000000000010001000000000000000000100000000000000000000000001001010010010000000000000000000000000100011000000000000000010000000001000000000000000000000010110000000000000000000100100010000000000000000000000000000000000000,
;tableau 47 de l'image 2 à pour solution : 2 
0000100000000000000000000000100000000000000000000000000100000000000000000000000000000000000000010000010010000010100000000001000000100011000100000000001100000101000000001000000001001000100100000010000000000000000100000100001010000000000010000001000000000000000001000000100011000000000000000000100000000010001100000000000000001100010000110000000000000101000011000000000000000000100110000000000000000000000000010000000000010000000000001000001000000011100000000010000000001000000000000000000010000000000000000000000000000000011000100000000000000000100000000000100010000000000000000010000000000000000000000000000010000000000000000000100110000000001000000000000100000000010000000000000000001100100000000100000000000000111010010000000000000000000000000000000000000000000000000000000000000000000000,
;tableau 48 de l'image 2 à pour solution : 2 
0000100000100000000000000000000000000000000000000000000000000000000000000000000000000000000000000001001001000000010000000010000000010000000000000000010010010010100010000000000000010000011000100000000000000000010000000010000000000000000000110000100000000100000000000000011000000000000000000000000001110000000000000000000000000000000000001000000000000000001000001000010000000010000000000000100100000000000100000000100001000000000000010101000001000000000000000000110000000000011000000000001100000000100001100100000000100001000000001101100000000000000000000000001000000000001000000000000000000000000000000000000001000000100000000000011000010000000000000000000000101110100101010000000000000000010000000000000000000000000100001110000000000000000000000010000110000000000000000000000000000000000000,
;tableau 49 de l'image 2 à pour solution : 2 
0000100000000000000000000000100000000000000000000000000011000000000000000000000000000000000000010000000100100100100000000000001100000101010100000000000000000001001001010000000000000011000000000000000000000000000000001001000010000000000100000000010110010000000000000010100010101101000000000000001000000100000000000000000010000100000000110100000000100001000000100000000000000000010000000000000010000000000000010000001000000000000000000000001010001000000000000000000010001101000100000000000000000000000000010000000000000010010100000000000000000000010000000000100000000000000000000000010000001000000000000000000000000100000000000000000000000000001000000000000000010001001000101000000000000000100000000000000000000000001000010000000100000000000000000001001000000000000000000000000000000000000000,
;tableau 50 de l'image 2 à pour solution : 2 
0000100000100000000000000001000000000000000000000000001000000000000000000000000000010000000000000001000000001000000000000010000001011000100000000000000100000000010000000000000000100000000001001000000000000000101000100010100001000000000000000001001001001000000001110000001000000000100000000110000000100000000000000000000000110000001000000000000000000000000011000000000000000000000001101010110000000000001000000100000000001000000000000001000000000100000000000000100000000010000000000000001001000000000000100000000000001000001000001011000000000010000000000000000000000000000001000010001001000000000000000100000000000000000000000000010001001000110010000000000110001000000100000000000000000110000000100011000000000000000000000100110000000000000000000000000000000000000000000000100000000000000000,
;tableau 51 de l'image 2 à pour solution : 2 
0000100000010000000000000000000000000000000000000000000100000000010100000000000000000000000000000100010001010000110000000000000000000000000000000000001001000001100001000000000000000000000000010111000000000000000000001000000000000000000000000000110010000100000000001000000000001010000000000000001110010010000010000000000000000000000100100000000000001000110000000000100000000010000010010100000001000000000001010010110000000000000000001010100100110000100000000001000000000000000100000000000000000000000000001000000000000000010100100100000000000000100000000000010101000000001000100000000000011000000000001000110000000010000000000000000010000000001000000000000001100100001000000000000000010000001000000000000000000000010011000011000100000000000000010000000000000000000000000000000000000000000000,
;tableau 52 de l'image 2 à pour solution : 2 
0000100000000000000000000000100000000010000000000000000000000000000000000000000000000000000000000010000100101000000000000000000000010000000000000000010000000000000000001000000000000011000010101000000000000100000000000000000000000000000000000010000000000000000000100010000000000000000000000000010000000000100000000000000010101100000000001000000000000000000001001000010000000000001000000000000010000000001000001001000000111000000000100000001010000100000000000010010010000000101011000000000000000000010000000000000000000000000000001000000000000001000000000010100000000000000000000000000000000000000000000000000000000100000000000000000000011000000000000000000000000000000001001000000000000001100000001000000000000000001000000000111000000000000000001001000010000000000000000000000000100000000000,
;tableau 53 de l'image 2 à pour solution : 2 
0000100000000000000000000000000000000100000000000000000000000000000000000000000000000000000001001000000010000100010000000000011000000111100000000000000000101100000000000000000000000000000000000000000000000000000101000000010010000000000000000000000010010000000000010000100101000000000000000000000000000111010001000000000000000011010000000000000000000011000100000000000000000000000001001001000000000000010000000010000101000100000000000001000000010000000000000000000000000000000100000000000011100100000001000000000000001000000000000000000000000000000000000000010000000000000100000000000000000000000000001000010000000001000000000000001000000011000100000000000001000000000010000000000000000110000000000000000000000000010000001000000000000000000000000000010000000000000000000000000000000000000000,
;tableau 54 de l'image 2 à pour solution : 2 
0000100000000000000000000000000000000000000000000000000000000000000000000000000000000000000000000011001000010000000000000000000001000000000000000000000001000000110100000000000000010010001011000000010000000000101010010000000000000000001000101010000000000100000000100000000000100001000000000010100000000000100110000000000010110000000100100100000000101000000010001010000000000010100000010000101000000000000000000000011000000000000000001000000100000001000000000010000000000100000000000000001000000000000010000000000000000100000000000100000000000000000000000010001000000000001000000000001010010000000000000000000000000000100000000000100001100000000000000000000000000100001001110000000000000001001010010100000000000000000000110100000000000000000000000000100010000000000000000000000000000000000000,
;tableau 55 de l'image 2 à pour solution : 2 
0000100000000000000000000000000000000000000000000000000000000000000000000000000000010000000000001000000010001000000000000001000010000000000000000000000000000110000001000100000000000000000100000000000000000001000000001001000000000000000000000001010000000000000000010010100001001100000000000001000010100000000000000000000000000001001000011000000000000010010000000001000000000000000010101010000010000000000001000000000000010000000000000010000010100000000000000000001000000000001001000000000100000000100000000000000000000010000000001010000000000001000000000000110000000000000010001000010000001000000000010100000000000001000000000000000000011100010000000000000000000001010000001000000000000100000000000000000000000000001000001000010000000000000000001100000100000000000000000000010000000000000000,
;tableau 56 de l'image 2 à pour solution : 2 
0000100000000000000000000000000000000000000000000000000000000000010000000000000000000100000001110001000000110100100000000000000000000010000000000000001000001000000000001000000000000010000011100010000000000000000110010000000011000000000010100010000010000000000000000000000000000000010000000010001000000010100000000000000000000100000110100000000000010001000001100000100000000000100000010000001000000000000000100100000000000100000000110000100000001010100000000000100001000000000100000000000000000000000000000000000000000001010000000000000000000000000000010010000010000000000001000001001001010000000000000000100000000000000000000000000110000000100000000000000001000010000100100000000000000000000000010001000000000000000000010000100000000000000000000000001000000000000000000000000000000000000000,
;tableau 57 de l'image 2 à pour solution : 2 
0000100000000000000000000000100000000000000000000000000010000000000100000000000000011000000000000000000000000000010000000010000000100000000000000000000010000000000000000000000000000000110000010100100000000110000001001100000100000000000100000000101000000000000000011010001010000000000000000000010000010000000010000000001110010000000001001100000000000000000000000000000000000000001100000001000100000000011000010010000000100000000000000000010001000000010000000010001000000000000011000000000111001000000010000000000000000000000000000000000000000000110000000000010000000000000100000000000000000000000000000100000000000101000000000000000000000000000110000000000000010000100010000000000000001001100000101000000000000000000010000000010000000000000000000101010100000000000000000000000000000000000000,
;tableau 58 de l'image 2 à pour solution : 2 
0000100000000000000000000000000000000000000000000000000100000000000000000000000000000000000000000000100010000100000000000000000001010100000010000000000000001100000000000100000000100000000000000001000000000001010000010001000000000000001010000000000000100000000000100000000000001000100000000000000000001000000100000000000000000010000000010000000000000000001011000010000000000100000001010000000000000000000010000001001001001000000000000010000010001010000000000000110000010010001000000000000000000000000001000000000000011000000100000000000000000001000000010000101000000000000000000000000001101000000000000000000001100010000000000001000000011010000000000000000000100010000000000000000000000010000100000100000000000000100000000000000000000000000000000000000000000000000000000000000000000000000000,
;tableau 59 de l'image 2 à pour solution : 2 
0000100000000000000000000000000000000000000000000000000000000000000000000000000000000000000000010000000000101000000000000101001000101000000000000000000000010000100001010000000000000001100100001000000000000100000010000110011010000000000000001110001000000000000000000010011000000000000000000000001000000010101000000000011000110100000001000000000000010010110000010000100000000000000010001010100000000000000100010100010010000000000000000000100000000001000000000000001000100000010100000000000010000000000010100000000000000000001000000000010000000000000000000010010000000000000000001010000010000000000000001000110000000100100000000000000000000000010000000000000011001000100000100000000000000000101000100001000000000000010000010001010000000000000000100010000000000000000000000000000000000000000000,
;tableau 60 de l'image 2 à pour solution : 2 
0000100000000000000000000000010000000010000000000000000100000000001000000000000000000000000000101000000100000011010000000000000000000001000000000000000000001000000000000000000000000000010000010010000000000000001000000000100000000000000000000000000000010000000000001000100000000000000000000110000111000101000001000000000000001010001010001100000000000000001000001001000000000000000101110000000000000000000000000000001000000000000000010010000001001100000000000011000000000000001000000000000100000100100000000000000000000100010100000011000000000001000000000000000000000000000000000000001001010000000000000100000011100000000000000001001100000100100000000000000100100000000001000000000000000000000001001000000000000000000001100100000000000000000000000001000000000000000000000000000000000000000000,
;tableau 61 de l'image 2 à pour solution : 2 
0000100000000000000000000000100000000000000000000000000000000000000100000000000000000000000001010110001000001000000000000001000000110000100100000000010000000100000001000100000000000011000010000100000000000010000000100000000110000000000000100001000000000000000000000011000100010001000000000000100000011000000000000000000010000100010100100000000000110010010100010000100000000000000000000000000000000000000000000100000000001000000000001101000100100000000000000000000000010000110000000000001010000000000000011000000000010000000000000000100000000000000000000000000000000000000010000001000000001000000000000000000000000000100000000000100000000010000000000000000000001000100100001000000000000000000000000100000000000000100010000000011000000000000000011000101000100000000000000000000000000000000000,
;tableau 62 de l'image 2 à pour solution : 2 
0000100000000000000000000000000000000001000000000000000000000000000000000000000000000000000000100000000000000000000000000000000001000000000000000000001000110011000000101000000000001000010101010010010000000000000100000000100001000000000000000000000111000000000000001000000000100000000000000000000010000000000000000000000100000000001010001000000000001001001000000000000000000010000000000010100000000000000000000000100001110000000000000000100000001000000000000000000001100010000000000000000000000000000011000000000000101100001000000100000000000000000000000000000110000000000001000000010001000000000000000000000000100000000000000000000001000000010000000000000000000100000010100000000000000010100001000001000000000000000000010011000000000000000000000010010000000000000000000000000000000000000000,
;tableau 63 de l'image 2 à pour solution : 2 
0000100000100000000000000000100000000000000000000000000000000000000000000000000000000000000000001000000000100100000000000000010000011101000100000000000000001000000100000000000000000010000000000001000000000000001000000000000000000000000100000010100000000000000000000001000000001001000000000000100100000001100100000000001000000100000000000100000000000000000010010000010000000000100101000100000000000000000000100001000010000000000000101000000010010010000000000001100000000000001000000000001010000000000000001000000000000010000000001010000000000000000000000000001000000000000000010001000010001000000000000000000001000100000000000000100000010000001000000000000000010000001000001000000000000000000000000000000000000000000010000000000000000000000000000000000001000000000000000000000000000000000000,
;tableau 64 de l'image 2 à pour solution : 2 
0000100000000000000000000000000000000010000000000000000100000000000000000000000000010000000000000000110000001000010000000000000111000000000001000000000001000101110000100000000000100001101000000000000000000000010111010000110100000000000000101100000000010000000000011000010000000010000000000000011000000000000001000000000010001000010000000000000000001000000000000010000000000000000000010001000001000000000010000000110000000100000000000010001000001100100000000010000000010010000001000000000000000100000000000000000000000000001100000000010000000010000000000000000110000000000000000000000001010000000000000000000010000010000000000000001000000100000000000000000111000001000011010000000000000000010010000000000000000000010000001001000000000000000000000001000100000000000000000000000000000000000000,
;tableau 65 de l'image 2 à pour solution : 2 
0000100000000000000000000000100000000100000000000000000000000000001100000000000000000000000000000010000000000100000000000000000000111000101100000000000000000000000001000100000000000000010000000110110000000000100000000110000000000000000000000010010000000000000000000001000111100000010000000100000000000010101100000000001000000000100110000000000000000010001011011000000000000000000000001100100100000000011000000000000000100000000000000000000000000000000000000000000000000000011100000000000000000000000010001000000000000000000001100110100000000000100000000010000000000000000110000000000000001000000000100100000000000001000000000001110011001000000010000000000000001100000000001000000000000101000000100000000000000000000000000100001000000000000000000000000010000000000000000000000000000000000000,
;tableau 66 de l'image 2 à pour solution : 2 
0000100000010000000000000000010000000001000000000000000000000000000000000000000000010100000000100000000100000010110000000110000001000100000000000000000001000101000000100000000000000010000100001000000000000010000000010001100000000000000010001100000000010000000000000000001000011000000000000000101100001000000000000000000000000000000000001100000000000100000100000101100000000000010000100000000000000000000000100010010000000100000000000100000000110100000000000001100000101100000001000000000000000000000001000000000000000001000000000001000000000001010000000000101000000000000000000000000000000000000000010000010000000000100000000000000000000000000000000000000000000011000000000000000000000000001001000001000000000000001010001000010000000000000000010000101000000000000000000000000000000000000000,
;tableau 67 de l'image 2 à pour solution : 2 
0000100000000000000000000001000000000100000000000000000010000000001000000000000000000000000000000011111000000000000000000000000000000010010011000000000000000000000110000100000000010100001010100100000000000000011000101100010000000000001000010010000000000000000000000000010000000001000000000110000001100100100001000000000000000010000000010000000000000000000000000000000000000000000001010000000000000000000000000000000000010000000000100000110000000001100000000000010001000001000000000000000010000000000000000000000000000100010000000100000000000010000000000000000000000000000000000000000001001000000000100000000000000001000000000000000010000000000000000000000100000000010010000000000000001010000000000000000000000000010000000010000100000000000000000000000110000000000000000000000000100000000000,
;tableau 68 de l'image 2 à pour solution : 2 
0000100000000000000000000000000000000001000000000000000000000000000000000000000000001000000000000000000000000000100000000000000010000000000000000000001100001011000001001000000000000000000000010000000000000100000001000000001000000000000010000001001010000000000000101000001100100000100000000001100000001011000110000000000000010000000000001000000000000000101010100000000000000010000110001000000000000000000000000000100011000000000000000111000000100000000000000011000000110010101000000000000001000000000011101000000000000000000000000000100000000000100000000000000000000000000000000011001000000000000000000101010001100000000000000000010000011010110100000000000000100000000000000000000000000100000001001100000000000000100101100100100000000000000000000000001000000000000000000000000000000000000000,
;tableau 69 de l'image 2 à pour solution : 2 
0000100000100000000000000001000000000000000000000000000000000000010000000000000000010000000000010000010100000001010000000001000001001001000000000000000010110100000000010100000000010010010000100010000000000000001000110010000010000000000000001000010000000000000000000000100010010001000000000010000000000000000000000000000100100101001010010100000000010000010001000000000000000000000000000010000000000000001000011000000000001000000000100000001001001101000000000000000000001101010000000000001010000000100000000000000000000000010000100000000000000001000000000010000000000000000010101100010001000000000000100000100000000011000000000000100010000100000000000000000011001000000100000000000000001000000000000000000000000000000000010000000000000000000000000001110000000000000000000000000000100000000000,
;tableau 70 de l'image 2 à pour solution : 2 
0000100000000000000000000000000000000000000000000000000010000000000100000000000000000000000000100000100000001000000000000000000110010000100000000000010100000000110000000000000000100000100101000101100000000010000100000001000000000000010000000100000000001000000000000000011000000100000000000000001100000000000000000000000010000000000101101000000000000000000000010100000000000000001000000100000000000000000000000100000000000000000000001110000000000000100000000010100000000000000010000000000101000100000001101000000000001000000000000110000000000000000000000000100000000000000100000000000000000000000000010000010000000100000000000000000000001000000010000000000000000101001001110000000000000110000001000100100000000000100100000111000000000000000000000000000000000000000000000000010000000000000000,
;tableau 71 de l'image 2 à pour solution : 2 
0000100000010000000000000000000000000010000000000000000000000000001000000000000000000000000000000000001000000000000000000000001000100100000011000000001000000100000000101000000000000001010000000000000000000000000001100000000001000000001000000000010000000000000000011000000001000010010000000000000010000010100001000000000100010010000010000100000000010100010000000000100000000000100100011010010000000000001010000010001001000000000000000000100000001000000000000000000000101001000100000000001000101000000010000000000000000100000000000000000000000010000000010000010100000000000000000000000000000000000000000000000001000001000000000000010010000100000000000000000100100000000010001000000000001000110000000001000000000000000000010000000000000000000000010100000000000000000000000000000000000000000000,
;tableau 72 de l'image 2 à pour solution : 2 
0000100000000000000000000000100000000000000000000000000000000000000000000000000000011000000000000000000001000101000000000000000010000010010000000000010000100000000011010000000000000000001000010100000000000000001010000010010010000000000010011010000010001000000000000000101110110000000000000010000000000101001010000000000000000000000001000000000000000000000000010000000000000000000000000001000000000000000001010000110010010000000000100001010000000000000000000000100000000100000000000000000000000000000000001000000000000000001100000010000000000000000000000000001010000000000001010010001000001000000000010000000010100000000000000000000000000000000100000000000001001000100000000000000000000000001100010000100000000000100001000000001000000000000000001000110100000000000000000000000000000000000000,
;tableau 73 de l'image 2 à pour solution : 2 
0000100000000000000000000000000000000000000000000000000010000000000100000000000000000000000001000010001100000000100000000001001001000100000000000000000000001000011000000000000000000011010100001000100000000000000000001000000001000000000000100000100000000100000000101000000000001001000000000001000100000010000100000000000001100110001110011000000000000001100000000000100000000000000000000100100010000000000000100100000000000000000000000000001000000000000000000010010000100000100010000000000001000000000001000000000000000000000000000001000000000000000000000000110000000000000000100000000000000000000000000000110001000111000000000000000000010000010000000000000000000100000100010000000000000001100000000000000000000000000100001000000000000000000000000000000000000000000000000000000000100000000000,
;tableau 74 de l'image 2 à pour solution : 2 
0000100000000000000000000001000000000000000000000000000100000000000000000000000000000000000000000000000010010000000000000000000000000000110100000000010000000010100011110000000000000000000000010100000000000001001000100100001000000000000010000000000101000000000000010011000011010000000000000000001000000001000000000000000000000000000000000000000000100000001001000001000000000000000000101000000100000000000000001001001000011000000000000001010000100111000000000000001011001000001001000000000010000000000000000000000000001000001000100000000000000010000100100010000000000000001000000000000000010000000000000100000010000000000000000000001000000010001000000000000100001000000000001000000000010010000000001000000000000000000000000010000000000000000000000100010010000000000000000000000000000000000000,
;tableau 75 de l'image 2 à pour solution : 2 
0000100000000000000000000000000000000001000000000000000010000000000000000000000000010000000000001000000100000001010000000000000000010000000000000000000000000100011000000000000000010111000110000000000000000010000000000000010001000000000000011001000000010000000000000000010000001100000000000001000001000010001010000000000000100000001000000000000000000000000000000000000000000000000000000100000010000000000010100000010000100100000000101010100001001000110000000010000000000010000010000000000000000000110001100000000000100000010000000010000000000001000000000000000010000000000000010001000000101000000000001000000000000100100000000001000010000000010000000000001000110000100101000000000000000000000001000100000000000000010000000100000000000000000000010000000000000000000000000000010000000000000000,
;tableau 76 de l'image 2 à pour solution : 2 
0000100000000000000000000000000000000000000000000000000100000000000100000000000000000000000000000000001000100000000000000001000000001110000010000000001000000011100001100000000000000000000000010110100000000001000000000000000110000000001000100000001010000000000000000000101010010000110000000000001010111000010101000000000010001100000110000000000000010000000100010000000000000010110001000010000100000000000000011100001000010000000000000001000100010001000000000001000000000100000000000000000100001100000000010000000000000010000000001101100000000000010000000010001000000000000010000000010000000000000000000000010000000010000000000000000000111100000000000000000110000000001010101000000000000001000000010010000000000000000100000000100000000000000000000100011001000000000000000000000000000000000000,
;tableau 77 de l'image 2 à pour solution : 2 
0000100000000000000000000000000000000000000000000000000000000000010000000000000000010000000000000001010000001000000000000010000001010000001100000000000000100100011000000100000000000110100001000000000000000000100011010100000000000000000000000011000000000000000001000000010001000000000000000000000100000000000000000000000000000000000000011000000000101001110001000000000000000000000010000000101010000000000010100000100100000000000000010100000000100010000000000000100010000001001001000000000000000000000001000000000000010001011001100010000000000000100000000000000000000000000000001001001000000000000000001100000000100100100000000001000101000010010000000000000000000001000100010000000000001000011010100000000000000000000000000000000100000000000000110000000000000000000000000000000000000000000000,
;tableau 78 de l'image 2 à pour solution : 2 
0000100000000000000000000000000000000100000000000000000000000000000000000000000000000000000001000000001100000010100000000000000100100000010010000000001100000010000100100000000000000000010000000110100000000000000000000001100000000000000100100000000100010000000000000000000000001000000000000000000000000010000000000000000010000010101010100000000000000100000100011000000000000000101000000000000000000000000000001010000000000100000000100001000000010001000000000000000000110100100000000000001010000000000010110000000000000000000000000100000000000000000100000000011010000000001100000000010000000000000000000010110000000010000000000000101000000100000000000000000010101010000001101000000000000100100101000000000000000000000000000000000000000000000000000010000000000000000000000000000000000000000000,
;tableau 79 de l'image 2 à pour solution : 2 
0000100000000000000000000000000000000000000000000000000010000000000000000000000000000000000000100010100000000001000000000011010010000000001000000000010000100101100010010000000000100000000000000000000000000000010010000000000001000000000000000000101010100000000000000010001000000000110000000000000001000100000000000000000000000000010100010100000000000000000000000001000000000000000010011000010100000000001101100100000010000000000000000010010100000010100000000000000001000000000000000000000100000000000000000000000000000010001000101010000000000001000000000010000000000000000000000000000000010000000000001000000000000101000000000000010010000000001000000000000001000001010000010000000000010000000000100000000000000000001100000011011000000000000001101000000100000000000000000000000000000000000000,
;tableau 80 de l'image 2 à pour solution : 2 
0000100000000000000000000000000000000100000000000000000100000000001000000000000000000000000000000001000000000000100000000000000100011101000100000000000011010010000000000000000001000000101001001001000000000000001101100000000000000000000000100000000000010000000000110101000000000000000000000000000010000010010000000000001000110000000010000000000000000001000001001010000000000001000100000001000011000000000000000000000000000000000000000000000000000001000000000001000000000000000101000000000001000000000001010000000000011001000000000000000000000000100000000000011010000000001000000000000000000000000000010000000010000010000000000000001000000000000100000000000000001100000100000000000000000001000000010100000000000000100000000100100000000000000000000010100000000000000000000000000000000000000000,
;tableau 81 de l'image 2 à pour solution : 2 
0000100000000000000000000001000000000010000000000000000000000000000000000000000000001000000000010000000000000101000000000000000000100000101000000000000000100101000000100000000000010000000000010000100000000010100000000100110000000000001000000100010001000000000000000000100100000100000000000000000000000000000000000000000000001001010000000000000000001000010000000000000000000000100010000000000000000000000000100010101101010000000000000101010110110010000000000000000011101000000000000000001010000000000000001000000000000010010000000000000000000010000000000000000000000000000011010000000000101000000000001000110001100000100000000010100100010000000000000000000000010000000001010000000000010000000101101000100000000000000000010001011000000000000000001001001000000000000000000000000000100000000000,
;tableau 82 de l'image 2 à pour solution : 2 
0000100000000000000000000000000000000000000000000000000000000000000000000000000000000000000000000100010000000000000000000000001000000011010001000000010000000000000111000000000000000000010000100000000000000000000000000000000000000000000000001000000000000000000000000000000000000010100000000000001010110000000110000000000000000000000000000000000000100000000001000001000000000000001001000000101000000000001000000000000000001000000000000000100000001000000000000000100000010000000000000000000000100000000010000000000000000000000000100000100000000000000000000000000001000000000000000011000000000000000000010000000000000000000000000000000001100000001110000000000000001001100000000000000000000000001000000000000000000000011000001000100000000000000000110100000001000000000000000000000000000000000000,
;tableau 83 de l'image 2 à pour solution : 2 
0000100000010000000000000001000000000110000000000000000000000000001000000000000000110000000000010001001000010000100000000000000001011000100000000000000000100011000000000100000000100100000000000001100000000100000000000000000000000000010000000001010100000000000000111000010001000000000000000000000000001111000001000000001000001000101000010000000000000000010010000000100000000000000010000000000000000000000010110000001000000100000000000001010000110011000000000010000001000001100000000000000101001100100000110000000000000000000000000000000000000001010000000000100100000000000000000000000000010000000000000000010010000000000000000000000000000000000000000000000100100000010010010000000000000000000000101100000000000000000101000000000000000000000000000000000000000000000000000000000000000000000000,
;tableau 84 de l'image 2 à pour solution : 2 
0000100000000000000000000010000000000001000000000000000001000000000000000000000000000100000000100100000101000100000000000001000010000011000000000000000001010000100000110000000000000000000000011000000000000000011101001000000011000000000110000000000000000000000001000001001100001000100000000010100001010000000100000000000010010100000000000000000000000010000000010011010000000000001000100000100110000000000000000000000100000000000000000100000010000000010000000000010000010000010010000000000000000000000011000000000000000101001000000000000000000000000000000000000000000000000000000010000010001000000000010000000000000101000000000001000000010000001000000000000000000010000000100000000000000000000100010010000000000000010000010000000000000000000000001010000100000000000000000000000000000000000000,
;tableau 85 de l'image 2 à pour solution : 2 
0000100000010000000000000000100000000010000000000000000100000000000000000000000000000000000000000000100000000001100000000000001100001000000100000000001000100100010000000000000000000000011011000010000000000000100010000010010000000000000000000000000001000000000000101000000000000000000000000000000000000100000010000000001000000000000100000000000001000000000000000000000000000000000011000010000000000000000011110001010000100000000000000000001000010000000000000011100000000000100000000000001000000000000000000000000000100000000000001010000000000001000000110000010000000000000000000000010000000000000000000100100000000000100000000000000010001010000000000000000100101000000100000000000000000100010011000000000000000000000100000000001000000000000000000000010000000000000000000000000000000000000000,
;tableau 86 de l'image 2 à pour solution : 2 
0000100000000000000000000001000000000001000000000000000000000000000000000000000000000000000000010010010000000100000000000000000011000010110000000000000100000010000010001000000000110011100100100101000000000000010100010100000000000000000000101000000000010000000000000000000101010000010000000000000110011000000000000000000010010000010000000100000000000000011010000000000000000010100000000000000100000000000000000000100000000000000000101000000000000110000000000000000001000000000000000000000101000000100011000000000000000001000000000000000000000000011000000000100010000000000000000000001000001000000000010000000000100000000000000000000000000000000100000000000000000000101000000000000000000010000000100100000000000000000010000000000000000000000000010100000010000000000000000000000000000000000000,
;tableau 87 de l'image 2 à pour solution : 2 
0000100000000000000000000000000000000010000000000000000010000000000000000000000000000000000001100000000110100000100000000000000000001000000000000000000000001000100101010000000000000000011000000010000000000010001000000000010000000000000100000000011000000000000000011001000000000000000000000000000000000000000000000000001000000000100100000000000000010010000000000000000000000001000001000000100011000000000011101100000010001000000000010000101000000000000000000000000000110000100000000000000010000000000000001000000000001010100000001011000000000010000100000000000000000000000000000001000000000000000000000010000000000101100000000000010100111000000000000000000010111000010000000000000000010001000011001000100000000000001000001000010000000000000001000000000000000000000000000000000000000000000000,
;tableau 88 de l'image 2 à pour solution : 2 
0000100000000000000000000001000000000000000000000000000001000000000000000000000000000000000000000000000000001001000000000100011011000000000000000000000000000000001010000100000000000001100000100000000000000000000010010100000010000000000000100001100000000000000000100010110000000001010000000000000101100100000000000000000000000000000010000000000000000001000101010000000000000000100000000011010000000000000000000010000000000000000000000000000100110000000000000010000000000000010000000000000000000100000000000000000000000001001100000000000000000000000000000000000001000000000000000010000000010000000000010000000000000010000000000000000000000000000010000000000000000000000000100000000000000010000000000000000000000000000000000001100000000000000000010110000000100000000000000000000000000000000000,
;tableau 89 de l'image 2 à pour solution : 2 
0000100000000000000000000010000000000000000000000000000110000000000000000000000000000000000000000000000001010000010000000000000100001001010101000000010000101000010000000000000000000000000000000101000000000000000001100001000000000000000100000000000000011000000000000000000001100000100000000011000000000011000101000000001001001100001001100100000000000010000010000001000000000010010000000000001010000000000100010000010000101000000000000000001000000000000000000000000000000100001000000000000011000000000010001000000000000010000000000110100000000001000000000000000100000000000101100000000000001000000000001010100000000101100000000001100001100000000000000000000111101000001001001000000000001000000000010010000000000000001000100010000100000000000000000000001100000000000000000000000000000000000000,
;tableau 90 de l'image 2 à pour solution : 2 
0000100000000000000000000000100000000001000000000000000000000000000000000000000000000000000000000011011100000000000000000100000001000000000010000000001000010000000000001000000000001011011000011000000000000011001000010000100110000000000000000010000101000000000000000000000000010000000000000100100000001000000000000000000110000000000000000000000000000000010001000000000000000000000010010110000000000000001000000001001110000000000000000100000100010000100000000000101000000010000011000000000000000000000000000100000000110000001000100000000000000000010000000000110000000000000010001000000011000000000000010000000000000000000000000000010100010010010100000000000000000010000100000000000000000110100001000100000000000000100000001000000000000000000000000110000000000000000000000000000000000000000000,
;tableau 91 de l'image 2 à pour solution : 2 
0000100000000000000000000000000000000010000000000000000000000000011000000000000000000000000000100100000011001001000000000000000100101010000000000000000001000001000100000000000000000000100000100010000000000100000000000000000000000000000010001000000000000000000000010000100100101001000000000000000101110010101010000000001000000010100000010000000000100000000000001000100000000000000000000000000100000000000100110000100000110000000000000000000000101001000000000000000000000000001100000000000010100000010000101000000000000100000000001000000000000011000000010100000010000000000000000000000000100000000000001000000000000000000000000001000001000000000000000000000010000000000000000000000000000001010010000001000000000000000000000100010000000000000000010001001000000000000000000000000000000000000000,
;tableau 92 de l'image 2 à pour solution : 2 
0000100000000000000000000000000000000000000000000000001000000000000000000000000000000000000000000000000100010100100000000010010001010000010110000000000010010000001000010100000000000000000010000001000000000000000101010100100010000000000000100011010000000000000000000000000000000000100000000011000000000101000000000000000100100000001000000000000000010010001011010101000000000000001100000000110000000000000010000100010000001000000000000000000100000100000000000010001000001001000000000000000100000000000001000000000000000001001100000000000000000000010000000000000000000000000000000011010000000000000000000000000000000000000000000000110000101000110000000000000000101000010010000000000000000100100000001010000000000000001000001011100100000000000001000110010000000000000000000000000000000000000000,
;tableau 93 de l'image 2 à pour solution : 2 
0000100000000000000000000000000000000000000000000000000000000000000000000000000000000000000000000110100011100010010000000001000100000000100000000000011101000000000000000000000000010010110000000010010000000000001000001000010001000000000000000000000110000100000000000001100000001000000000000000001100100000000000000000001000001011000010000000000000100000000100101000000000000000000000001110000000000000000000100000000110000000000000000000001001000000000000000000000000010000001000000000000000000100000010011100000000000000000000000010110000000010001000000000011110000000000001100000000001001000000000001000000011000100000000000010000000000100000100000000001100000000000001001000000000010000000011000000000000000000000100000000000000000000000000000000000000000000000000000000000000000000000000,
;tableau 94 de l'image 2 à pour solution : 2 
0000100000000000000000000000000000000000000000000000000110000000001010000000000000000000000000100000001000000000000000000100001000011010000100000000000010000000000001001000000001000100000101000001000000000000100000000000000100000000000000001100000000000000000000010000000000100001100000000001000000000000001000000000010010000100000000101000000000001001001001000000000000000000000100100000100010000000000011001000101000001000000000000100000100010000000000000000000011000000000000000000000000000000000000100000000000001000000000000001000000000000000000000000000000000000000000000000001000100000000000110000010000100000100000000000000000000000000010000000000000000001000100000000000000000000000100000000000000000000000000000000000000000000000000000000000000000000000000000000000000000000000000,
;tableau 95 de l'image 2 à pour solution : 2 
0000100000010000000000000000000000000000000000000000000000000000010100000000000000001000000000010011000010010000010000000000010100000000100010000000000000000001000000100000000000000001000000000000000000000010001111000001101010000000000000000001000000010000000000000011000100001000010000000000000000000000000101000000001000000000000010010000000000000000100000000000000000000010000000000001000100000000000000000001000001000100000000000010100000000011010000000000100000000100000000000000001001000100000000011000000000000100000000000010100000000000010000000000010100000000000111000010000000011000000000000000000010000000000000000001010000001000001100000000000010001000000011000000000000000011000011100000000000000000000000100100000000000000000000010000100110000000000000000000000000000000000000,
;tableau 96 de l'image 2 à pour solution : 2 
0000100000100000000000000000000000000000000000000000000100000000000000000000000000000000000000000000100001100100000000000000000000101000001000000000010010011010100001001000000000000000000010000010000000000000000000000100000100000000000000101000000000000000000000000000000000100010100000000000000000101001100000000000000000000001000100000000000000101010000000100010000000000000001000000110000000000000001010000000001000100000000000000100000000000000100000000001000000000000000100000000000100000000100000100000000000000000010000100001010000000000000000100010000000000000000000000000001000000000000000001000000000000100000000000000000010110010000000000000000000010000101000000000000000000000100000000010000000000000010000010010000000000000000000000000001000000000000000000000000000000000000000,
;tableau 97 de l'image 2 à pour solution : 2 
0000100000000000000000000000100000000000000000000000000000000000001100000000000000000000000000000010000000000000100000000000000010000100100001000000000000100000010100000000000001000001001000001100000000000011000000000010000010000000000110000000011010000000000000010010101000011000000000000000000100000100001000000000001010101100000010011000000000000001010010000000000000000001000100000000000000000000000000100000010000001000000000000000001000000100000000000000001010000000000000000000001000000000000000000000000000110011000000000010000000000000000000000100000000000000000000000000000000000000000000000000000010100000000000000000000100001000000000000000000100000100000000100000000000000010000010100000000000000000101010000100001000000000000000001100000000000000000000000000000000000000000000,
;tableau 98 de l'image 2 à pour solution : 2 
0000100000000000000000000000000000000001000000000000000100000000000000000000000000010000000000010000011000000010000000000010010000100010000000000000010100000100001000001000000000000000000000010000000000000000000000000000100000000000010000001000100100000000000000100000000110000010000000000011000000010000000000000000000000010000010000000000000000010000101100001000010000000010000000000010000010000000010000011000100110100100000000000100000000100010000000000001000000001000110010000000000000100100000000101000000000000000010000000001000000000010000000000000001000000000000000000000000000000000000000001000000000000001000000000000000000000000000100000000000001001011010010001000000000000000110100000010000000000000010000101010110000000000000000000011010000000000000000000000000000000000000000,
;tableau 99 de l'image 2 à pour solution : 2 
0000100000010000000000000000000000000010000000000000000000000000000000000000000000000000000000100000100011000100100000000001000001000000110000000000000010001000100001000000000000000000111010000100000000000001000000011001010010000000000000000010000010000100000000000010100000110000000000000100000000101010010001000000000010001100000000101000000000000000000000000000000000000000000000010000000000000000000000000000000001010000000000000001000010000000000000000000000000000001000000000000000000000000100000010000000000001010000000100000000000000000000000100000010000000000000001100000000000000000000000000100000000100000100000000000000100010000010000000000000000000000000000010000000000000000000000010000000000000000000000000000001000000000000000101100000000100000000000000000000000000000000000,
;tableau 100 de l'image 2 à pour solution : 2 
0000100000000000000000000000000000000000000000000000000010000000001000000000000000001000000000000001000000110001000000000000100000010010000010000000011000000100000000000000000000001000000101100000010000000000000001000000000000000000000100111100000100000000000000010001000010000000000000000000000101000000100100000000010000100000000010000000000001000000010000000110000000000000000010001000000001000000001101010001000000101000000000000000000000000001000000000000010010000000010100000000000000000000000010000000000000000100010100000000010000000000000000000100100010000000000100000000000001000100000000000000000010000000000000000000000000101000000100000000000000000000010011000000000000000000001000001000000000000000001010000001000000000000000000010000000001000000000000000000000000000000000000,
;tableau 101 de l'image 2 à pour solution : 2 
0000100000000000000000000001000000000000000000000000000000000000000000000000000000000000000000110000000100000100100000000000000000000001000000000000000001001000111000010100000001000001100000001100000000000001100000110001000100000000000000000000010000000000000000001000100001000000000000000011000000011000000000000000001100000110010000000100000000000100100100000001000000000010000000010001000000000000000000000000000001000000000000010010000000100000000000000010000000000000000010000000001100000000000000011000000000000000000000000000000000000000000000000000011000000000001001000001000000001000000000000010100000100100000000000001100100010010000010000000000000000000000100000000000000000001000000100111000000000000000000000000001000000000000000000000000000000000000000000000000000000000000000,
;tableau 102 de l'image 2 à pour solution : 2 
0000100000000000000000000000000000000000000000000000000010000000000000000000000000000000000000000001000010111000000000000000000100101000000100000000000000010010000000001000000000010000010110010000000000000000000001000010000001000000000100010000000100000000000000000000010010001000000000000000000000100000000010000000000000000000000000011000000000000000000010000000100000000001000001000110100000000000000000000100001000011000000000100100000010000000000000000001010010100000100000000000000000000000010000000000000000000000000000000000000000000000110000000100000000000000000100000000000000000000000000000000010000000000100000000000000000100100010000000000000000101000000000001000000000000000001001000000000000000000100110011000010000000000000000100000010000000000000000000000000000000000000000,
;tableau 103 de l'image 2 à pour solution : 2 
0000100001100000000000000000000000000011000000000000000000000000000000000000000000000100000000000000101000000000010000000101000000000000100000000000000000000000000011010000000000000000001000000001000000000100000000000100001000000000000000001000000010100000000000100000100000000000000000000100000010000000000101000000000110000000001110100100000000101000101000000000000000000000000000110000011000000000000100100000110110000100000000000000001000000011000000000000000000000100000000000000001000000100000000100000000000100100000000001000010000000000000100000000010000000000001000000010011001000000000000000010100000000000000000000001100001000000001010000000000011000000011000000000000000000001000000001001000000000000000000000010100000000000000000001011001110000000000000000000000000000000000000,
;tableau 104 de l'image 2 à pour solution : 2 
0000100000000000000000000001000000000000000000000000000000000000000000000000000000010000000001000000010000001001000000000000110001000001000010000000000001001011010000000000000000011000000000000000000000000000000000000000000000000000010000000100100000000000000000001000000001001000000000000000001100100100000010000000000000000000000001000000000000000001000100110110000000000000100000000100000010000000001000000001000000000000000000000000000000010000000000000000000000011000000000000000000001000000000000001000000000000000001000100010000000000010000000000110001100000000000000000000000010100000000000000000000001000101000000000000010010010010100100000000000100000010000000010000000000010010000000000000000000000000000000010001000000000000000001000100000000000000000000000000000000000000000000,
;tableau 105 de l'image 2 à pour solution : 2 
0000100000000000000000000000000000000011000000000000000000000000000000000000000000000100000000000010000101010000100000000111000000001000000000000000000100000000001010010000000001000011001001010010010000000000001100000010000010000000000000000000000001011100000000100011000100000010000000000000100011010000000000000000001000000000000000100100000000000000000011000000000000000111000010101000000001000000000000000000000000000000000000010000000001000111000000000011100000000000001110000000000000000000000000000000000000001110010001000001000000000000000000000000000000000000000110000000001000000000000000001000000000000000000000000000000000000000001000000000000000110000010100000000000000000000000000000000000000000000001001000000100000000000000000010000101100000000000000000000000000100000000000,
;tableau 106 de l'image 2 à pour solution : 2 
0000100000000000000000000001000000000000000000000000000000000000011000000000000000010000000000000100000000100001000000000000000010100100101001000000000000100000000100000000000000000000000000100000000000000000000000001001000000000000000000110010010100100000000000001000000000000000010000000000000000000100000000000000000000000000000000000000000000000000101000001010100000000000110000000100000010000000000000001011011000000000000000000000000000011000000000000000001000000000000000000000001001000100000010000100000000100000000000000000000000000011000000000000100000000000000001000000000001001000000000010000000000000001000000000000000001001000000100000000000000000000001000100000000000000000100000100000000000000000000010001000001000000000000000000010010000000000000000000000000000000000000000,
;tableau 107 de l'image 2 à pour solution : 2 
0000100000000000000000000000000000000000000000000000000010000000000000000000000000000000000000000011101100000000000000000011000001010001010000000000011011001000010000010000000000000000100000000000000000000011100000000000000100000000001000000000000000001000000000000000010010001001000000000000100000100000001011000000000000000100001000010000000000100001010000000000000000000001000000100010011100000000000010000000100101010000000000000101100000000000000000000010100000100000000100000000000000000000000000000000000000000100000100000010100000000000000000000000000010000000001100001000000000110000000000000000000001000000000000000000000000000001001010000000000000011000000101000000000000010100000000000100000000000000010001010001010000000000000001000000100010000000000000000000000000000000000000,
;tableau 108 de l'image 2 à pour solution : 2 
0000100000000000000000000000000000000000000000000000000000000000011000000000000000010000000000100000000001000000000000000000001000100000000000000000000000100011000000000100000000000100000010110101000000000000000000000010000000000000000000000001001000000000000000010010101000000000000000000110001000001000010000000000000000100010100000001000000000000000000110000000100000000010100000000000100000000000001100000001010010000000000000100000000100001001000000000000001001001000000000000000001001000000000000100000000000100000000000000000000000000000100000000010000000000000000000000000011000000000000000000000000000000001100000000000000000000100000100000000000000100000101000000000000000000000001000001000000000000000000100100000000000000000000000010110000100000000000000000000000000000000000000,
;tableau 109 de l'image 2 à pour solution : 2 
0000100000010000000000000000000000000010000000000000000100000000000000000000000000000000000000000001000000110101000000000010000100000001001010000000000010001000010000001000000000001000010000000000000000000000000000000000000100000000000000011000100000000000000000000000000000110000000000000000000100000100001100000000001000000001001101000000000000101000110000000010010000000000011001000001000000000000000010000000000000100000000000010000101000010100100000000000000010000000011000000000000000000000000000001000000000000100000000000001000000000000010000000000000000000000001100001010000000001000000000010010010010000000000000000000000011000010000000000000000000000000000000010000000000010010110000000001000000000000100000010000001000000000000000001000100010000000000000000000000000000000000000,
;tableau 110 de l'image 2 à pour solution : 2 
0000100000000000000000000000000000000100000000000000000000000000010000000000000000000000000000100000000000000000110000000001010000000000000000000000001000000010001000000000000000000010000010000000000000000001010100001001100000000000000000000000000000010000000000101000001000001000110000000000000010000001000010000000010111000010010000001000000000000000000010100000000000000000000100010000101010000000001100100100011000001000000000000010000001101000000000000010100001000000000100000000000001000000000010010000000000000000010000000000000000000001000000000000010000000000000000000000000011100000000000000000000000000000100000000000000100011000100000000000000111001000011111100000000000000000000110001000000000000000010000000000100000000000000000000110000000000000000000000000000000000000000000,
;tableau 111 de l'image 2 à pour solution : 2 
0000100000010000000000000000100000000000000000000000000100000000000000000000000000000000000000000000000000001101000000000110000000001100100010000000000000001101100000000000000000000001000001011001010000000000000001000000000000000000001000000000010001000000000000000000000000000001000000000111000000000100000000000000001000110000001000100000000000001100100100001001000000000000001000101001000000000000000000000000000001000000000000000101100000000000000000000000000000000000000000000000001010001000100000000000000000011001000000100001010000000000000000000110001000000000000000000000000000011000000000000000000000100000000000000000000001000000001000000000000000100000000000000000000000000010001000000001000000000000000111000000001000000000000000001000001010000000000000000000000000000000000000,
;tableau 112 de l'image 2 à pour solution : 2 
0000100000000000000000000000000000000010000000000000000001000000000000000000000000000000000000000001011001000010000000000001000100010000010000000000001000110000000010010100000001100000110000000110000000000000000000110110110000000000000000000111100000000000000000001001010110000000100000000000000010000000001000000000000000000101000000000000000000000000000000000000000000000011100011000100000100000000000010110000010010000000000000000010001001000011000000000000000000001000100100000000000000000000000000000000000000000000000100000000000000000000000000000000000000000000000000000000000000000000000000000000000010000000000000000000000110110000010010000000000100000101010100000000000000000100100000000000000000000000010000000000000000000000000000000000010000000000000000000000000000000000000000,
;tableau 113 de l'image 2 à pour solution : 2 
0000100000000000000000000010000000000000000000000000000000000000000100000000000000001100000000000110000010000001110000000010001000001000000000000000000000000000000001000000000000000111001101010001000000000010100101000001000100000000001000000000001000000000000000100000000001000000000000000000000001010000000100000000000000010010111110000100000000010000000000100000000000000000000000000000000000000000000000000001100000000000000000011000100010000000000000000010100010000000000010000000001100000000000011000000000000000000001000100101000000000000000000000000000010000000000010000000000000001000000000000100000000000101000000000000000000001010000000000000000000010000000010101000000000000010000000000001000000000000000100011100000000000000000000010000101000000000000000000000000000000000000000,
;tableau 114 de l'image 2 à pour solution : 2 
0000100000000000000000000000100000000010000000000000000000000000000000000000000000000000000001000000001100000000000000000000000011000000000101000000001001010001000000001000000001001000000000000000010000000000000000000000010000000000000010000000000000010000000000000010010000100000000000000001001000000100100000000000001000000000000000101000000000001000000000010000010000000000000110101101000000000000000000000010001010000100000000000001000001001101000000000000010000000000000000000000000000001000000000000000000000000000010100000000100000000000000000000010000000000000000000000000010000000000000000000000000010000010100000000001000101000100000000000000000010000100001000000000000000001000100110000000000000000000001000000000000000000000000000000101000000000000000000000000000000000000000000,
;tableau 115 de l'image 2 à pour solution : 2 
0000100001000000000000000000000000000000000000000000000100000000001000000000000000001000000000100000000011000100100000000001010000111000000010000000000100001000101000000100000000000000001000011001000000000001001100000000000000000000000000000000000100000000000000000001100100000001000000000000000000010000000001000000000000010010010000000000000000010000000010001010100000000001100001000000000000000000001000010100100000010000000000000000000000000000010000000000100000000000000100000000001101000100100000000000000000100100001000000010010000000011000000000000000110000000000011000011000000100000000000000110010000100101000000000000100010000000110000000000000100001000100110010000000000010000000000110000000000000000000100000010000000000000000000001010000001000000000000000000000000000000000000,
;tableau 116 de l'image 2 à pour solution : 2 
0000100000000000000000000000100000000001000000000000000001000000010000000000000000000100000000000000000000000000000000000100000010000100100000000000000001000100000000010000000000000010100111000100100000000000100000000001000100000000000000101000010000111000000000100000000000000100000000000001001110100101000010000000001000000000000000111000000000100000000000110001000000000000000000001000010000000000000010001010000000100000000000000000000100010101000000000011000010000000000000000000000010000000000010001000000000000000000000000000100000000000100000000000010000000000000000000000000011011000000000000000000000000010000000000000000100000000000000000000000001000000001000000000000000000001010000001100000000000000000000011000001000000000000000000001000100000000000000000000000000000000000000,
;tableau 117 de l'image 2 à pour solution : 2 
0000100000100000000000000000000000000010000000000000000110000000000000000000000000010000000000010010001100001000100000000000001101010000000100000000001000001000001000001000000000000001001000110000000000000000010011010000000000000000011000000000000000000000000000000000001001001000000000000000000001001000010000000000000010100000000000000000000000000001001001001000100000000010000000010100000000000000001000100100001110000000000000010000001000000000000000000000101001001000000000000000000001000000100000000000000000000101000000100100000000000000001001000000001000000000000000000000010000000000000000100000000000100000100000000000000000000000001000000000000000010000100100000000000000000010000000000000000000000000000000100000000000000000000000001000100010000000000000000000000000000000000000,
;tableau 118 de l'image 2 à pour solution : 2 
0000100000010000000000000000100000000000000000000000000000000000001000000000000000000000000000000000010001000110000000000000000000001000000001000000000000000100000100000000000001100000100001000001000000000000001100000100000001000000000000101000000000001000000000010000000000000000000000000001100000000000000000000000000000000101101000001000000000000000000010010000000000000001001101000000000000000000000000010000110001000000000000000000100000010000000000000000000010000000011010000000000000000000000010000000000000000000010100000000100000000001000000000010000101000000001111000010000011010000000000010000010001000010000000000000000000000000000000000000000010000000000001001000000000001000001111001000000000000000000010000000011000000000000001000000000000000000000000000000000000000000000000,
;tableau 119 de l'image 2 à pour solution : 2 
0000100000000000000000000000000000000000000000000000000000000000000000000000000000011000000000000000100000010001000000000000001100000100100100000000001110000000001000100000000000000000000000010100000000000110100000000000000100000000000100000000001001000000000000100010110000011000000000000000000001011000001010000000001000000000000000000000000000000011000000000001000000000010000000001001000001000000000000000000000010000000000000100000011010000001000000000010000000010000000000000000000001000000000000100000000000000000000000001011000000000000000000000000000000000000000000010000001000001000000000001000000000000000000000000000001000001000010010000000000000000010101110000000000000000010010000000100000000000000000000001110000000000000000000010000000000000000000000000000000000000000000000,
;tableau 120 de l'image 2 à pour solution : 2 
0000100000000000000000000000100000000000000000000000000010000000000000000000000000000000000001010000000111000100000000000101000000000001000011000000000001010010100101010000000000000001010000000000110000000001000000000100000000000000000000100000000000010000000000000000000001000100100000000001000010100000000101000000000011000000000010100000000000001000001010000000000000000000000000000100000100000000000000000000000000101000000000000010000000000000110000000000000000000110010000000000001000000000000000010000000000010001000000000000000000000010100000000000011100000000000100000000000011100000000000000000110000000001000000000000000000000000000000000000000001100000000000000000000000011001000000000000000000000000000001100000110000000000000000000010000010000000000000000000000000000000000000,
;tableau 121 de l'image 2 à pour solution : 2 
0000100000110000000000000000000000000000000000000000000000000000010100000000000000000000000000100000001000001000100000000000100100010000000000000000000000000000010000000000000000100110000100100010000000000000000000000001010100000000000010001101000000000100000000000000100100010001000000000000110000010111000000000000001000000000011000001000000000100000000001001000000000000000000000000001000010000000001100000000010000000000000000011000010000000000000000000000010000100000000000000000000101000100000001001000000000000010010000000100000000000001000000000000000000000000000000000000001000000000000000110100000001000000000000000000100000001000000000000000000000001001000101000000000000000010001000100001000000000000001000000010000000000000000000000000001000000000000000000000000000000000000000,
;tableau 122 de l'image 2 à pour solution : 2 
0000100000000000000000000000000000000100000000000000000010000000000000000000000000001000000000000001000000100000000000000000001000001001010100000000000111101001000000100000000000000000100000000001100000000000000010010000000000000000000100000000110000011000000000000001000001000000100000000000001000000000100001000000000000010000000000000100000000000000010000010001000000000001001010100010000100000000000000000000000000101000000000100000000000000110000000000010000001011000000000000000000000000000000000110000000000010000000000000001000000000000100000000000000001000000000000000000000000100000000000000000110000100010000000000000000001000100000000000000000100100010110000010000000000001100000000000000000000000000000110110000001000000000000000010011100001000000000000000000000000000000000000,
;tableau 123 de l'image 2 à pour solution : 2 
0000100000100000000000000000000000000010000000000000000001000000000000000000000000000000000000000000010010000000010000000000000000010010000010000000000000010010000000001000000000000000000000000000000000000010000000000010000100000000000000000011001101000000000000110000010000000001000000000000010001000100000000000000001100000000001000011000000000000010100001001000100000000000000000000100000010000000001100010000000000000000000000000000010000100000000000000000000000000000110000000000000001000000100000000100000000000000010000101100000000000000000000000010011110000000000000000001001000010000000000000000000000000001000000000000101000010010000010000000000010000001001100100000000000010010000100000011000000000000000001001101010000000000000000000000000000000000000000000000000000000000000000,
;tableau 124 de l'image 2 à pour solution : 2 
0000100000000000000000100000000000000000000000000000000010000000000000000000000000010000000001010000000000000100000000000110010000000000000000000000000000000000001101000000000001000010100000001000000000000000100000010101010000000000000100000100010000110000000000000000000011000000000000000101000000001000100000000000000000011000100010000000000000010001010010000000000000000010000000001000010000000000000000100000000000010000000000000000100000010011100000000000001011001010001000000000001100000100000001100000000000000010000000000010000000000011000000000000000000000000000001000010000011000000000000001010000000000010100000000000000000101100000000000000000000000110000010001000000000000001000000101000000000000000110000000010001000000000000000100000000100000000000000000000000000000000000000,
;tableau 125 de l'image 2 à pour solution : 2 
0000100000000000000000000001000000000011000000000000000000000000000000000000000000000000000000100010110001100000000000000001001000110000000000000000001000000010010000000000000000110000000000000000000000000010000100000000000001000000000000100000101101000000000001001001000000010000000000000010000000000000000010000000001000000100000100001000000000000010001000000000000000000001010000000001000010000000000111011000010001000000000000010100000000000000010000000000010000000000000001000000000000000000000000000100000000110100010100000001100000000000110000000000000000000000001100001000010000010000000000000000100000000001000000000000000100000000000010000000000011000000000001000000000000001010000001000011000000000000000110000001000100000000000000001001110000000000000000000000000000000000000000,
;tableau 126 de l'image 2 à pour solution : 2 
0000100001000000000000000000000000000000000000000000000000000000000000000000000000000000000001010000001000000100000000000000000001000001000000000000000000010000000101000000000000000100001000001001000000000000001000100000000110000000000000011000000000000000000000010010000001000100000000000000001010101001000000000000010000000000010010100100000000000000110100001000010000000000000100001010000000000000000000000001000100101000000000101011010010110000000000000000000000000010010000000000000001000000000000010000000000000000000000100010000000000000000001000010001010000000000000000010001001000000000000000000000000000000000000000000000001011010000000000000000000100000001000010000000000000000101000101100000000000000010001000010110000000000000000000000000100000000000000000000000000000000000000,
;tableau 127 de l'image 2 à pour solution : 2 
0000100000000000000000000000000000000010000000000000000000000000000100000000000000000000000000000001000000000000010000000100001000011000010001000000001001000001000000001000000000000000000000000100000000000000000001010110000000000000000001100010000000010000000000001001011010001000000000000000000000010000000000000000001010000001000001001000000000001000001001000001100000000000000010100000000100000000000000000000001000000000000000010000100000001000100000000000100000000000000010000000000000000000100001101100000000010100000000000000000000000010000000000000000100000000000101000000000000100000000000001000000000001111100000000000100000000000011000000000000000000000000000101000000000000010000000000000000000000000001000000000000000000000000000010000000000000000000000000000010000000000000000,
;tableau 128 de l'image 2 à pour solution : 2 
0000100000100000000000000000010000000000100000000000001010000000000000000000000000001000000000100000001100110001000000000000000000000010000000000000000100010000000001000000000000000010000100000000100000000000100000001000010100000000000000000000000101001000000000000000000100000000000000000001100000000001001100000000000000100010101100100000000000000001100000001000000000000000000000000000110000000000000000000010000000100100000000000110000000000000010000000001001000001010011000000000000100000000000000000000000000101010000100000000100000000001110000000010010011000000000010000000000000010000000000000000000000000000000000000000000100000000000010000000000000000000001010010000000000010000110101010001000000000000000000000011100000000000000001000000110000000000000000000000000000000000000000,
;tableau 129 de l'image 2 à pour solution : 2 
0000100000000000000000000000000000000010000000000000000000000000000000000000000000000000000000010000000010000000110000000010000010100001100000000000000010000000000010000100000000100001100000010000000000000001000100110001000000000000000000010010000000000100000000000000000000000100100000000000000000010000000011000000001010000000000000000000000000101000000100100000000000000001100001001000000110000000000000101000110100000000000000000001101010000000000000000000010010100001000010000000001000000000000000100000000000000000000000000000000000000000000000000100000000000000000000000000000000000000000000010000000001000000000000000010100000000000010000000000000100000010010100000000000000000110001000101010000000000000010000000000000000000000000000000000000000000000000000000000000000000000000000,
;tableau 130 de l'image 2 à pour solution : 2 
0000100000110000000000000001000000000001000000000000000000000000000000000000000000000000000000100010010000001100000000000000000000010000000000000000000100000111000101000000000000000100000000000000000000000000010000000000010110000000000100000000110001010000000000100000000000100000000000000000000000000000000000000000000000000001000010000000000000000000110010010000000000000100000000000000000001000000001100010010000000001000000000000000000100011110000000000001001000000110000000000000000001100000100000000000000000000010001000000110000000000000000000000010010000000000001000000100010000000000000000001000000000001000000000000000011010000110000100000000000010100000000000000000000000001000110000000001000000000000000000001010000000000000000001011100100000000000000000000000000000000000000000,
;tableau 131 de l'image 2 à pour solution : 2 
0000100000000000000000000000000000000000000000000000000000000000000000000000000000001000000000010000000101000001010000000000000000000000000100000000000000000000100000001000000000100000000001000100100000000000000000010010000000000000001000010000000000000000000000010010010000000000000000000010000001000001000000000000011000000010000000000000000000001000000001000000010000000000010000000000000100000000000000100100000000000000000000000010111010000000000000000000010000100000000000000000000000000000000000010100000000011101000100100000100000000000000000000000001000000000000000000000000000000000000000000000100000000000000000000000000000100000000010000000000001000000000010100000000000000001001000000000000000000000010000000000001000000000000000000001000001000000000000000000000000000000000000,
;tableau 132 de l'image 2 à pour solution : 2 
0000100000100000000000000000000000000000000000000000000000000000000000000000000000000000000000000110001010011000000000000001000000010000000000000000000000001000001001000000000000000110000000001011000000000000100000000000000000000000000000001000100000001000000000000000000101010100010000000001000000100000000010000000000010000000000000000000000000010000001010110001000000000000001100000111100010000000000110010000000000001000000000000100000001000000100000000010000010000000110000000000000001000000100000100000000000100000010000001000000000000001000100000010000110000000000000000001000000000000000000010001000000000000000000000001100000011110000000000000000000100010000000011000000000000010000010011010000000000000100000000000000000000000000000000010110100000000000000000000000000000000000000,
;tableau 133 de l'image 2 à pour solution : 2 
0000100000000000000000000000000000000011000000000000000001000000000100000000000000000000000000000000000000100100010000000000001000001000010000000000000001010001000010000100000000000000011000100000000000000001000000000000010000000000000000000011001110000000000001101000001010000000000000000000001010000000100100000000000000000111100010000000000000001000110000000010100000000001100000001000010000000000000001000000000000000100000000000011100100110110000000000000011000000000001000000000001010000000000010001000000000010000001000100000000000000000000000000000000000000000000100000010001001000000000000000100100001000101000000000000001000000000011000000000000000000000100000000000000000000000000001100000000000000000010101000010000000000000000000100000000000000000000000000000000000000000000000,
;tableau 134 de l'image 2 à pour solution : 2 
0000100000000000000000000000000000000000100000000000001000000000010000000000000000000000000000100001010010000000000000000000000001010000000010000000001000000000111000011000000000001100000010000111000000000010100010001010100010000000000010000100010000000100000000000000100100000001000000000000000100001001001001000000000000000000001000011000000000000000001101000000000000000000001001000010000000000000000100000100000001010000000000101100000001001000000000000000100000010000000000000000000100000000100001000000000000001000000000000010000000000000000000000010100000000000000000000000010000000000000000000000000000000000100000000001000000010000000000000000000000000001000010001000000000001101000000010000100000000000100000100000000000000000000000000111000000000000000000000000010000000000000000,
;tableau 135 de l'image 2 à pour solution : 2 
0000100000000000000000000000000000000100000000000000000000000000000000000000000000010000000000000000000000000100000000000001001010000111000000000000000000100001000000000000000000000010000000101000000000000000000000000000001000000000010000100000101000001000000000000010000000000000000000000010000000100000000010000000000000001100100000000000000000110001000010000010110000000000000000000001100110000000001000000000101000001000000000000000000000000110000000000010000000100000000000000000000001001000000000101000000000100000000000000000100000000000000000000000010000000000000000000000001000000000000000001100000000000010000000000000001000000100000000000000000100100000101000110000000000000000001000000000000000000000010100001010100100000000000000100000001000000000000000000000000000000000000000,
;tableau 136 de l'image 2 à pour solution : 2 
0000100000010000000000000000100000000001000000000000000010000000001000000000000000001000000000010000000000000010000000000010000000100000100100000000000000000000001000010000000000011000100000000000000000000000000000001000110000000000000000001001000100000100000000010001011000000100000000000001001010000001000000000000000000010000011000010000000001000000000100000000000000000001000010001110000000000000000010000001010001000000000000000000000101000000100000000000100000010100101100000000000000000000000011000100000000000000010100101001000000000011010000000100000000000000000010000100000001000100000000000000010000000101100000000000110000000000010000000000000000000101000000001000000000000100010001001000000000000000000001100000000000000000000000000010000000000000000000000000000000000000000000,
;tableau 137 de l'image 2 à pour solution : 2 
0000100001000000000000000000000000000000000000000000000100000000000000000000000000000100000000100000000100101000000000000001000010000110000010000000000010101100000110100000000000000110000000000000010000000011000000000100000100000000000100000000000000000000000001100000100000000001000000000000000000001100000001000000000100000000000100100000000000001000000000010000000000000010000100000000000000000000000100001000000000001000000000000000010000100110000000000000000001100001010011000000000011100100100000001000000000000000000000000000000000000000100100100000010000000000000000000000000000100000000000001100000010100000000000000000000001010010100000000000000000111000000100000000000000000000000100000001000000000000011000010000001000000000000000010100000000000000000000000000000000000000000000,
;tableau 138 de l'image 2 à pour solution : 2 
0000100000000000000000000000000000000000000000000000000000000000001000000000000000000000000001000001100000000000000000000100001000010000000000000000000100000000100000001100000000010000100001000000100000000100000000000010010000000000011010000010001000011000000000010010000000010000000000000000000010100010001010000000000000001000100010000000000000010010000000100000000000000000000000010111100000000000000000000110010010000000000000110100001110000000010000000000000000000000000100000000000000000000000011000000000000001110001000001000110000000000000000000000000000000000000100000000000011010000000000100000010000000000100000000000000010000000000010000000000010000000010000000000000000001000000010000000000000000000000000101100000000000000000000000010000100000000000000000000000000000000000000,
;tableau 139 de l'image 2 à pour solution : 2 
0000100000000000000000000000000000000000000000000000000100000000000000000000000000000000000000000100000000000101110000000000000000000001000001000000001000101001000011000000000000000100011100001000000000000000000000011000001000000000000000100000100000000000000000100000000000001000000000000000001101000000000000000000001100010001001100111100000000000001100110001000100000000000100000001000010000000000000011000000000000010000000000001000000001100100000000000010011001010100000000000000000000000000000000001000000000000000000000000010000000000000000000000000000000000000000000000000010000000000000000010000000000000000000000000001000000000000110000000000000100010001000000001000000000010010001000100100000000000000000000000000000000000000000001000100000000000000000000000000000000000000000000,
;tableau 140 de l'image 2 à pour solution : 2 
0000100000010000000000000001000000000000000000000000000000000000001000000000000000000000000000000000100000100000000000000010000000001110100010000000000101000000110100000100000000000000100000000000000000000100000101000000000100000000000000000000000110000000000000010001010010100000100000000000000000101100001010000000000010000000100000000000000000000010010001000000000000000000000100100000001010000000000100000000001001000000000000100000010010001000000000000001000000000000100110000000000010100000000000000000000000000000001000000000000000000010000000000010100010000000000100000001000000000000000000000100000011000000000000000000000100000000000100000000000010100110000111010000000000001000000000000000000000000000000010000001101000000000000000000001011010000000000000000000000000000000000000,
;tableau 141 de l'image 2 à pour solution : 2 
0000100000100000000000000000000000000000000000000000000000000000000000000000000000100100000000100000000101010000000000000001001000100000000101000000001000100100000001000000000000000000000000010000100000000000001010100110000000000000000110001110100000101000000000001110100000011010000000000001000000000010000000000000000100001000000110000000000000011000001000010001100000000000000000010000000100000000000000001100000000100000000000000000001100010100000000000000000000110100010000000000001000000000000001010000000000101000000000100100010000000001010000000000011001000000000000000010000001001000000000000000000000000000000000000000011001010000001000000000000000000000000000001000000000000000100000000000000000000000101000100000000000000000000000010000000000000000000000000000000000000000000000,
;tableau 142 de l'image 2 à pour solution : 2 
0000100000000000000000000000000000000100000000000000000100000000000000000000000000000000000000000100010000100000000000000110000000000000010000000000000100000000100000100000000000000000000000000100000000000001010000000000000000000000001000000001010000000000000000000000010000000000000000000010100010010000000000000000000010000011000001001000000000100000010000100000000000000001001000000110000000000000000010000010010100000100000000100001000000000000000000000001000000000000000000000000000100000000000000000000000000010001001000000000000000000000000000010010000000000000000101000000001000000000000000000000000010000001000000000000000000001000100000000000000001001011000000000000000000010000000000000100000000000000000000000001010000000000000000000000001100000000000000000000000000000000000000,
;tableau 143 de l'image 2 à pour solution : 2 
0000100001000000000000000000000000000011000000000000000010000000000000000000000000000000000000010000100101001000000000000000000001000000000000000000010000101000010000001000000000001001010100011001000000000000100001000000000101000000000000000000000100000000000000000000000000100001000000000000000000000000100100000000000000001000010000010000000000000000000110000000000000000010000011000000000000000000000000000000000010000000000000001010000100000000000000000000110000000000000000000000000000000000000001000000000000000010000000100010000000000000010000000000000000000000000000011001000000001000000000000010010001000000000000000000001101010110000000000000000000010000000101010000000000000000110011000000000000000000000000100000000000000000000000000000000000000000000000000000000000000000000000,
;tableau 144 de l'image 2 à pour solution : 2 
0000100000010000000000000001000000000000000000000000000001000000001100000000000000000100000000000001000000100001100000000000011000000010000100000000000000000010000110000000000000000010000001100000000000000000010010010000100000000000010100001011010000011000000000010000000110000000000000000000000010000011000000000000000000100000000001000000000000000000000001110000000000000100000000001010100001000000000000100010000100010000000000010000100000110001000000000011000000010000000111000000001100000000000000000000000000010000001000000000000000000001000000010010000000000000000100000000010000010000000000000000000010100100100000000000000000100000000100000000000000000010001000001000000000011000000000010001000000000000000010000000000100000000000000000100000010000000000000000000000000000000000000,
;tableau 145 de l'image 2 à pour solution : 2 
0000100000000000000000000000000000000000000000000000000000000000000000000000000000000000000000010000001000000000000000000001000000010000000000000000000100100000010000000000000000100001000000000000010000000000000100101000000010000000001000000000001110000000000000100000000001000001010000000010000100000100000010000000000010010000110010000000000000000000100000001000010000000000000000100100000000000000000000010100000000000000000000100100000100001010100000000000000000001000001000000000000000100000000001111000000000000000000000001100000000000000010000100000000000000000001001000000000000100000000000000100010001000000000000000011010000000010100000000000000001100000000100100000000000000001000010101100100000000000000000000100000000000000000000000000000100000000000000000000000000000000000000,
;tableau 146 de l'image 2 à pour solution : 2 
0000100000000000000000000000000000000000000000000000000000000000000000000000000000001000000000000000000000000100000000000000001000000011100101000000000010000000000000000000000001000010000110101000000000000011010010000010101100000000000000000100010001001000000000000000101000100010000000000000000000000000001100000000001100000001000101000000000000101010011000000000100000000010110000010000001000000000000000100010100000000000000000000000000010000001000000000001100010100000100000000000001111000000000000000000000000000010000000000000000000000000000000000010000000000000000110000000011001001000000000000000000000000110000000000000000100010100001000000000000000001100100001010000000000001000000000000000000000000000001010100000000000000000000000000101100000000000000000000000100000100000000000,
;tableau 147 de l'image 2 à pour solution : 2 
0000100000010000000000000001100000000011000000000000000110000000000000000000000000000000000001100000000000000000110000000000000010010000010000000000000000100001001010000100000000110000000001010000100000000000001000100000000000000000001000000000000100000000000000100000000001000000000000000011000010000000000000000000000000100000011000000000000000000000000101000010000000000000000001000000100010000000000100000001000100100100000000100011000000100010000000000000000000001000000000000000000000000000010001100100000000010100000000100000000000000000000000000000010000000000000000000000000000010000000000000000010011000000100000000000000000000010010000000000000110000000000010000000000000000011100100100011000000000000000100000010100100000000000000001000001010000000000000000000000000000000000000,
;tableau 148 de l'image 2 à pour solution : 2 
0000100000000000000000000000000000000000000000000000000000000000000000000000000000001000000000000100110000000001000000000001000000000011000000000000001101010100010001000000000000000000010110000000000000000000000100000000000000000000000000001101000000010000000000011011000000000001010000000000101000010000000010000000000100000100000010000000000000000001010000001001000000000000000000110001000000000000001000000000010000000000000000001000011000000000000000000000100000000001100000000000001001000000100000000000000000000000100100000000000000000001010000000000001000000000000100000010000001000000000000010100000000000011000000000000010000000000000000000000000000001101000101000000000000000000001010000000000000000000000000101100010000000000000000000100100000000000000000000000000000000000000000,
;tableau 149 de l'image 2 à pour solution : 2 
0000100001100000000000000000000000000000000000000000000000000000001000000000000000000000000000100000001100000000000000000010011000010100000000000000000000001010100000000100000000010110100000110000000000000000001000101100000110000000010000100000000010100000000000000000000000001000000000000010000000001000000000000000000010100000100000000000000000000000001000000010000000000001010000000000001000000000000000001010000001111000000000010010000100000110100000000000010010011000001110000000000010000000000000000000000000100000000000000000000000000000000000000000010000000000000000000000010000000000000000001000000010000000000000000000000001000110001100000000000010100000001010000000000000001001000000111100000000000000000001010000100000000000000000111000000010000000000000000000100000000000000000,
;tableau 150 de l'image 2 à pour solution : 2 
0000100000000000000000000000110000000000000000000000000010000000000110000000000000011000000000000001000000000000000000000000000001000000010100000000001000100001000001101000000000100000000010000000000000000101010101010000000000000000001000000111000100011000000000000001000000000100000000000000000000000010000000000000000000000000000000010000000001010000110100000001000000000000000001001100000100000000000000000000000100000000000000100000010001000000000000000000100000000000000000000000000000000000000000010000000000000111010000000010100000000000010000000000000010000000001010000000001000100000000000010000000000000100100000000000100000010000000000000000000000000001010100001000000000000000000110000000000000000000000000100000001000000000000000000000010001000000000000000000000000000000000000,
;tableau 151 de l'image 2 à pour solution : 2 
0000100000010000000000000000000000000001000000000000000100000000001000000000000000100000000000010010010010000000000000000000000010101000000000000000000101000000011000000000000000000000000001000100100000000010001000001011000001000000000000000000000000000000000001000000110000000001100000000000000100011100000000000000000100010011000000001000000000000010000010000010100000000010000000100001001000000000000000000010100000010000000000000000000100001000100000000000000001101000001000000000000010000100000000001000000000000000000000000000000000000001000000000000000100000000000000000010000000000000000000001000100000000000000000000000000100000000000110000000000000000000000000000000000000000001011000001101000000000000000000011010100100000000000000110000001000000000000000000000000000000000000000,
;tableau 152 de l'image 2 à pour solution : 2 
0000100000100000000000000001100000000000000000000000000001000000000000000000000000000000000000000000100000000001100000000111000000000011000000000000011000000000000000001000000000000011000000101000010000000000100001000000010010000000001100001110000000000100000000001000001100001110000000000001100000000010000000000000001000000000000100000000000000010000001000001000000000000000000001000000100000000000000000011000000000000000000000101001010000000100000000000010010000010010000100000000001000000000000000000000000000110001010000000001000000000000000000000000010000000000000000000000000000000000000000000000000000000110000000000001000010000101100000000000000000000000000100000000000000000100100000100010000000000000001001000100010000000000000000000010010000000000000000000000000000000000000000,
;tableau 153 de l'image 2 à pour solution : 2 
0000100001010000000000000000000000000001000000000000000010000000010000000000000000000000000000000000000010000000000000000000000000000000100000000000000101000000001000000000000000000000000010000001000000000000000000010010000100000000000000000001000000010000000000100000010010110001000000000000000011100000000000000000000000110010000010110100000001001100000110000000000000000101000000000100000000000000000100000110010110000000000000000010000101100000100000000000000001100000100010000000000010000000100000001100000000000010000000101010100000000010000100000000000010000000000010000000010000011000000000000000100011000001100000000000010000001000000000000000000001000001000010000000000000010000000000001000000000000000100000000011001000000000000000010000000000000000000000000000000000000000000000,
;tableau 154 de l'image 2 à pour solution : 2 
0000100000100000000000000001000000000000000000000000000000000000001000000000000000000000000000000000010000000000100000000110001100100000000000000000000010101101000011111000000000010010000100011000000000000101100010001000000010000000000000100100100000000000000000000000001000000010100000000011000000000100000000000000000000000100100100000000000000100000000000000000000000000000000100001000001000000000000000000001000000000000000000000000000000000000010000000000000010010000000000000000001100000000000010100000000000000000010000000000000000000001000000000000000000000000000000000000000000000000000000100000000000000000000000000000000100100000000000000000000100001000010000110000000000001001010000010110000000000000000011000000000000000000000000000000000001000000000000000000000000000000000000,
;tableau 155 de l'image 2 à pour solution : 2 
0000100000010000000000000000000000000010000000000000000000000000000000000000000000000000000000000010000110000001000000000000000000010110000010000000001100000010100000000000000000100000000000000000100000000000001001010011000000000000010010010000000000000100000000010000000100011001000000000000000100100001000001000000000010000001000010000000000000000000000100100010000000000000000011010010010000000000001000000000010000000000000000011100100000010000100000000010000000001000010000000000000000001000000001000000000000101000100000101000100000000000000000000000100100000000000100000101001000010000000000001000000001000110100000000001000000011000001100000000000000010000100100000000000000000000000000100001000000000000011000000000000000000000000000000011000000000000000000000000000000000000000000,
;tableau 156 de l'image 2 à pour solution : 2 
0000100000000000000000000001000000000000000000000000000000000000000000000000000000000000000000010000001000100000000000000010001010001000001000000000000000001000000000100000000000000000110000001001000000000010000000000000100000000000001101000001100100000000000000000010000000000000010000000000000011001110100010000000000100000010001000000000000000000011010000000000110000000000100000001001100000000000000000001101000100011000000000000000000000000100000000000001000001000000100010000000000000000100000010110000000000010010000000000000000000000000000000010000000010000000001000000010000000001000000000000000100000000001000000000000000100100000000000000000000001000000011010100000000000000000000100000100000000000000000000001010001000000000000000000100100000000000000000000000000000000000000000,
;tableau 157 de l'image 2 à pour solution : 2 
0000100000000000000000000000100000000000000000000000000010000000000100000000000000001000000000000001000000001000000000000000000000100000010100000000000100000100010000000000000000000000001000000100000000000000000110000100010000000000000000001000010000000100000000110000000010000001100000000100100100000000000000000000000000100000000000110100000000000000001000000000000000000001000100000000000100000000001000100010011000100000000000100001000000010000000000000010011000001101001000000000001000000000000001001000000000000100011100001010000000000000000000000000001000000000000010000000000000000000000000010000000000100100100000000000000000001000110000000000000000001010000100000000000000000000000000000001000000000000010000010001100000000000000000001000000010000000000000000000010000000000000000,
;tableau 158 de l'image 2 à pour solution : 2 
0000100000000000000000000000000000000000000000000000000000000000000010000000000000000000000000100110111010000000000000000000101001001000000000000000000000100011000010010000000000100010110010100000000000000011000000000001000110000000000110000000000010010000000000000010001000101000000000000000000000110000000000000000001000010110000000001000000000001001000010001000000000000000100010001011100010000000010000000001100000010000000000000010010000001000000000000000000010000010010110000000000000000000000000000000000000001000000000000000010000000001000000000000100110000000000001000000000000000000000000100000010000000000000000000000000001100000000000000000000100010101000000110000000000001000100010001100000000000000000000001100000000000000000000010000010001000000000000000000000000000000000000,
;tableau 159 de l'image 2 à pour solution : 2 
0000100000000000000000000000000000000000000000000000000001000000000000000000000000000000000000000000000101100000000000000000000010100000000000000000001100010000100000000000000000000001000100010100100000000000000001100000000000000000001000001000000000001000000000100000000000000001010000000000000010000110010000000000000100000000000010000000000001000010100000000000000000000010000000000000000001000000001001000110000010101000000000100000100010000000000000000001011000010000000000000000000000000000000000001000000000000100000000000100000000000000010000000000000000000000001100000000011000001000000000001000000000100010100000000000000100000010011100000000000000001000000000001000000000000111000000110001100000000000011010110000011000000000000001000010000010000000000000000000000000000000000000,
;tableau 160 de l'image 2 à pour solution : 2 
0000100000000000000000000000000000000001000000000000000000000000010000000000000000000000000000000000001000000001000000000001001100000000000001000000000000000100001000100000000000000000100000000001000000000000000000000000000001000000000000110001000010000000000000010000000011000100100000000010001001000000000110000000001000000000101001001100000000000000000101001000000000000001000001000111000110000000000010100000000000010000000000000000000101001010000000000000000010001000000110000000001000000000000000100000000000001000100000001011000000000000000100000000000100000000000000000001000000000000000000000100000011000001000000000000100000100100000000000000000000000100000000100000000000000000000010000000000000000000000000000000000000000000000000100000100000000000000000000000000000000000000000,
;tableau 161 de l'image 2 à pour solution : 2 
0000100000000000000000000001000000000010000000000000000000000000000000000000000000011000000000110000000010000000110000000010000000100000010000000000000001000000000000010000000000001010000010100000100000000001000001000000100000000000000000001110100000000000000000000010000100010000010000000000000100101000000000000000000000100100000000000000000000110011101000110000100000000000010000000000100000000000000000000011000011000000000000010010000000010100000000000010110000100101000000000000000000000000000000010000000000010000001000000000100000000001000000000000000000000000000010000010011000011000000000000000000000000000100000000000001000011000000000000000000000000001101100001000000000010000000000100001000000000000010010100000000000000000000000000001001000000000000000000000000000000000000000,
;tableau 162 de l'image 2 à pour solution : 2 
0000100000000000000000000000000000000000000000000000000100000000001100000000000000000000000001000010000000100100000000000000010001000000001000000000001000000011111010000100000000010000000001001001000000000000000000000001000110000000010010000000000000100100000000000000000001001100100000000001000000010000010000000000000010000000000000001100000000000000000011000000000000000000000000000001010001000000000100000000101000011000000000000000100001000010000000000000000000001000101010000000001001000000000010001000000000000111000000000100000000000000001000000010000000000000000000000000000000000000000000010000110000100100000000000010000100000000110100000000000000000000000000010000000000000000011000000000000000000000000000000011000000000000000000100000000000000000000000000000000000000000000000,
;tableau 163 de l'image 2 à pour solution : 2 
0000100000000000000000000000000000000010000000000000000000000000000000000000000000010000000000010000110000000010000000000000001110000100100000000000000000111000000000000000000000000011000000000100000000000001100011000010000000000000000100100010000010000000000000100000011010000000010000000010100010100000000100000000000000000000000000110000000000000001010100000000000000000000000000000000101000000000001000010100000010000000000000100000000000000000000000000000001000010100000000000000000000100000100000000000000000010000000000000010000000000010000000000000100000000000000000000000000000000000000000101000000000000010000000000000001000000000000000000000000000000101000011000000000000000011000000000000000000000000000000000000000000000000000000000001111100000000000000000000000000100000000000,
;tableau 164 de l'image 2 à pour solution : 2 
0000100001000000000000000000000000000000000000000000000000000000000000000000000000000000000000000000000100000000000000000010000000000010000100000000001001000000000000000100000001010000000000000000100000000110010000000000000001000000010000000100010000000000000000010000000001101101000000000001001100010100010000000000000000000001001011000000000000000000000011000000100000000000000001000000000000000000000001000000010000010000000000000010110000000110100000000000010000000001000000000000001000001000000000000000000000000011010000100000000000000000110000000000001000000000000011000000000010100000000000000000010000000000100000000010000000001100000000000000000000010000000000000000000000000000100000101000000000000000101010000010110000000000000000010010000000000000000000000000000000000000000000,
;tableau 165 de l'image 2 à pour solution : 2 
0000100000000000000000000000000000000000000000000000000010000000000000000000000000010100000000010000000001000001000000000100001000100001000000000000000110001000000001001000000000000000011000000100000000000000000000100000000000000000000000100000001000010000000000100001000000010000000000000000000011100010001000000000000010000000000000000100000000000000010000011100000000000010000010100000000100000000000000001000000000000000000000010000000000000000000000000010100001001000000001000000000100000000100011000000000000100100000000001101000000000010000001000000000010000000000000000000001000000000000000000100000010000011000000000000000010000000110000000000000010100000010110010000000000001001001000010001000000000000010001100000000000000000000000000000001010000000000000000000000000000000000000,
;tableau 166 de l'image 2 à pour solution : 2 
0000100000100000000000000000000000000000000000000000000100000000000000000000000000001000000000000100010100000000000000000000010000000000000001000000000000000010000000000000000000100000100000100000010000000000000000000100010000000000010000010000000000000000000000010000000011100101010000000000100000001001010000000000000001000000101000100000000000000000001000000000000000000000000000000110000000000000001000000000000000001000000000001010100000000000000000000001011010010100010000000000000010000000000000000000000000000000001000000000100000000000100000000000010000000000000101000000000000101000000000000010000000000100000000000000000000001000001110000000000000000000000000000000000000000010100000001000000000000000001000000000000000000000000000010010010100000000000000000000000000000000000000,
;tableau 167 de l'image 2 à pour solution : 2 
0000100000000000000000000010000000000001000000000000000000000000010000000000000000000000000000000010000000101000010000000001000000000100100010000000000000000001000000000000000000010000000000001000100000000001000010100010000100000000001100001010000100000000000000100000100000000010000000000001001101110000000010000000000000100000000110000100000000001010110010000001000000000010000001101000000001000000000010001010010101100000000000000000001111000000000000000000000000001000000000000000000101000000000001000000000000001000000000001100000000000001000001000010001000000000000000000000010000000000000000000000000000000000100000000001110100000010100000000000000000000101010000101000000000010000010101110001000000000000000101010000000000000000000000000000001000000000000000000000000000000000000000,
;tableau 168 de l'image 2 à pour solution : 2 
0000100000000000000000000000100000000000000000000000000000000000001000000000000000001000000001110000000000000000100000000000010100000010010000000000000000111000001001000000000000001010110000010000000000000100000101000000000010000000000000000000000000101000000000000000000100001000000000000000000000000101100100000000001010000000000000000000000000000000001001010010000000000000000000000000000100000000000100000000100000000000000000000000100000010101000000000010000000000100010000000000000000000000000000000000000000110010001000000001000000000000000000000000000000000000000000000000001000000000000000000100100000100000000000000000000000001000010000000000000000010000000101000000000000000000000000000010100000000000000000000000010100000000000000000000100111000000000000000000000000000000000000,
;tableau 169 de l'image 2 à pour solution : 2 
0000100000000000000000000000000000000001000000000000000000000000000000000000000000010000000000000100000011000000010000000100000000010100000100000000000100000000000110000000000000010100000001000000000000000010100000100011000001000000000010000000000100010000000001000001000010000000010000000000100100010000000000000000000000010001000000000000000000000001110000000000100000000000110011111011100000000000000000110010000111000000000000000000000000000000000000000000000010000000000000000000001010000000000000001000000000000001000000000000000000000001000000000000001000000000000100000000000000110000000000000000000000000000000000000000110010000010001000000000000010001011110000111000000000001000000011010000000000000000000011110100001000000000000000000000000000000000000000000000100000000000000000,
;tableau 170 de l'image 2 à pour solution : 2 
0000100000000000000000000001000000000000000000000000000100000000000000000000000000000000000000000011000000000000000000000010000000000000000010000000000000000100011000000000000000001010000000011001110000000001000000000000000000000000000000000000000000101100000000001000001000000100000000000000000010000000000000000000000010001000001100000000000000000000001000100111000000000010000100000000000000000000001000001100000000100000000000000000010001000000000000000000101000000100000001000000000000001100000010100000000000100100000000000100000000000000000000000000000100000000000000001000010000000000000000000000000000000000100000000000000100010000010100000000000000000000001100000000000000000000000000000110000000000000011000000000000000000000000000000000011000000000000000000000000000000000000000,
;tableau 171 de l'image 2 à pour solution : 2 
0000100000010000000000000000000000000000000000000000000000000000001000000000000000010000000000000000010000100000000000000000000001000000000000000000001001000000000000000100000000000000000010100000000000000000010010011101000000000000001000010000100110000000000000000001100100101000010000000010001100000111100000000000001000000000000010010000000000000001110000001000010000000000000001000000100010000000000001000000100010000100000000000000000000011000000000000000000001010000000000000000001001000000000000000000000000000000000000100000000000000000000000000100000000000000000100000010000010000000000000111000010000000001000000000000001001000001000000000000000010000001010010100000000000001010000000010000000000000000000000000000001000000000000000001010000100000000000000000000010000000000000000,
;tableau 172 de l'image 2 à pour solution : 2 
0000100000000000000000000000100000000001000000000000000010000000000000000000000000000100000000010000000000011000000000000010001000000000100100000000000000000110100000100000000000000100001100001100000000000010000000100010000001000000000001000000000000010100000000000000000000000110000000000000100000010000000010000000000110101000000000000000000000100000000000100000000000000000110000001000000001000000000000000100010000001000000000000100110000000011100000000010100010100000000000000000000000000000000000100000000000100000010001000100100000000000110000000010000000000000000011000001010000000000000000000000000000000000000000000001100000100000000110000000000001000100000000000000000000000000010000000011000000000000000000000000100100000000000000000000110001000000000000000000000000100000000000,
;tableau 173 de l'image 2 à pour solution : 2 
0000100000000000000000000000010000000000000000000000000100000000000100000000000000000000000000000100001000000000100000000001010010001011000000000000000010000001000100001000000000000000000000000001000000000101100010000000001100000000000100000000010000001000000000000000000000000000010000000100000011000100100000000000000000000010000000000100000001000011001000010001100000000000000001000000000000000000001000000001000100100000000000000000000010110000010000000000000000000000000000000000000100000000000001000000000000000100001000000000000000000000000000000000010100000000000000000000000000010000000000010000100001000101000000000000000000000110000000000000000000000001000100010000000000000000101000100100000000000000000000100000010000000000000000000100000000000000000000000000000000000000000000,
;tableau 174 de l'image 2 à pour solution : 2 
0000100000000000000000000001000000000000000000000000000000000000000000000000000000001000000000000000000001100000000000000010001000000000001000000000000000100000000010100000000001100010100100010010000000000000000000000001000001000000000000100001000100000000000000001000101000000000100000000000100000000000000000000000000000000000010100000000000000000000000000000000000000000010001000100000000010000000000111011000000000010000000000000000101000000000100000000011010001000000001010000000000000000000000000000000000000000000000000100100100000000010010000000000100000000000000100100100001000101000000000100100000010000000000000000000001001010000000000000000000000000000000000000000000000000001000000000001000000000000000000010010000000000000000000000010010000000000000000000000000000000000000000,
;tableau 175 de l'image 2 à pour solution : 2 
0000100000000000000000000000000000000000000000000000000100000000001100000000000000010000000001000100100000001100100000000100000000000000110000000000000000000110000000000000000000000001000001101100010000000011100011000010000010000000000010001100100000000000000000000000000000010110010000000100001100001000100001000000000100011100000000000000000000000000110000000010000000000000010000000000001000000000000000000100000110000000000000010001000001000100000000000000000000001000000001000000000001000000000000110000000000000000000100001000010000000000000000000010000100000000000010000000000000000000000000010000010000100011100000000001000000000000000000000000000000010000100000010000000000000000000001000000000000000000001000100101001000000000000000000000000010000000000000000000000000000000000000,
;tableau 176 de l'image 2 à pour solution : 2 
0000100000000000000000000000000000000110000000000000000000000000000000000000000000000100000000000010000010000000000000000001000000000000000000000000000100100000010001000000000000000000000000000000000000000100000000001000010000000000000100000011000100010000000000110001010000000000100000000001000001100000000010000000000010000000000000000000000000100001000011110000100000000000001001100100000000000000000010001000000000000100000000100010101000000001000000000010000000000000000000000000001110001000000010001000000000001000000000000001000000000000010000000000010010000000000000000000000000000000000000000000100001000000000000000000000001000000000110000000000000100000000100000000000000000000010010110000000000000000100010000000000000000000000000010000000000000000000000000000000000000000000000,
;tableau 177 de l'image 2 à pour solution : 2 
0000100000000000000000000000000000000000000000000000000000000000000100000000000000000000000000000101010100111101000000000000000101001000000000000000010010001010000010111000000000000001010000000100000000000000000000000000000010000000010000010000100000001000000001000000001010001000010000000010000100001000000000000000000000000100001000100000000000000010010000000001000000000011000000000010100000000000000000000000000100101000000000000000000001111010000000000001100001100010000000000000000000000100000000000000000000000011010000000010100000000000000000000000000000000000000010001000001000000000000000000000000000000011000000000000001100000000000000000000000100000010000010010000000000000000000000000101000000000000000000100011100000000000000000001010100100000000000000000000000000000000000000,
;tableau 178 de l'image 2 à pour solution : 2 
0000100000000000000000000000000000000010000000000000000000000000001000000000000000001000000000000000000000000000000000000000000000100001000000000000000000000001000000000000000000000000000001000000000000000000000000000100110000000000000101001100001000000100000000000000000000000001000000000100000010000001100010000000000000000000010001010100000000000001001000000000100000000000100000000000001010000000001000010000010000000000000000001001011000000001000000000000000000000000010100000000000010001000000000100000000000000000001000101001000000000001100000000000110000000000001000000001010010000000000000000000100000000000000000000000010000001000010000000000000000000000010100100000000000000000000000000000000000000000001000000000010000000000000000010000010001000000000000000000000000000000000000,
;tableau 179 de l'image 2 à pour solution : 2 
0000100000000000000000000000000000000000000000000000000001000000000000000000000000000000000000000000100010000101000000000100000101001000000000000000000000100000011001110100000001000101000000000000110000000000000000010001000100000000000000000000000000000000000000000000100001000000110000000001000001001000000100000000000010000000000000000000000000010000000010000000000000000010000000001010000000000000000101000100000000100000000000010100100000000010000000000010000010001000000000000000000000000000000000001000000000100010000000000000000000000000001000000010001010000000000010000000000000010000000000001110000010000001000000000000100000000000000000000000000101110100100001000000000000000110001001010001000000000000010000010000000000000000000000000101100010000000000000000000000000000000000000,
;tableau 180 de l'image 2 à pour solution : 2 
0000100000000000000000000000000000000101000000000000000000000000000000000000000000010000000000010011000000001000000000000001010000000110000010000000011000010000000000000000000000000000000100000011000000000000100011000000000010000000000000001000001100000000000000001010000010001000000000000000001000100000000000000000001100010101000000000000000000001001000100000000000000000000000010000100001000000000000000000010110000000100000000100010010001000000100000000001000000000000111010000000000100000000100010000000000000010000000000000100000000000001000000000000000000000000000000000000011000001000000000000001000001000110000000000001000000100000001000000000000000000000000000100000000000000001000110000000000000000000100000000110001000000000000000000000000000000000000000000000100000000000000000,
;tableau 181 de l'image 2 à pour solution : 2 
0000100000000000000000000001000000000000000000000000000001000000001000000000000000000000000000000000101000000000010000000000000011000000001000000000000000000110001000110000000000000000000000010000100000000000010000010000010000000000000110000001100000001000000000110000000000100000010000000011000000000000000000000000000000100000001000010000000000000100000000001000000000000011001000000000000010000000000010001000000000010000000000000100101000010010000000000000000000100000000100000000001001000000000000101000000000101100001000000000000000000000000000000000000000000000000111000000000000100000000000001100100000100000000000000000100100000100110000000000000101010000001000000000000000001010100001110000000000000000000101000000100000000000000000100010000001000000000000000000000000000000000000,
;tableau 182 de l'image 2 à pour solution : 2 
0000100001000000000000000000000000000000000000000000000000000000010000000000000000110000000000100000000000000000000000000000000100101010010000000000000000101000000000000000000000010010001100001111000000000000000100001001100100000000011000000100001011110000000000000010010100000000000000000000000000000000000010000000000100000000110100001000000000101001100100000000100000000000000100000000100000000000000001000000100010000000000000001001000010000000000000000010000000000010000000000000000000000000000000000000000000000000100100000100000000000010000000000000000000000000000000001010000010000000000000000000000000000100000000000001000000000000000000000000000000000000000000010000000000000000000000001000000000000000000000000100000000000000000000000100000000000000000000000000000000000000000000,
;tableau 183 de l'image 2 à pour solution : 2 
0000100000100000000000000000000000000000000000000000000000000000001100000000000000000000000000010110100000000100110000000000000001010100100000000000001010000001001010000000000000000000000000100000100000000001000000100000010010000000000000000000000000000000000000011000000000100000000000000000100001000000110000000000001010000010001000100000000000010000010001010000010000000000101001010000000001000000001100001011001000000000000000010000000000001100000000000000000010001000000010000000000000000000000000110000000000000000000000001001000000000001000000000010000000000000000101000000010000010000000000001000100000000011000000000000011010010000000000000000000011000000010100000000000000001000000000000001000000000000001110000011010100000000000000000000001000000000000000000000010000000000000000,
;tableau 184 de l'image 2 à pour solution : 2 
0000100000000000000000000000000000000000100000000000000100000000000000000000000000001000000000000000001110000001000000000000000010000000000100000000000100000000000001000000000000000001101100010100000000000000001100001000000000000000000000011001001000011100000000100001101010000100100000000000001000000000000000000000010000010000000010001000000000000001100100000000000000000000000000000000010000000000000000000000010001001000000000000011000000100001100000000001000000000000100000000000001110001000100000000100000000011010000100000100100000000000000000100000100000000000000000000000001001100000000000000100000001000000100000000000000001000000001000000000000000000000000010000000000000000000000100000100000000000000000001100000000000000000000000000100010000000000000000000000000000100000000000,
;tableau 185 de l'image 2 à pour solution : 2 
0000100000000000000000000000000000000000000000000000000000000000000100000000000000000000000000010000000000010000000000000000000000100001000010000000001000001010100000000000000000000010000000100000000000000010000000000011100010000000010000100000000000000000000000001000010001010001000000000000000100010100000000000000000001100010000001000000000000001000000000100010000000000010101000101100000010000000000000000001000100000000000000001000000101010100000000000010100000000000001000000000000001000000000000100000000000100000010000000001000000000001010000000000001010000000000000000010000000010000000000000000000000000010000000000001010000101000000000000000000110100000100000011000000000000000010000110010000000000000110000010010100000000000000000000000000010000000000000000000000000000000000000,
;tableau 186 de l'image 2 à pour solution : 2 
0000100000000000000000000000000000000000000000000000000000000000001000000000000000000000000000000110010001000000000000000000001110001000000001000000000000000001010011001000000000110000010001000000100000000001100000100000000100000000000000010100000000001000000001010010001100101000010000000010100000000000001000000000000000010100000100001000000000010000010001011000000000000000000001010001001100000000000010010000000010101000000000100000010000001011000000000000000010110000000100000000000010100000100000000100000000010001000100000000000000000000000000000000100000000000000100000000000000000000000000010000000001000000000000000000100110000010000000000000000000001100000011100000000000000000000000000001000000000000000110001000000100000000000000001001110000000000000000000000000000000000000000,
;tableau 187 de l'image 2 à pour solution : 2 
0000100000000000000000000000100000000000000000000000000000000000000000000000000000000000000000000000001010000001000000000100000000000001000000000000000100101000000000000000000001000001001000000000000000000000000100000011000000000000000000001010000110000100000000000000000000010000000000000000001100001000000110000000000000000001101001000100000000000000100000000000000000000010100110000000000001000000000000000010001000000000000000000000000001000100100000000000001000001100100000000000000000000000000001101000000000000000010000100100000000000000010000000000000010000000000000000010010000011000000000000100000000100100000000000000010000000100010100000000000000010001001000001000000000000001000100001010000000000000000001000000000000000000000000000000001000000000000000000000000000000000000000,
;tableau 188 de l'image 2 à pour solution : 2 
0000100000000000000000000000000000000000000000000000001001000000010000000000000000001000000000010001000000001100000000000001000000011000010000000000001000000101110001000000000000100000010001000000100000000000001000000100000000000000000000000000100000010000000000101000010101100000000000000010000000000101000000000000000100100100000010010000000000000000000000100001000000000000000001010000000000000000001100100000100101101000000000110000000100001000000000000001000000100000000000000000000011000000000000000000000000000001000000000011100000000001000000000000000100000000000000000000001000000000000000001000000000000000000000000001000101000010000000000000000000000000000001000000000000011010000001010001000000000000011000000001000000000000000000001000000100000000000000000000000000010000000000,
;tableau 189 de l'image 2 à pour solution : 2 
0000100001000000000000000000000000000000000000000000000000000000001000000000000000000000000000000010001001000000000000000000101101000010000111000000000100101000000000000000000000010000000000000010000000000000000010001011000100000000001000000100000000001100000000000011000010000101100000000000010000001000100000000000000010000000010000001000000000000000010011000000000000000001000000100100100110000000000000000100000000000000000000000100001001000000000000000000001000001000110100000000000100100000000011010000000000010000000000001000000000000000110000010000010010000000000010000010000000000000000000000100010011000000000000000000110010001000010010000000000000001000010100001000000000000000000100100000000000000000000000010000100000000000000000010001000000000000000000000000000000000000000000,
;tableau 190 de l'image 2 à pour solution : 2 
0000100000100000000000000000100000000100000000000000000110000000000000000000000000001000000000010000000000100000000000000011010000010100000000000000000010010010001010001100000000000011000000000000000000000010011001000000100000000000000001111000000010100000000000000000000000000000000000000000000101000001010001000000000000110000100100000000000000000011000000000001000000000000100000000000000000000000001001010001000000000000000000000010000100110100000000000000100001000000000000000000001010000000000000001000000000000000000100100000100000000000000000000000000000000000000000000000011010000000000000000000000000000100000000000000001000000010000000000000000110010000000001110000000000001010000010001000000000000000000000000000000000000000000000000000101001000000000000000000000000000000000000,
;tableau 191 de l'image 2 à pour solution : 2 
0000100000000000000000000000000000000000000000000000000000000000001000000000000000000000000000000001100000000100100000000000001011100000010000000000000001000000000000000000000000000000110000000100000000000100000000000000000010000000000000000000000000000000000000000010000001100100000000000000000000010000000000000000010010001000000000000000000000000000110010000000000000000000001001000001010000000000000010100000110100000000000000000000100011000010000000000010010000101100101000000000000000000000000000000000000000000010000000000100000000000000000000000000001000000000000010010000000000000000000000000100000000000000100000000010000000010000011010000000000000000011001100000000000000000000000001010000000000000000010000000000011000000000000000000010000000000000000000000000000000000000000000,
;tableau 192 de l'image 2 à pour solution : 2 
0000100000000000000000000000000000000110100000000000000001000000000000000000000000001000000001000000000001001000000000000000000000000001000000000000000000010001100001000100000000000000000100000011100000000000001000000100000100000000010001001000010010001100000000110000100000000000100000000010001010001010001000000000000000000100010000000000000000100010000001101011000000000000000000000000000000000000000000010111001000000000000000010011000000000101000000000000000000000000000000000000001010000000000000110000000000000001000000000010000000000000010000010000000000000000000101100010001001101000000000010000010000100000000000000000100001001000000000000000000001000100010000000000000000000001000000000001000000000000000111000000000000000000000000000000000000000000000000000000000000000000000000,
;tableau 193 de l'image 2 à pour solution : 2 
0000100000000000000000001000100000000000000000000000000100000000000000000000000000000000000000110011100000100001000000000000001000100010010000000000001000100000010000101000000000010000000000000000000000000000000000010000100000000000000000000000001000000000000000000000001110000000000000000001000000010000100000000000000000100001001000000000000000000001110000000000000000000010100000000010101000000000000000000000000001000000000000001000000100000000100000000000000000000000000010000000000001000100000000001000000000111000010100000100000000000001000000000000010000000000000000000000000000000000000000000000000001000000000000000001000110100000000010000000000010000010000000000000000000001010000000011010000000000000010000000000010000000000000000000000010100000000000000000000000000000000000000,
;tableau 194 de l'image 2 à pour solution : 2 
0000100000110000000000000000000000000010000000000000001000000000000000000000000000001000000000000000000000011100010000000010000000001000101000000000000001000110001101000000000000100011000001010000010000000000000000000010000000000000000000000110000000000000000000000000000001000000000000000000100000100000000000000000001000000000000000000000000000000000000101000000000000000001000110100000000000000000001100010001010010000000000000000001001000001000000000000001010000000011000000000000000000000000100001000000000000000100000000000010010000000000010000000110000010000000000000010000011010000000000000000000000000000000000000000000000000000010011100000000000001010101001011010000000000000000000000100000000000000000000010110000001000000000000000010111000010000000000000000000000000000000000000,
;tableau 195 de l'image 2 à pour solution : 2 
0000100001000000000000000000000000000101000000000000000000000000010000000000000000000000000000010001010001000000100000000000010001010100000000000000000000001000000000011000000000000000001000000000100000000010000000011000010011000000010100000001010000101000000000000000000010010001000000000100000001000000000110000000000000000110000000001000000001000000001010110010010000000000000000001000000100000000000000001010000000010000000000000100000111000000000000000000100000010000000100000000001000000000000000010000000000101010000000001000000000000010000000000000000000000000000100000000000000000000000000001100100000000111000000000000000000000000000000000000000000001000000100101000000000000110010000001010000000000000110000001010010000000000000000000000000000000000000000000000000000000000000000,
;tableau 196 de l'image 2 à pour solution : 2 
0000100000010000000000000000000000000010000000000000000010000000000000000000000000010000000000000000000100000000000000000000100010000010000000000000010000000000000000000000000001100001000010000000000000000001000000100000000000000000001000100010000000000000000000101010000001000010010000000000001100011000100001000000000000001000000000000000000000000000000000000000000000000000000000100010100010000000001100000000000000000000000000000000100000100001110000000000000000001000101010000000000100001000000001000000000000000000010100000001010000000000010000000000011000000000000000000000011000000000000000010000000000000000000000000000011000000010010010000000000011010000000010000000000000010000100000100000000000000000000000110100100000000000000000100000110000000000000000000000000000000000000000,
;tableau 197 de l'image 2 à pour solution : 2 
0000100000000000000000000000100000000000000000000000000000000000000100000000000000000000000001000000010000000100000000000001001001000000010010000000000000000011100000000000000000010000101000010001000000000110000001001000110100000000000010011000000000010000000000000000110010001000100000000100000010000101000000000000000010110001000010100100000000000001000000000001100000000000000000000001001100000000000000000000000000100000000000000001000010001000000000000000000000000000000000000000001000000000000000001000000000100110000000000000000000000000000000000000100000000000001001000011000010000000000000000000000010100000100000000001000000101000001000000000000000000110010101000000000000000011001011000100000000000000000001000000011000000000000000000010000100000000000000000000000000000000000000,
;tableau 198 de l'image 2 à pour solution : 2 
0000100000000000000000000001000000000010000000000000000000000000001000000000000000000000000000000000000000101001000000000000010000000010000101000000000000000100001000001000000000100001000000000000010000000000000010000001000000000000001100000000010000000000000001000000000000000000000000000001000000000000001000000000000000000000000100001000000000000010100010000010000000000000100010000100000000000000001000010100010000001000000000000110000000000100000000000001010001000000001000000000000001100000000000010000000000000000000000000110100000000001000000000000000010000000000000100000000000010000000000000100000000000011000000000000011000000010000000000000000010100000000000011000000000000000000000000000000000000000001000100100100000000000000000010001000000000000000000000000000000000000000000,
;tableau 199 de l'image 2 à pour solution : 2 
0000100000100000000000000000000000000100000000000000000010000000010100000000000000000000000000110100000001000100100000000000001100101100010000000000000110000000000011000100000000000000011000001000000000000010101000001000011000000000000000000110000000000000000000011010000010000001100000000000100101110000000110000000000000000110000000000000000001101001000000000000000000000000001000100000000010000000000010000000100000000100000000000000011110000000000000000010000010100001010000000000001000000100000000000000000000000000000000101000000000000000010000000000101000000000000000001000000000000000000000000000000000100000000000000001000001000100000100000000000100000000000010100000000000001000001000000101000000000000000010000000010000000000000001000000100000000000000000000000000000000000000000,
;tableau 200 de l'image 2 à pour solution : 2 
0000100000000000000000000000000000000000000000000000000000000000000000000000000000001000000001000010000000000000000000000000010001000000000000000000001000000100000000000000000000010100000110000000000000000000000010000100000010000000001000001000000000000100000000100000101000100100000000000010000010000000010000000000000100010001110001000100000000000000001100000001100000000000000000000000100000000000000000000011000000000000000000010010000001010100100000000000000001001000100000000000000000000000100000000000000000100011001000000000100000000001000000000010010110000000000000000000010000001000000000000100000001000000000000000000000000000000000000000000000000110100000000001000000000010010100000000000000000000000100000100010000000000000000000000000000110000000000000000000000000000000000000,
;tableau 201 de l'image 2 à pour solution : 2 
0000100000000000000000000000000000000000000000000000000010000000001000000000000000010000000000101000100010000000100000000010000000001100000100000000000001100000010000100000000000100000010000000000000000000100111000001000100000000000000100000101001000000000000000001000000100010000100000000000001000010000000000000000001000000000000000000000000000000000000000100000000000000000000010100000000000000000000000000100000000000000000000000000000110001000000000000000001000010100000000000000000000000000000010011000000000000000010000001110000000000000001000000000000000000000000000000000000000100000000000000000000010000001000000000000101001001000000010000000000100000010000110000000000000000001000000100001000000000000000000000001010000000000000000000101000000000000000000000000000000000000000000,
;tableau 202 de l'image 2 à pour solution : 2 
0000100000000000000000000000000000000001000000000000000000000000000000000000000000001000000000000000000000100000000000000100000001000010100000000000000000010010001000010000000000000010001001110000000000000011000100000001000000000000000000001000000100010000000000010001000000000000000000000000000000000010010001000000000010100000001000001000000000010001010000000000010000000000000101000000100100000000000011001000000000001000000000000111111000100001010000000000000000000010000100000000000100000000000000000000000000100000000100100000100000000011000000000000000000000000000000000000000010000000000000001000000001000000000000000000010000000100000000000000000010000000100001000000000000000110001000000000000000000000010001000100001000000000000000000000011000000000000000000000010000000000000000,
;tableau 203 de l'image 2 à pour solution : 2 
0000100000010000010000000001000000000000000000000000000100000000001000000000000000010000000000000000000000001001000000000000001100001000001100000000000000100000000001000000000000010000000000001000110000000000000001100000110100000000001100000100011010000000000000000000000010000000010000000000100000000000100110000000000000000100100100110000000000000000001000000000000000000000001010010000000010000000000000000000000000100000000000000000000000010010000000000010110000100000001000000000001000000000000010011000000000000010000000000000000000000000010000000010010000000000000100000001000001000000000000010000000000100000100000000001000000001000010100000000000100100010000100100000000000000001000010000010000000000000000000000001000000000000000000100011000100000000000000000000000000000000000000,
;tableau 204 de l'image 2 à pour solution : 2 
0000100000000000000000000000000000000000000000000000000000000000000100000000000000000000000000000101011000000000000000000010000000000100000001000000000100010000001000100000000000100100000001000111000000000011110100011000000000000000000000100000000000001100000000001000000000001000100000000010000001001000000000000000000000000000010000001000000000101010100010000000000000000000000000000000100100000000000010000000000000000000000000010000010010000001000000000000000000000000000010000000000000000000100001000000000000001101010000001000000000000000000000000000001000000000000000000000010000110000000000001110000001000110000000000000111000100000001000000000000000000000000010010000000000000100110100010000000000000000000000000000000000000000000000000100010000000000000000000000000000000000000000,
;tableau 205 de l'image 2 à pour solution : 2 
0000100000000000000000000000000000000100100000000000000000000000000000000000000000000100000001100000100000010000000000000000000001000010000000000000000000100101000000011000000000000000100000101000110000000100000000000000000000000000001001000000010000010000000000000010010000000000000000000000000000000000000100000000000000100000101111000000000000000000000000101000000000000110000001100000000010000000001101000001111010000000000000000001100000000100010000000001000000000010000001000000000000000100000000010000000000100010000000100100010000000000000000000100110100000000000101000010001000000000000000000000010000000000000000000000000100000000000100000000000101001000000000000000000000001000000000100000100000000000000000001100000000000000000001001001000010000000000000000000000000000000000000,
;tableau 206 de l'image 2 à pour solution : 2 
0000100000000000000000000000100000000011000000000000000111000000001000000000000000000000000000000010000001000000000000000000001010000000000000000000000110000000000010100000000000000000011101000000000000000000000011000000011000000000000000001000000010000000000000010001000100001001010000000000000010100100100000000000000001010001010000001000000001000000010010000001010000000000100000010110000000000000000000000000000000100100000000100000000000000011100000000000100001001000100100000000000000100000000001001000000000000001000000001000000000000000000000000000000000000000000000000000000000000000000000010000100001000010000000000001000010000000010010000000000000000000101101000000000000000111000000010101000000000000100000100000000000000000000000000110000000000000000000000000000000000000000000,
;tableau 207 de l'image 2 à pour solution : 2 
0000100000000000000000000000000000000000000000000000000000000000000100000000000000001000000000110000001000000000000000000001000000000010000000000000000001011101100000010100000000001110000000000100000000000010000000011001000110000000010000100100000000000000000001100010010010100000000000000000000100001010000001000000000010100000000000010000000000100000000000000000000000000011000011000000000000000000000000000111000001010000000000001010010010000000000000000000000000100000000000000000000000000000000000000000000000000000010100000010000000000001000000000000110000000000000000000000001000000000000000000000000000000000000000000000001000010000001100000000000011101000000000001000000000000000000010000000000000000000000101000110000000000000000000101001110000000000000000000000100000000000000000,
;tableau 208 de l'image 2 à pour solution : 2 
0000100000000000000000000001100000000000000000000000000000000000000000000000000000000000000000000010000010010000000000000010000000000000110101000000010000100000000000000000000000010001100100000000000000000000000001000100100000000000000000000011001100000000000000000000000000000000100000000001000011110001010000000000000000000001100110000000000000000001100000011010100000000000000000000000001000000000001010010000010000000000000000000000000100010100000000000000010000010000100010000000000000000000000000000000000000010101000000001000000000000000000000000000000000000000000001000000010000100000000000000000000000000000000000000000100100000000000000000000000000000000101010000000000000001001000101010010000000000000000000001000101100000000000000000000001000000000000000000000010000000000000000,
;tableau 209 de l'image 2 à pour solution : 2 
0000100000000000000000000000000000000000000000000000000000000000000100000000000000010000000001100001000000001101110000000000000000000000000000000000000100000000100000001000000000000110000001100001000000000000001000000000000000000000010000010000000001001000000000100010000000011100010000000110000000000000000001000000000100110000010000000000000000000010000001000000000000000001101001000010000100000000000000000010100100001100000000000100000000000000000000000010000011000101000100000000000000000100000000000000000000000000000000000011000000000000000000000000001000000000000010000000000000001000000000000000000000000000100000000000000000001100100000000000000010100011000001000000000000000010100000000101000000000000010000000000000000000000000000001101000000000000000000000000000000000000000000,
;tableau 210 de l'image 2 à pour solution : 2 
0000100000000000000000000000000000000101000000000000000100000000000000000000000000000000000000000000010000000000000000000110000100000011001100000000000000000100001000110000000000101001000110000000000000000000000000010000100000000000001000100001010100010000000000000001010001100000100000000001001100001001000010000000000000000011000100010100000000100000100000001000000000000000000110010000100000000000000010110100010000000000000000011000010010000100000000000000011000000000100000000000001010100000000011000000000000100000010000000100000000000001010000000000100000000000000000001000000001000000000000000100100000000000000000000001000000000000000000000000000000000000011010100000000000000100000110101000000000000000000100100000000000000000000000000000000000000000000000000000000000000000000000,
;tableau 211 de l'image 2 à pour solution : 2 
0000100000010000000000000000000000000000000000000000000000000000000000000000000000010000000000010000001010000000110000000000001001100000000010000000001000100010010010000000000000010000100000000000100000000000001000001110000001000000000000000000000010000000000000010010100000000001000000000000100001000000100000000000000000010000000011000000000000001000000010000001000000000001100000000101000110000000000000000000000011011000000000100001001000000010000000000001100011011000010100000000000001000000000000000000000000010000000100000000000000000000000000000000000000000000000010000000000010001000000000000000000000000001000000000000011100111100111110000000000000100000000001000000000000000010000000000000000000000000010000000001000000000000000000000101001000000000000000000000000000000000000000,
;tableau 212 de l'image 2 à pour solution : 2 
0000100000000000000000000000000000000000000000000000000010000000000000000000000000000000000000100100000000000000000000000011000010011000100000000000000001000101000001001000000000000010000001001001000000000010000100000001100000000000001000000000000001001000000000000000000101000110000000000000000000010001000000000000000000000010000000000000000000010010100000000000000000000010000010101000100000000000000010000010001100000000000000010000000110010000100000000000000000100000000010000000000010000100000000100000000000100100000000100100100000000000000000000000010001000000000000000000011000000000000000010010010001001000100000000000000000000010000000000000000000000101000000001000000000000000000000100000000000000000001001000000000000000000000000000000010000000000000000000000000000000000000000,
;tableau 213 de l'image 2 à pour solution : 2 
0000100000100000000000000000000000000000000000000000000000000000000000000000000000010000000000000000101000101000000000000100000001000000000000000000000000010010010000100000000000010000000000010000100000000000010000001010000000000000000000000001000000000100000000100000000000000000000000000001000010000010000000000000001000001000011000001000000000000000000000001010000000000000000000000010000000000000000101000000010000001000000000000110101000000000000000000010001000000100001000000000000101000000000000010000000000010001010000000001000000000000010000000000000010000000000010000000000000100000000000000100100000000000000000000001000000001000001000000000000000001010010010000000000000000000000110011000000000000000000000000000000000000000000000000001000000000000000000000000000000000000000000,
;tableau 214 de l'image 2 à pour solution : 2 
0000100000000000000000000000000000000000000000000000000000000000000000000000000000000100000000000010000011000000000000000010001100010001000010000000010100000000000001001000000000100010110001100000000000000100000000000000000100000000000000000010000100000000000000000010000000001000010000000000001000010000000000000000000100010000000000000100000000001000000000010000000000000100000101100000000100000000000000101010000100010000000000000000000000001010000000000001000000001001000100000000000000000000000000000000000000001100000100001000100000000001000000000000000000000000000001000001000000000000000000001000000000101000100000000000001000000000000100000000000000000001000101100000000000000001000000000000000000000000101011000010101100000000000000001100000010000000000000000000000000000000000000,
;tableau 215 de l'image 2 à pour solution : 2 
0000100001000000000000000000000000000110000000000000001010000000000000000000000000000000000000000000000000000100100000000000000000000100000000000000000000000000001000000000000000010000001000000010100000000000000000000001100000000000001000000100010000000000000000100000000110000101100000000000010000000110001001000000010000001000000010000000000000000000000100000000100000000000000000001000010010000000000000000000000000000000000000000110000011100100100000000000000001000000011011000000001000100000000000001000000000100000000000100001000000000000010000000000010000000000000000000000001000000000000000010000000000000010000000000000000100010000010000000000000001010100000000000000000000000100000001110000000000000000000100100000010000000000000000010001001000000000000000000000100000000000000000,
;tableau 216 de l'image 2 à pour solution : 2 
0000100000110000010000000000010000000001000000000000000000000000001100000000000000001100000000000011000100000001000000000000001000000010100001000000011000000000000010010000000000000000000001000000010000000000000101111110000000000000010000001001101111000000000000000000000001011000000000000000100010000000000000000000000000000011001100110000000000000001100000000000000000000000000001000000000100000000000010000000100100100000000000001000100000000000000000000001100000000100000000000000000010001000100001000000000000001000010000000000000000000000000000000000101100000000000001000100000000001000000000000000000000000000100000000000000000001000100000000000000010100000000010000000000000001000111000000001000000000000010000000100000000000000000000000000010000000000000000000000000000000000000000,
;tableau 217 de l'image 2 à pour solution : 2 
0000100000000000000000000000100000000000000000000000000000000000000000000000000000000000000000000000101000000000000000000000000010000001000000000000000000001000000100001000000000100010000000000001000000000000000010000000111101000000000100000100000000010000000000001000000000000000000000000001000001000000000100000000000000010100100000000000000000000000000010010000000000000001000000000110000000000000000100000001000000010000000000000100000000110001100000000000000000000000100000000000000100000000000000100000000000010001000100000000000000000010100000000000000000000000001000000000000001010000000000100100000000000110000000000001000001000100000000000000000000000001100000100000000000000000000000000100000000000000000000001000000000000000000000000000001010000000000000000000000000000000000000,
;tableau 218 de l'image 2 à pour solution : 2 
0000100000000000000000000001000000000000000000000000000100000000000100000000000000000100000000000010000001100100000000000000001000000000000000000000000001000100000000010100000000000000000100011000000000000000001000100000000010000000001000110000000100000000000000000000101001000001000000000000001000100010000000000000000010000000000000001100000001100000000000000000000000000000001000010000000000000000000011000100101011000000000000010000100000000000000000000000000011000000000000000000000011000000000011001000000000000010000000000001000000000000000000000000000000000000000100000000000000001000000000001000000001000000000000000000100000010010000100000000000101011000000100000000000000000000000000000001000000000000000000000000100000000000000000000110100000000000000000000000000000000000000000,
;tableau 219 de l'image 2 à pour solution : 2 
0000100000010000000000000000100000000100000000000000000010000000000000000000000000000000000000100001000000000001100000000000000000000000010100000000000100111000010000000000000000000000001010000000000000000000100001000000000100000000000000000000000010000000000000000000000000100000100000000010000100000000001000000000000100000010000000010000000000000000100100000000100000000001000000100000000000000000001000000000010100100000000000001000000010101000000000000000100000011010011000000000001000000100000000110000000000000000010000001100000000000000010000000000000000000000000000000000000000010000000000010110000000000000100000000001000011001000001000000000000000000101100010001000000000001000000000000110000000000000011011000000000000000000000000000001001010000000000000000000000000000000000000,
;tableau 220 de l'image 2 à pour solution : 2 
0100100000110000000000000001100000000011000000000000000110000000011100000000000000011100000001110111111111111101110000000111011111111111110111000000011111111111111111111100000001110111111111111111110000000111111111111111110111000000001110111111111111011100000000111011111111111101110000000011101111111111111111000000001110111111111110111100000000111011111111111011110000000011101111111111101111000000001111111111111111111100000000111111111111111111100000000011111011111111111110000000001111000100100011111000000000111111011100101111100000000011110000000010111110000000001111000001011011111000000000011100110011100111100000000001111111111110111110000000000111111111111111111000000000011111111111111111000000000000111111111111111100000000000000111111111110000000000000000000000000000000000000,
;tableau 1 de l'image 3 à pour solution : 1 
1000010000000000000000000000000000000000000000000000000000000000000000000000000000000000000000000000000000000000000000000000000000000000000000000000000000000000000000000000000000000000000000000000000000000000000000000000000000000000000000000000000000000000000000000000000000000000000000000000000000000000000000000000000000000000000000000000000000000000000000000000000000000000000000000000000000000000000000000000000000000000000000000000000000000000000000000000000000000000000000000000000000000000000000000000000000000000000000000000000000000000000000000000000000000000000000000000000000000000000000000000000000000000000000000000000000000000000000000000000000000000000000000000000000000000000000000000000000000000000000000000000000000000000000000000000000000000000000000000000000000000000000,
;tableau 2 de l'image 3 à pour solution : 1 
0000010000000000000000000000000000000000000000000000000000000000000000000000000000000000000000000000000000000000000000000000000000000000000000000000000000000000000000000000000000000000000000000000000000000000000000000000000000000000000000000000000000000000000000000000000000000000000000000000000000000000000000000000000000000000000000000000000000000000000000000000000000000000000000000000000000000000000000000000000000000000000000000000000000000000000000000000000000000000000000000000000000000000000000000000000000000000000000000000000000000000000000000000000000000000000000000000000000000000000000000000000000000000000000000000000000000000000000000000000000000000000000000000000000000000000000000000000000000000000000000000000000000000000000000000000000000000000000000000000000000000000000,
;tableau 3 de l'image 3 à pour solution : 1 
0000010000000000000000000000000000000000000000000000000000000000000000000000000000000000000000000000000000000000000000000000000000000000000000000000000000000000000000000000000000000000000000000000000000000000000000000000000000000000000000000000000000000000000000000000000000000000000000000000000000000000000000000000000000000000000000000000000000000000000000000000000000000000000000000000000000000000000000000000000000000000000000000000000000000000000000000000000000000000000000000000000000000000000000000000000000000000000000000000000000000000000000000000000000000000000000000000000000000000000000000000000000000000000000000000000000000000000000000000000000000000000000000000000000000000000000000000000000000000000000000000000000000000000000000000000000000000000000000000000000000000000000,
;tableau 4 de l'image 3 à pour solution : 1 
0000010000000000000000000000000000000000000000000000000000000000000000000000000000000000000000000000000000000000000000000000000000000000000000000000000000000000000000000000000000000000000000000000000000000000000000000000000000000000000000000000000000000000000000000000000000000000000000000000000000000000000000000000000000000000000000000000000000000000000000000000000000000000000000000000000000000000000000000000000000000000000000000000000000000000000000000000000000000000000000000000000000000000000000000000000000000000000000000000000000000000000000000000000000000000000000000000000000000000000000000000000000000000000000000000000000000000000000000000000000000000000000000000000000000000000000000000000000000000000000000000000000000000000000000000000000000000000000000000000000000000000000,
;tableau 5 de l'image 3 à pour solution : 1 
0000010000000000000000000000000000000000000000000000000000000000000000000000000000000000000000000000000000000000000000000000000000000000000000000000000000000000000000000000000000000000000000000000000000000000000000000000000000000000000000000000000000000000000000000000000000000000000000000000000000000000000000000000000000000000000000000000000000000000000000000000000000000000000000000000000000000000000000000000000000000000000000000000000000000000000000000000000000000000000000000000000000000000000000000000000000000000000000000000000000000000000000000000000000000000000000000000000000000000000000000000000000000000000000000000000000000000000000000000000000000000000000000000000000000000000000000000000000000000000000000000000000000000000000000000000000000000000000000000000000000000000000,
;tableau 6 de l'image 3 à pour solution : 1 
0000010000000000000000000000000000000000000000000000000000000000000000000000000000000000000000000000000000000000000000000000000000000000000000000000000000000000000000000000000000000000000000000000000000000000000000000000000000000000000000000000000000000000000000000000000000000000000000000000000000000000000000000000000000000000000000000000000000000000000000000000000000000000000000000000000000000000000000000000000000000000000000000000000000000000000000000000000000000000000000000000000000000000000000000000000000000000000000000000000000000000000000000000000000000000000000000000000000000000000000000000000000000000000000000000000000000000000000000000000000000000000000000000000000000000000000000000000000000000000000000000000000000000000000000000000000000000000000000000000000000000000000,
;tableau 7 de l'image 3 à pour solution : 1 
0000010000000000000000000000000000000000000000000000000000000000000000000000000000000000000000000000000000000000000000000000000000000000000000000000000000000000000000000000000000000000000000000000000000000000000000000000000000000000000000000000000000000000000000000000000000000000000000000000000000000000000000000000000000000000000000000000000000000000000000000000000000000000000000000000000000000000000000000000000000000000000000000000000000000000000000000000000000000000000000000000000000000000000000000000000000000000000000000000000000000000000000000000000000000000000000000000000000000000000000000000000000000000000000000000000000000000000000000000000000000000000000000000000000000000000000000000000000000000000000000000000000000000000000000000000000000000000000000000000000000000000000,
;tableau 8 de l'image 3 à pour solution : 1 
0000010000000000000000000000000000000000000000000000000000000000000000000000000000000000000000000000000000000000000000000000000000000000000000000000000000000000000000000000000000000000000000000000000000000000000000000000000000000000000000000000000000000000000000000000000000000000000000000000000000000000000000000000000000000000000000000000000000000000000000000000000000000000000000000000000000000000000000000000000000000000000000000000000000000000000000000000000000000000000000000000000000000000000000000000000000000000000000000000000000000000000000000000000000000000000000000000000000000000000000000000000000000000000000000000000000000000000000000000000000000000000000000000000000000000000000000000000000000000000000000000000000000000000000000000000000000000000000000000000000000000000000,
;tableau 9 de l'image 3 à pour solution : 1 
0000010000000000000000000000000000000000000000000000000000000000000000000000000000000000000000000000000000000000000000000000000000000000000000000000000000000000000000000000000000000000000000000000000000000000000000000000000000000000000000000000000000000000000000000000000000000000000000000000000000000000000000000000000000000000000000000000000000000000000000000000000000000000000000000000000000000000000000000000000000000000000000000000000000000000000000000000000000000000000000000000000000000000000000000000000000000000000000000000000000000000000000000000000000000000000000000000000000000000000000000000000000000000000000000000000000000000000000000000000000000000000000000000000000000000000000000000000000000000000000000000000000000000000000000000000000000000000000000000000000000000000000,
;tableau 10 de l'image 3 à pour solution : 1 
0000010000000000000000000000000000000000000000000000000000000000000000000000000000000000000000000000000000000000000000000000000000000000000000000000000000000000000000000000000000000000000000000000000000000000000000000000000000000000000000000000000000000000000000000000000000000000000000000000000000000000000000000000000000000000000000000000000000000000000000000000000000000000000000000000000000000000000000000000000000000000000000000000000000000000000000000000000000000000000000000000000000000000000000000000000000000000000000000000000000000000000000000000000000000000000000000000000000000000000000000000000000000000000000000000000000000000000000000000000000000000000000000000000000000000000000000000000000000000000000000000000000000000000000000000000000000000000000000000000000000000000000,
;tableau 11 de l'image 3 à pour solution : 1 
0000010000000000000000000000000000000000000000000000000000000000000000000000000000000000000000000000000000000000000000000000000000000000000000000000000000000000000000000000000000000000000000000000000000000000000000000000000000000000000000000000000000000000000000000000000000000000000000000000000000000000000000000000000000000000000000000000000000000000000000000000000000000000000000000000000000000000000000000000000000000000000000000000000000000000000000000000000000000000000000000000000000000000000000000000000000000000000000000000000000000000000000000000000000000000000000000000000000000000000000000000000000000000000000000000000000000000000000000000000000000000000000000000000000000000000000000000000000000000000000000000000000000000000000000000000000000000000000000000000000000000000000,
;tableau 12 de l'image 3 à pour solution : 1 
0000010000000000000000000000000000000000000000000000000000000000000000000000000000000000000000000000000000000000000000000000000000000000000000000000000000000000000000000000000000000000000000000000000000000000000000000000000000000000000000000000000000000000000000000000000000000000000000000000000000000000000000000000000000000000000000000000000000000000000000000000000000000000000000000000000000000000000000000000000000000000000000000000000000000000000000000000000000000000000000000000000000000000000000000000000000000000000000000000000000000000000000000000000000000000000000000000000000000000000000000000000000000000000000000000000000000000000000000000000000000000000000000000000000000000000000000000000000000000000000000000000000000000000000000000000000000000000000000000000000000000000000,
;tableau 13 de l'image 3 à pour solution : 1 
0000010000000000000000000000000000000000000000000000000000000000000000000000000000000000000000000000000000000000000000000000000000000000000000000000000000000000000000000000000000000000000000000000000000000000000000000000000000000000000000000000000000000000000000000000000000000000000000000000000000000000000000000000000000000000000000000000000000000000000000000000000000000000000000000000000000000000000000000000000000000000000000000000000000000000000000000000000000000000000000000000000000000000000000000000000000000000000000000000000000000000000000000000000000000000000000000000000000000000000000000000000000000000000000000000000000000000000000000000000000000000000000000000000000000000000000000000000000000000000000000000000000000000000000000000000000000000000000000000000000000000000000,
;tableau 14 de l'image 3 à pour solution : 1 
0000010000000000000000000000000000000000000000000000000000000000000000000000000000000000000000000000000000000000000000000000000000000000000000000000000000000000000000000000000000000000000000000000000000000000000000000000000000000000000000000000000000000000000000000000000000000000000000000000000000000000000000000000000000000000000000000000000000000000000000000000000000000000000000000000000000000000000000000000000000000000000000000000000000000000000000000000000000000000000000000000000000000000000000000000000000000000000000000000000000000000000000000000000000000000000000000000000000000000000000000000000000000000000000000000000000000000000000000000000000000000000000000000000000000000000000000000000000000000000000000000000000000000000000000000000000000000000000000000000000000000000000,
;tableau 15 de l'image 3 à pour solution : 1 
0000010000000000000000000000000000000000000000000000000000000000000000000000000000000000000000000000000000000000000000000000000000000000000000000000000000000000000000000000000000000000000000000000000000000000000000000000000000000000000000000000000000000000000000000000000000000000000000000000000000000000000000000000000000000000000000000000000000000000000000000000000000000000000000000000000000000000000000000000000000000000000000000000000000000000000000000000000000000000000000000000000000000000000000000000000000000000000000000000000000000000000000000000000000000000000000000000000000000000000000000000000000000000000000000000000000000000000000000000000000000000000000000000000000000000000000000000000000000000000000000000000000000000000000000000000000000000000000000000000000000000000000,
;tableau 16 de l'image 3 à pour solution : 1 
0000010000000000000000000000000000000000000000000000000000000000000000000000000000000000000000000000000000000000000000000000000000000000000000000000000000000000000000000000000000000000000000000000000000000000000000000000000000000000000000000000000000000000000000000000000000000000000000000000000000000000000000000000000000000000000000000000000000000000000000000000000000000000000000000000000000000000000000000000000000000000000000000000000000000000000000000000000000000000000000000000000000000000000000000000000000000000000000000000000000000000000000000000000000000000000000000000000000000000000000000000000000000000000000000000000000000000000000000000000000000000000000000000000000000000000000000000000000000000000000000000000000000000000000000000000000000000000000000000000000000000000000,
;tableau 17 de l'image 3 à pour solution : 1 
0000010000000000000000000000000000000000000000000000000000000000000000000000000000000000000000000000000000000000000000000000000000000000000000000000000000000000000000000000000000000000000000000000000000000000000000000000000000000000000000000000000000000000000000000000000000000000000000000000000000000000000000000000000000000000000000000000000000000000000000000000000000000000000000000000000000000000000000000000000000000000000000000000000000000000000000000000000000000000000000000000000000000000000000000000000000000000000000000000000000000000000000000000000000000000000000000000000000000000000000000000000000000000000000000000000000000000000000000000000000000000000000000000000000000000000000000000000000000000000000000000000000000000000000000000000000000000000000000000000000000000000000,
;tableau 18 de l'image 3 à pour solution : 1 
0000010000000000000000000000000000000000000000000000000000000000000000000000000000000000000000000000000000000000000000000000000000000000000000000000000000000000000000000000000000000000000000000000000000000000000000000000000000000000000000000000000000000000000000000000000000000000000000000000000000000000000000000000000000000000000000000000000000000000000000000000000000000000000000000000000000000000000000000000000000000000000000000000000000000000000000000000000000000000000000000000000000000000000000000000000000000000000000000000000000000000000000000000000000000000000000000000000000000000000000000000000000000000000000000000000000000000000000000000000000000000000000000000000000000000000000000000000000000000000000000000000000000000000000000000000000000000000000000000000000000000000000,
;tableau 19 de l'image 3 à pour solution : 1 
0000010000000000000000000000000000000000000000000000000000000000000000000000000000000000000000000000000000000000000000000000000000000000000000000000000000000000000000000000000000000000000000000000000000000000000000000000000000000000000000000000000000000000000000000000000000000000000000000000000000000000000000000000000000000000000000000000000000000000000000000000000000000000000000000000000000000000000000000000000000000000000000000000000000000000000000000000000000000000000000000000000000000000000000000000000000000000000000000000000000000000000000000000000000000000000000000000000000000000000000000000000000000000000000000000000000000000000000000000000000000000000000000000000000000000000000000000000000000000000000000000000000000000000000000000000000000000000000000000000000000000000000,
;tableau 20 de l'image 3 à pour solution : 1 
0000010000000000000000000000000000000000000000000000000000000000000000000000000000000000000000000000000000000000000000000000000000000000000000000000000000000000000000000000000000000000000000000000000000000000000000000000000000000000000000000000000000000000000000000000000000000000000000000000000000000000000000000000000000000000000000000000000000000000000000000000000000000000000000000000000000000000000000000000000000000000000000000000000000000000000000000000000000000000000000000000000000000000000000000000000000000000000000000000000000000000000000000000000000000000000000000000000000000000000000000000000000000000000000000000000000000000000000000000000000000000000000000000000000000000000000000000000000000000000000000000000000000000000000000000000000000000000000000000000000000000000000,
;tableau 21 de l'image 3 à pour solution : 1 
0000010000000001000000000000000000000000000000010100000000000000000000001000001000000000000000000000000000100000000000000000000010000010000000000000000000000100000000000000000000000000100000000000000000000000000001000111000000000000000000001000000000000000000000000000100000100000000000000000000001000000000000000000000000000000000000000000000000000000000000000000000000000000001001000000100000000000000000000100000000000000000000000000100000000000000000000000000010000100000000000000000000000010000000000000000000000000011010001000000000000000000000000100000000000000000000000001011010000000000000000001110000000000000000000000000000000110000000000000000000000000001000000000000000000000010000000000000000000000000000000000000000000000000000000000100000000000000000000000110001000000000000,
;tableau 22 de l'image 3 à pour solution : 1 
0000010000000010100000000000000000000000000010000010000000000000000000000000100000000000000000000000000000000000000000000000000000000000000000000000000000110000000100000000000000000001000000000000000000000000000000000000000000000000000000010000000000000000000000000000000001000000000000000000001000000010100000000000000000000100010000000000000000000000000000001000000000000000000000000000000000000000000000000000000000000000000000000011001001000000000000000000000101000011000000000000000000110000010100000000000000000000000000000000000000000000000001001011000000000000000000000000000000000000000000000010000100000000000000000000000110010001000000000000000000100000000000000000000000000010001000000000000000000000000000100000000000000000000000010101000001000000000000000001000100100000000000,
;tableau 23 de l'image 3 à pour solution : 1 
0000010000000001000000000000000000000000001000010000000000000000000000000000000000000000000000000000000000000000000000000000000001000000000000000000000000000000001000000000000000000000000000100000000000000000000000000000000000000000000000001000010000000000000000000000100000000000000000000000000001000001000000000000000000011000000100000000000000000001110000110000000000000000000100000001000000000000000000001010000010000000000000000000000000000000000000000000001010000000100000000000000000000000000010000000000000000000000001101000000000000000000010000100000000000000000000000000101000000000000000000000010000000000000000000000000000000000000000000000000000000001000000000000000000000000000000000000000000000000000000000010000000000000000000000010100000000000000000000000001000000000000000,
;tableau 24 de l'image 3 à pour solution : 1 
0000010000000000000000000000000000000000000100000000000000000000000000000100000000000000000000000000100000000000000000000000000000000000000000000000000000010000010000000000000000000000000000000000000000000000000000000000000000000000000000000000001000000000000000000000000000000000000000000000000010000000000000000000000000000000000000000000000000000000000000000000000000000000001000000000100000000000000000000000000000000000000000000001000000000000000000000000000000100010000000000000000000010000001000000000000000000000001000000000000000000000001000000000000000000000000000011011000000000000000000000000000001000000000000000000000010110000000000000000000000000000000000000000000000000000000000000000000000000000000000101000000000000000000000001100011000000000000000000000000000000000000000,
;tableau 25 de l'image 3 à pour solution : 1 
0000010000000001000001000000000000000000000000000110000000000000000000000000000000000000000000000001000001000000000000000000000000000000000000000000000000000000000000000000000000000000000001000000000000000000000101000011000000000000000000000000000000000000000000000000010000000000000000000000000001000001000000000000000000000000000010000000000000000000000000000000000000000000000100000000000000000000000000000000001000000000000000000010001001000000000000000000000100000000000000000000000000000010000100000000000000000000000001001000000000000000000000101000000000000000000000100000000000000000000000000000001010000000000000000000000000001000000000000000000000000010010100000000000000000000100010010000000000000000000100010010000000000000000000010000000100000000000000000000100000100000000000,
;tableau 26 de l'image 3 à pour solution : 1 
0000010000000000000000000000000000000000000000000000000000000000000000011100000000000000000000000000100010000000000000000000000000000100000000000000000000000000010000000000000000000000000010100000000000000000000000000000000000000000000000000000001000000000000000000000000001100000000000000000000000000000000000000000000000010100001000000000000000000000000001000000000000000000001000000110000000000000000000001000010000000000000000000000100000000000000000000000000000000000100000000000000000000000000000000000000000000001000010010000000000000000000011000000000000000000000000001000000010000000000000000000000000000000000000000000000110000000000000000000000000001000100000000000000000000000000000000000000000000000000000000000000000000000000000101001001000000000000000000000010000000000000000,
;tableau 27 de l'image 3 à pour solution : 1 
0000010000000000100000000000000000000000000001000000000000000000000000000000001000000000000000000000010000000000000000000000000000001000000000000000000000011000000000000000000000000000000000000000000000000000000101000001000000000000000000010000000000000000000000000000010000010000000000000000000000000110000000000000000000000000000100000000000000000000100000010000000000000000000010000001000000000000000000000000000000000000000000000010010000101000000000000000000111000000000000000000000000000000000010000000000000000010000001000000000000000000001100000000000000000000000000000100001000000000000000000010000001010000000000000000001001100001000000000000000000000000000100000000000000000001000111000000000000000000000010100000000000000000000000000000100000000000000000000001000010000000000000,
;tableau 28 de l'image 3 à pour solution : 1 
0000010000000000010000000000000000000000000000001000000000000000000000000100000000000000000000000000000001000000000000000000000000000100000000000000000000000000000000000000000000000001000000100000000000000000000000000110000000000000000000000100010100000000000000000000000001100000000000000000000100000000000000000000000000001000001000000000000000000001000000000000000000000000000000000010000000000000000000000000010000000000000000000001000000000000000000000000000000000000100000000000000000010110100000000000000000000000000000010000000000000000000000000001000000000000000000011000000000000000000000000000000000000000000000000000000000001000000000000000000000000000000000000000000000000000000000110000000000000000000000000001000000000000000000000100000000000000000000000000000000000000000000,
;tableau 29 de l'image 3 à pour solution : 1 
0000010000000001100010000000000000000000000100000100000000000000000000101000001000000000000000000000100000000000000000000000000100001000000000000000000000010100001000000000000000000000100000000000000000000000000001000000000000000000000000000000000000000000000000000000000000001000000000000000001011000010000000000000000000000100000000000000000000000000000000100000000000000000001000000101000000000000000000000000001110000000000000000000000000000000000000000000000000000100000000000000000000000000000000000000000000000010000000000000000000000000001001001000000000000000000000000110001000000000000000000000000000111000000000000000000001100000000000000000000000000000010000000000000000000000000001000000000000000000000000000000000000000000000000000000000000000000000000000001010000010000000000,
;tableau 30 de l'image 3 à pour solution : 1 
0000010000000000000000000000000000000000001010000000000000000000000000010000100000000000000000000001000010010000000000000000000001000000000000000000000000000000000000000000000000000001000001000000000000000000000000000100000000000000000000010100000000000000000000000000000000100000000000000000000000000001100000000000000000000000010110000000000000000000100000001000000000000000000000000000100000000000000000010000000000000000000000000000000000000000000000000000000100000011000000000000000000100010000010000000000000000000010001000000000000000000000110000100000000000000000000001001000100000000000000000010010100000000000000000000000000001000000000000000000000001000000100000000000000000010011010010000000000000000000010000011000000000000000000000000100000000000000000000000100000000000000000,
;tableau 31 de l'image 3 à pour solution : 1 
0000010000000000000000000000000000000000000000000000000000000000000000000000010000000000000000000000000001000000000000000000000000000000000000000000000000000000011000000000000000000000000000000000000000000000000101000000000000000000000000001000010100000000000000000000000001010000000000000000000100000100000000000000000000100000000000000000000000000000010001110000000000000000000000000100000000000000000000000100000000000000000000000000011000101000000000000000001001000100100000000000000000000100000000000000000000000000000000000000000000000000000000001010000000000000000000000100010000000000000000000000000000000000000000000000000110000000000000000000000000010001000000000000000000000000100001000000000000000000000001100100000000000000000000010100000000000000000000000000000010100000000000,
;tableau 32 de l'image 3 à pour solution : 1 
0000010000000000000000000000000000000000000000001100000000000000000000010000101000000000000000000001000000000000000000000000000001001100000000000000000000001000100000000000000000000001010000100000000000000000000000000000000000000000000000000000001000000000000000000000000000000000000000000000000000000010100000000000000000000000000100000000000000000000000000000000000000000000000000000000000000000000000000000000000100000000000000000000000001010000000000000000000010000010000000000000000000010000000000000000000000000000000000011000000000000000000001000000000000000000000000000000000000000000000000000000011101000000000000000000000000010000000000000000000000000000101000000000000000000000000000000000000000000000000010010001000000000000000000001000000100000000000000000001110000000000000000,
;tableau 33 de l'image 3 à pour solution : 1 
0000010000000001000000100000000000000000000111000000000000000000000000000000000000000000000000000000100000100000000000000000000010000010000000000000000000000000000000000000000000000000100000000000000000000000001000000001000000000000000000000000000100000000000000000001000000100000000000000000000000000000000000000000000000000000000000000000000000000000000000000000000000000000000001000000000000000000000000010000010000000000000000000000100000100000000000000000000000000001100000000000000000000000001000000000000000000001010001000000000000000000000010101100000000000000000000000000010000000000000000000000000000100000000000000000000101000011000000000000000000000000000100000000000000000001010010110000000000000000000000000000000000000000000000000100100000000000000000000000001001000000000000,
;tableau 34 de l'image 3 à pour solution : 1 
0000010000000000000000000000000000000000000000001100000000000000000000000000000000000000000000000000000000000000000000000000000000000000000000000000000000000000000000000000000000000001000000000000000000000000000000000100000000000000000000000000000000000000000000000000010000010000000000000000000100000000000000000000000000100000000000000000000000000000000000000000000000000000000010100011100000000000000000000100000000000000000000000000000000011000000000000000000000000010000000000000000000000100010000000000000000000000100000010000000000000000000000000000000000000000000000001100001100000000000000000000000100000000000000000000000010000000100000000000000000100001001000000000000000000000000000000000000000000000000000100010000000000000000000000000000100000000000000000000000010010000000000,
;tableau 35 de l'image 3 à pour solution : 1 
0000010000000000100000000000000000000000000000000010000000000000000000001000000000000000000000000000100000000000000000000000000001000000000000000000000000000100010000000000000000000000000000000000000000000000000000000000000000000000000000000100000000000000000000000000000000000000000000000000000001000010000000000000000000010000000000000000000000000000100001010000000000000000000000000000000000000000000000100000000010000000000000000010000000000000000000000000000000000100100000000000000000010000000010000000000000000001010000000000000000000000000000000000000000000000000000000001100000000000000000000000011000010000000000000000000100000000000000000000000000001000000000000000000000000001100111100000000000000000000000000000000000000000000000000010010000000000000000000000000000000000000000,
;tableau 36 de l'image 3 à pour solution : 1 
0000010000000000000000000000000000000000000001000000000000000000000000010000000000000000000000000000000000000000000000000000000100000000000000000000000000000000000000000000000000000010000000000000000000000000000000000000000000000000000000101000000000000000000000000000010000000000000000000000000000000000100000000000000000000000000100000000000000000001000000000000000000000000000100000010000000000000000000000000000100000000000000000000000001000000000000000000000000000001000000000000000000000000010100000000000000000000100000000000000000000000000000000000100000000000000000000000000000000000000000000000100000000000000000000000000000011100000000000000000000110000011000000000000000000010000000000000000000000000000010000000000000000000000000000000000000000000000000000000001000000000000000,
;tableau 37 de l'image 3 à pour solution : 1 
0000010000000000010000000000000000000000000110000000000000000000000000001000100000000000000000000000000000000000000000000000000000000000000000000000000000010000000000000000000000000000000000000000000000000000000101000100000000000000000000000000010000000000000000000000000000000000000000000000000101000101000000000000000000011000000000000000000000000000000000001000000000000000000001000001100000000000000000010000010000000000000000000000000000000000000000000000000101000000100000000000000000011000000010000000000000000000000001000000000000000000000100000000000000000000000000010100010100000000000000000010000000010000000000000000000001000000000000000000000000000100100000000000000000000000100000000000000000000000001000110011000000000000000000001000000000000000000000000000010000000000000000,
;tableau 38 de l'image 3 à pour solution : 1 
0000010000000000000000000000000000000000000000000000000000000000000000000000001000000000000000000001100011100000000000000000000010000000000000000000000000000000000000000000000000000000000000000000000000000000000000000001000000000000000000000000001100000000000000000000110000010000000000000000000000000000000000000000000000000000000000000000000000000001000000000000000000000000000010000000000000000000000000000100001000000000000000000001100000111000000000000000000000000000000000000000000000000000000000000000000000000001000000100000000000000000001000000001000000000000000000001000001000000000000000000000011001100000000000000000001000011101000000000000000000000000000000000000000000000001011001000000000000000000000001000000000000000000000000010110000100000000000000000000000000000000000000,
;tableau 39 de l'image 3 à pour solution : 1 
0000010000000001100001000000000000000000000001000000000000000000000000001000010000000000000000000000010000000000000000000000000001000000000000000000000000000000010000000000000000000000010000010000000000000000000001000000000000000000000000001000000000000000000000000010000000100000000000000000000010000110000000000000000000100000000010000000000000000000000000100000000000000000000000000101000000000000000000000000010100000000000000000000000000000000000000000000000000000000000000000000000000010100000110000000000000000000001000000000000000000000000000000000100000000000000000000000000000000000000000000010000000000000000000000000000000000000100000000000000000000000110000000000000000000000000000000000000000000000000000000110000000000000000000000001000000000000000000000000010000100000000000,
;tableau 40 de l'image 3 à pour solution : 1 
0000010000000000000000000000000000000000001100000100000000000000000000010000000000000000000000000000000010000000000000000000000000000000000000000000000000011100101000000000000000000000000000100000000000000000000100000000000000000000000000000000000100000000000000000000000000000000000000000000000101000001000000000000000000001000000000000000000000000000000000000000000000000000000101000000000000000000000000001100001000000000000000000001000000000000000000000000000000100000000000000000000000001000010000000000000000000010100000010000000000000000000000100001000000000000000000011000010000000000000000000000001000000000000000000000000000000000000000000000000000010000000000000000000000000010000000100000000000000000000100000000000000000000000000000010000000000000000000000000000001000000000000,
;tableau 41 de l'image 3 à pour solution : 1 
0000010000000001000000000000000000000000000000000000000000000000000000000000100000000000000000000000000001100000000000000000000000001000000000000000000000000000000000000000000000000000000000000000000000000000000001000101000000000000000000001000000000000000000000000000000000001000000000000000000000000000100000000000000000000000010010000000000000000001000000000000000000000000000000000100100000000000000000000000000010000000000000000010100000010000000000000000000010000100000000000000000000010010000000000000000000000000000010000000000000000000000000000010000000000000000000000000001010000000000000000000010000100000000000000000001100000000000000000000000000000010000000000000000000000001000010000000000000000000000000001000000000000000000000010101000000000000000000000000000000000000000000,
;tableau 42 de l'image 3 à pour solution : 1 
0000010000000000000000000000000000000000000000000000000000000000000000001100001000000000000000000000100010000000000000000000001100000000000000000000000000000000000100000000000000000000000000000000000000000000000000000000000000000000000000000100000000000000000000000000000001000000000000000000000100000101000000000000000000000100001000000000000000000000100000101000000000000000000000000000000000000000000000000000010000000000000000000000000001001000000000000000000000000000100000000000000000000100001000000000000000000000000001000000000000000000001000000000000000000000000000100001000000000000000000000001001000000000000000000000000000000000000000000000000000010100100000000000000000000000001100000000000000000000000000100010000000000000000000001010000100000000000000000000000010000000000000,
;tableau 43 de l'image 3 à pour solution : 1 
0000010000000000000000000000000000000000000101000000000000000000000000000000010000000000000000000000000000100000000000000000000000000000000000000000000000000100000000000000000000000000110000000000000000000000000000000100000000000000000000000000000000000000000000000000000000000000000000000000000000000000000000000000000000000000000100000000000000000000010001000000000000000000000001000001000000000000000000001000000000000000000000000000001000110000000000000000001010000110000000000000000000001000000000000000000000000000000000010000000000000000000000001111100000000000000000000000000000000000000000000000000101000000000000000000001001010000000000000000000000000000010000000000000000000010000000100000000000000000000000000000000000000000000000000100000000000000000000000000000001000000000000,
;tableau 44 de l'image 3 à pour solution : 1 
0000010000000000000000000000000000000000000010000100000000000000000000000000001000000000000000000000010000010000000000000000000000001000000000000000000000000000000000000000000000000001000001000000000000000000000000000000000000000000000000000000000010000000000000000010010001100000000000000000000011000100000000000000000000001000000000000000000000000000000000000000000000000000000000000010000000000000000000010100000110000000000000000010010000001000000000000000000000100000100000000000000000000000011010000000000000000000001000000000000000000000000000000000000000000000000000000000000000000000000000000000000000000000000000000000000100000000000000000000000000100000000100000000000000000000001011000000000000000000000000010000000000000000000000000001001100000000000000000000000000000000000000,
;tableau 45 de l'image 3 à pour solution : 1 
0000010000000000000001000000000000000000000000000000000000000000000000001000100001000000000000000010100000000000000000000000000000000100000000000000000000000000010000000000000000000000100000100000000000000000000000000000000000000000000000000000000000000000000000000000100000000000000000000000001100000000000000000000000000000000001100000000000000000010000000101000000000000000000011000100100000000000000000000000001000000000000000000000100000110000000000000000001000000010000000000000000000000000000000000000000000000000000000000000000000000000000000100010000000000000000000001001000010000000000000000000000100101000000000000000000001000000000000000000000000001000110000000000000000000001100000100000000000000000000000001101000000000000000000000000010000000000000000000000000100000000000000,
;tableau 46 de l'image 3 à pour solution : 1 
0000010000000010000010000000000000000000000000000000000000000000000000000000000000000000000000000000000000000000000000000000000011000000000000000000000000000100000000000000000000000010010001000000000000000000001000000100000000000000000000000000000000000000000000000001010000100000000000000000000000000000100000000000000000110100000010000000000000000000100000000000000000000000000100000000000000000000000000010000000000000000000000000001001000000000000000000000000100000100000000000000000000000010000010000000000000000001000000010000000000000000000000000001000000000000000000100010000000000000000000000001100000000000000000000000000000000000000000000000000000010100000000000000000000000000000001000000000000000000001100000000000000000000000000010000000000000000000000000000000000100000000000,
;tableau 47 de l'image 3 à pour solution : 1 
0000010000000000000000000000000000000000000010000000000000000000000000000000000000000000000000000000010011000000000000000000000000000000000000000000000000000000001000000000000000000000000000100000000000000000000001000001000000000000000000010000011000000000000000000010000001011000000000000000000000000000000000000000000000000000001000000000000000000000010000000000000000000000000000000010000000000000000000100000000100000000000000000000000000000000000000000000000000000001000000000000000000000000000000000000000000000000000000000000000000000000000000000000000000000000000000000000010100000000000000000000000011000000000000000000000100001001000000000000000000000000000000000000000000000000100000000000000000000000000000000000000000000000000000101000100000000000000000000001000000000000000000,
;tableau 48 de l'image 3 à pour solution : 1 
0000010000000000010000000000000000000000000001000000000000000000000000000000001000000000000000000000000000100000000000000000000000000000000000000000000000010000000000000000000000000000010000010000000000000000000100000000000000000000000000000000000000000000000000000001010000000000000000000000001001000000000000000000000000100100000010000000000000000000100000000000000000000000000000000000000000000000000000000000000000000000000000000001000000000000000000000000000001000100000000000000000000000000000000000000000000000001011000000000000000000000000000000101000000000000000000000110000000000000000000000010110000001000000000000000001000000000000000000000000000000100001100000000000000000000000000000000000000000000000000100000000000000000000000000010000100000000000000000000010000000000000000,
;tableau 49 de l'image 3 à pour solution : 1 
0000010000000001000000100000000000000000000000000000000000000000000000000000010000000000000000000000000000000000000000000000000010000001000000000000000000000000001000000000000000000000000000000000000000000000000000000010000000000000000000001000000000000000000000000000000000010000000000000000000000000001000000000000000000000000000000000000000000000000000000101000000000000000000000000010100000000000000000000100000100000000000000000000011000001000000000000000000110100000100000000000000000000010001000000000000000000000000000000000000000000000000000000010000000000000000000110000100000000000000000000000000100000000000000000000000001000000000000000000000000000000100000000000000000000000100100010000000000000000000000000011000000000000000000000001011000000000000000000000000000000000000000,
;tableau 50 de l'image 3 à pour solution : 1 
0000010000000000100000000000000000000000000000000100000000000000000000000000000000000000000000000000000000000000000000000000000001000010000000000000000000000000000000000000000000000010000001100000000000000000000100000100100000000000000000010000000100000000000000000000000000000000000000000000000000000010000000000000000000010100000000000000000000000000000000000000000000000000000100000000000000000000000000000000010000000000000000000001000001000000000000000000001000000011000000000000000000100000000000000000000000000010101000100000000000000000000100101000100000000000000000001010000010000000000000000011000001011000000000000000000010011010000000000000000000000000000000000000000000000001000011000000000000000000000000011000000000000000000000010000000000000000000000000000000000000000000000,
;tableau 51 de l'image 3 à pour solution : 1 
0000010000000000000000000000000000000000000010000000000000000000000000010000000000000000000000000001000001000000000000000000000010000101000000000000000000000000001000000000000000000000110000010000000000000000000000000001000000000000000000000000000000000000000000000000000000000000000000000000000100000000000000000000000000000000000100000000000000000000100000110000000000000000000001000000000000000000000000001110000000000000000000000000010000000000000000000000000010000100000000000000000000010010000100000000000000000000000000000000000000000000000000000100000000000000000000010000100000000000000000000000000100100000000000000000000000100000000000000000000000010000010100000000000000000000100000010000000000000000000000100001000000000000000000000000000100000000000000000001000010000000000000,
;tableau 52 de l'image 3 à pour solution : 1 
0000010000000000110000000000000000000000000000000010000000000000000000000100100000000000000000000000010000000000000000000000001000000000000000000000000000000000110100000000000000000000000000000000000000000000000010000000000000000000000000000000000100000000000000000000000000000000000000000000000000000000000000000000000000000000010000000000000000000001010000000000000000000000000000100000000000000000000000000000001000000000000000000000000000000000000000000000000000100000000000000000000000100000000000000000000000000000010001000000000000000000000000001000000000000000000000001100011000000000000000000000000001000000000000000000001100010000000000000000000000000001000000000000000000000000000000000000000000000000000000010000000000000000000000000010001000000000000000000000000000100000000000,
;tableau 53 de l'image 3 à pour solution : 1 
0000010000000000000000000000000000000000000000000000000000000000000000001000000000000000000000000000100011000000000000000000000100000000000000000000000000000100001000000000000000000000100000000000000000000000000000000111000000000000000000000100010010000000000000000001010000100000000000000000000000000010100000000000000000000000000000000000000000000000000000000000000000000000000000000000000000000000000000100000000010000000000000000000100000000000000000000000000110000010000000000000000000000100000000000000000000000000000000000000000000000000000100000011100000000000000000100000000000000000000000000000100110010000000000000000000001000010000000000000000000110010000000000000000000000001010000100000000000000000000000000100000000000000000000000000000000000000000000000000000000000000000000,
;tableau 54 de l'image 3 à pour solution : 1 
0000010000000000000000100000000000000000000000000000000000000000000000000000000000000000000000000010000000000000000000000000000010000000000000000000000000000000100100000000000000000001000000000000000000000000000000000000000000000000000000000000001000000000000000000000000000000000000000000000000000000000000000000000000000000100000000000000000000000000010000000000000000000000000000000000100000000000000000000000010000000000000000000000000000010000000000000000000001000001000000000000000000010010000000000000000000000000011010100000000000000000000000000100000000000000000000000010000000000000000000000000000000000000000000000000000100001000000000000000000000000001111000000000000000000010000001000000000000000000000010000000000000000000000000000000000100000000000000000001000000000000000000,
;tableau 55 de l'image 3 à pour solution : 1 
0000010000000000000000000000000000000000000000000000000000000000000000001000000000000000000000000000100001100000000000000000000001001000000000000000000000010000001000000000000000000000100000000000000000000000000101000000000000000000000000000000000000000000000000000001000000110000000000000000000010000000000000000000000000010000001100000000000000000000000000010000000000000000000000000111000000000000000000010000000000000000000000000000101000000000000000000000000100000000000000000000000000100000001100000000000000000001000000001000000000000000000011001000000000000000000000001000010000000000000000000000101000000000000000000000001001000000000000000000000000001000000000000000000000000000100000000000000000000000000100010000000000000000000000000001001000000000000000000000000100000000000000,
;tableau 56 de l'image 3 à pour solution : 1 
0000010000000000000000000000000000000000000010001010000000000000000000000100000000000000000000000011000010000000000000000000000000000010000000000000000000000000000100000000000000000000000000000000000000000000000000000100000000000000000000010100000000000000000000000000010000000000000000000000000000000010000000000000000000001000000000000000000000000000000000100000000000000000000000000000100000000000000000000000001000000000000000000001000000000000000000000000000000000110000000000000000000000110000000000000000000000000010000000000000000000000001000100000000000000000000000000000000000000000000000000000000001000000000000000000000100010000000000000000000000000001001100000000000000000000000001000000000000000000000000000001000000000000000000010000100000000000000000000001010000110000000000,
;tableau 57 de l'image 3 à pour solution : 1 
0000010000000000000000100000000000000000001000000000000000000000000000001000001000000000000000000000000000100000000000000000000000000100000000000000000000010000000000000000000000000000000000000000000000000000000000000001000000000000000000000000010000000000000000000000000000000000000000000000000000000000100000000000000000010000001010000000000000000000000000010000000000000000000010000000000000000000000000000000010000000000000000000000010000000000000000000000000100100000100000000000000000000000011000000000000000000000001000000000000000000000000100000100100000000000000000000101100000000000000000000010000000111000000000000000000010000100000000000000000000000000100000000000000000000000100000110000000000000000000001000000000000000000000000001100011000000000000000000000000000000000000000,
;tableau 58 de l'image 3 à pour solution : 1 
0000010000000000000000000000000000000000000000000010000000000000000000010000000000000000000000000000000000000000000000000000000100000000000000000000000000000000010000000000000000000001000000000000000000000000000101000010000000000000000000000000000000000000000000000001000000100000000000000000000001000001000000000000000000000100000000000000000000000000000000000000000000000000000001000000100000000000000000001010001010000000000000000010000000001000000000000000000000000000000000000000000000100010000000000000000000000010010000100000000000000000000001000010000000000000000000010000000000000000000000000001000010000000000000000000000000100001000000000000000000001000001000000000000000000000000000000000000000000000000110000000000000000000000000000000000000000000000000000000000000000000000000,
;tableau 59 de l'image 3 à pour solution : 1 
0000010000000000000000000000000000000000000000000100000000000000000000000000001000000000000000000000100000000000000000000000000001000000000000000000000000100000000000000000000000000000010000000000000000000000000000000000000000000000000000000100001000000000000000000000000000000000000000000000000000000000000000000000000000000000001000000000000000000000000000000000000000000000000100100100000000000000000000000000010000000000000000000000000000110000000000000000000100000000100000000000000000000100000110000000000000000000100000000000000000000000000000100100000000000000000000000001000000000000000000000000100000000000000000000000001000000100100000000000000000000000000000000000000000000000001100010000000000000000001001000000000000000000000000001001010000000000000000000000000000000000000000,
;tableau 60 de l'image 3 à pour solution : 1 
0000010000000010000000000000000000000000001010000000000000000000000000000000100000000000000000000000000000000000000000000000000110001000000000000000000000000000000100000000000000000001000010000000000000000000000000000111000000000000000000000000000000000000000000000000100000100000000000000000000000000000000000000000000000000100000000000000000000000000000000100000000000000000000000000001000000000000000000000000000000000000000000000000000000000000000000000000000001000000000000000000000000100000000000000000000000000001000010000000000000000000000110001001000000000000000000001010010000000000000000000000011010000000000000000000000010000000000000000000000000000110000000000000000000000000100000100000000000000000000010000000000000000000000000000000000100000000000000000000000000000000000000,
;tableau 61 de l'image 3 à pour solution : 1 
0000010000000000100000000000000000000000000000001000000000000000000000000000000000000000000000000000100000000000000000000000001001000000000000000000000000000100000000000000000000000000100001000000000000000000000000000000000000000000000000011100010000000000000000000000000001001000000000000000000000000001000000000000000000100000000000000000000000000001000000000000000000000000000000100000000000000000000000001100000000000000000000000001000001000000000000000000000100000011000000000000000000000100000000000000000000000000001000000000000000000000000000000110100000000000000000000000000000000000000000000001000100100000000000000000000000000001000000000000000000101000100000000000000000000010000010000000000000000000000000001000000000000000000000001001000000000000000000000000000000000000000000,
;tableau 62 de l'image 3 à pour solution : 1 
0000010000000000000000000000000000000000000000000100000000000000000000001100000000000000000000000000010000000000000000000000000000000001000000000000000000011000100000000000000000000000010000100000000000000000000000000001000000000000000000100000000010000000000000000000000000000000000000000000000010000100000000000000000000000000001000000000000000000000110000000000000000000000000000000000000000000000000000000000010000000000000000000000000000000000000000000000000000100000000000000000000000100000000000000000000000000000000000000000000000000000000011100000000000000000000000000010000000000000000000000000000000001000000000000000000001000000000000000000000000000000000100000000000000000000100000000000000000000000001010100010000000000000000000010000000000000000000000000000000000000000000000,
;tableau 63 de l'image 3 à pour solution : 1 
0000010000000000000001000000000000000000000011011000000000000000000000010000000000000000000000000000100001100000000000000000001000000100000000000000000000000000000000000000000000000000100000000000000000000000000000000000000000000000000000011100000000000000000000000000010000000000000000000000000000000011000000000000000000000000000000000000000000000000000000011000000000000000000011000010000000000000000000000000000010000000000000000000000000000000000000000000000000000000000000000000000000000000011000000000000000000011000001100000000000000000000000000101000000000000000000010000000000000000000000000000010100000000000000000000001110000010000000000000000000110000011000000000000000000000010000100000000000000000000000000000000000000000000000001000011000000000000000000000000000100000000000,
;tableau 64 de l'image 3 à pour solution : 1 
0000010000000000000000000000000000000000000000000000000000000000000000000000000000000000000000000010000000000000000000000000000000000000000000000000000000001100000000000000000000000000000001010000000000000000000000000000000000000000000000100000001000000000000000000000000000000000000000000000000001000100000000000000000000000000010000000000000000000000000000100000000000000000000000000001000000000000000000001010000100000000000000000000100000001000000000000000000011100101100000000000000000100000000000000000000000000000000000001000000000000000001000001010000000000000000000001011111000000000000000000000100000000000000000000000000000110000000000000000000000001101000000000000000000000001000000000000000000000000000001110000000000000000000000000000000000000000000000000000000000000000000000,
;tableau 65 de l'image 3 à pour solution : 1 
0000010000000000000000100000000000000000001000000010000000000000000000010000000000000000000000000000010010000000000000000000000011000100000000000000000000000000000100000000000000000000010000000000000000000000000000000000000000000000000000010000000000000000000000000001000001101000000000000000000100000001000000000000000000000000000010000000000000000000000000000000000000000000000101000000100000000000000000000000010010000000000000000000010001000000000000000000000000000000000000000000000000000000011000000000000000000000001000000000000000000000000000000000000000000000000000000100000100000000000000000001010010000000000000000000000001000000000000000000000000010000000000000000000000000000011001000000000000000000000110000001000000000000000000100000010000000000000000000000100000000000000000,
;tableau 66 de l'image 3 à pour solution : 1 
0000010000000000000000000000000000000000000000000000000000000000000000000000000000000000000000000000000000000000000000000000000000000001000000000000000000000000010000000000000000000001000000000000000000000000000000000000000000000000000000101000000000000000000000000000100000010000000000000000000010000010100000000000000000000000001000000000000000000000000000000000000000000000000000000000000000000000000000000000000100000000000000000001100000010000000000000000000001000101000000000000000000001000000100000000000000000000000001001000000000000000001100101001000000000000000000010010000000000000000000000000000000100000000000000000000000110100100000000000000000001010010000000000000000000000000000000000000000000000000001001010000000000000000000011000000100000000000000000000000010100000000000,
;tableau 67 de l'image 3 à pour solution : 1 
0000010000000000000000000000000000000000001010001000000000000000000000000000010000000000000000000000000001000000000000000000000011000000000000000000000000000000000000000000000000000000010000100000000000000000000000000001000000000000000000000000011000000000000000000000000000001000000000000000000101000000000000000000000000000000000000000000000000000001000000100000000000000000000101000001000000000000000000000010001000000000000000000000000000000000000000000000000000000000000000000000000000000000000000000000000000000001000000000000000000000000000000000000000000000000000000000000001000000000000000000000000010010000000000000000000110000010000000000000000000100000000010000000000000000000001000110000000000000000000000100100000000000000000000000100000000000000000000000000000000000000000000,
;tableau 68 de l'image 3 à pour solution : 1 
0000010000000000000000000000000000000000000100000110000000000000000000000000000000000000000000000000000000000000000000000000000000000110000000000000000000000000000100000000000000000000000000000000000000000000000000000000000000000000000000000000000010000000000000000000000000010000000000000000000000000000000000000000000000110100000010000000000000000000000000001000000000000000001000000010000000000000000000010000000010000000000000000000010001010000000000000000000000000000000000000000000000001000000100000000000000000000100000010000000000000000000000100010000000000000000000001110000000000000000000000011000000000000000000000000000001010100000000000000000000000010000000000000000000000011000001000000000000000000000010001000000000000000000000100001000000000000000000000000001000100000000000,
;tableau 69 de l'image 3 à pour solution : 1 
0000010000000001000000000000000000000000000000000000000000000000000000000000000000000000000000000000100000000000000000000000000000001000000000000000000000010100000000000000000000000000000000000000000000000000000100000000000000000000000000010000000000000000000000000000010000100000000000000000000100000000000000000000000000000000001100000000000000000000000000100000000000000000000000000000100000000000000000000100000000000000000000000001100000000000000000000000000010000001100000000000000000100000100000000000000000000000000010000000000000000000000101000101000000000000000000000000100000000000000000000000100100000000000000000000000000000000000000000000000000100000100100000000000000000000000100100000000000000000000100100010000000000000000000000000101000000000000000000000000010000000000000,
;tableau 70 de l'image 3 à pour solution : 1 
0000010000000000000000000000000000000000000000000010000000000000000000000000000000000000000000000001010001000000000000000000001000000000000000000000000000000000010000000000000000000001000001000000000000000000000000000000000000000000000000000100000000000000000000000000000000011000000000000000000001000000000000000000000000001100000000000000000000000000000000000000000000000000000000000000000000000000000000000010001100000000000000000000001000000000000000000000000000000000000000000000000000001000011010000000000000000010100000100000000000000000000000000000000000000000000000000000000100000000000000000000000010001000000000000000000001001001000000000000000000010000001000000000000000000001010000000000000000000000000000010000000000000000000000000001010000000000000000000000000000000000000000,
;tableau 71 de l'image 3 à pour solution : 1 
0000010000000000000001000000000000000000000000001000000000000000000000000000000000000000000000000000000000000000000000000000000000000001000000000000000000000000000000000000000000000000010000000000000000000000000010000001000000000000000000000000001000000000000000000000000000000000000000000000000000000100000000000000000000000000000000000000000000000000000000100000000000000000001100000000000000000000000000011000010000000000000000000010000000010000000000000000000101100010000000000000000000000000000000000000000000000000000000000000000000000000000000101100000000000000000000000000110010000000000000000000010001000000000000000000000010110000000000000000000000000000000000000000000000000010000001000000000000000000000000000000000000000000000000000000000100000000000000000000000000110000000000,
;tableau 72 de l'image 3 à pour solution : 1 
0000010000000000000010000000000000000000000000000100000000000000000000000000100000000000000000000000000010000000000000000000000000000000000000000000000000010000000000000000000000000011100011100000000000000000000001000000000000000000000000010000000000000000000000000000000000100000000000000000000110000001000000000000000000000000000000000000000000000010110000000000000000000000000000000010000000000000000000000010000000000000000000000000000000000000000000000000000000000000000000000000000000001000001000000000000000000000000000000000000000000000000000000010100000000000000000010000000100000000000000000000101100010000000000000000001001000010000000000000000000011110000000000000000000000000100100010000000000000000000000000000000000000000000000010111010000000000000000000000000001000000000000,
;tableau 73 de l'image 3 à pour solution : 1 
0000010000000000000001100000000000000000000000001000000000000000000000000100001000000000000000000001000000000000000000000000001010001000000000000000000000100000010000000000000000000000000000000000000000000000000000000001000000000000000000000000000000000000000000000001100000010000000000000000000000000100000000000000000000011100000100000000000000000000000000010000000000000000000100000000000000000000000000000000001000000000000000000000000000001000000000000000000100000101000000000000000000010000000000000000000000000001100000000000000000000000000000001100000000000000000000000100000000000000000000000001000000000000000000000000000010000000000000000000000000000001000100000000000000000000010000000000000000000000000011000000000000000000000000000000001100000000000000000000101010000000000000,
;tableau 74 de l'image 3 à pour solution : 1 
0000010000000001000010000000000000000000000110000100000000000000000000011000010000000000000000000000000010000000000000000000000000000010000000000000000000010000100000000000000000000001000000000000000000000000000000000000000000000000000000010100000100000000000000000000000000000000000000000000000000000000100000000000000000000000001000000000000000000000000000000000000000000000000001000010100000000000000000100000000000000000000000000000001000000000000000000000000001000000000000000000000000000100000000000000000000000000000010000000000000000000000000100000000000000000000000010000010010000000000000000000000110010000000000000000000100100000000000000000000000010010010000000000000000000000000100000000000000000000001000010010000000000000000000010001000000000000000000000001000000100000000000,
;tableau 75 de l'image 3 à pour solution : 1 
0000010000000000100000000000000000000000000000001000000000000000000000100100000000000000000000000000100000000000000000000000001000000100000000000000000000000000001000000000000000000000010001010000000000000000001001000000000000000000000000000000001010000000000000000000110000100000000000000000000010000100000000000000000000100000000000000000000000000000100000000000000000000000001110000000000000000000000000000100000000000000000000000000000000101000000000000000000010000110000000000000000000101010000000000000000000000000000000000000000000000000000000001111000000000000000000001000100000000000000000000010101000000000000000000000001000001000000000000000000000000000101100000000000000000000110000100000000000000000000001000000000000000000000000000000000000000000000000000000000010000000000000,
;tableau 76 de l'image 3 à pour solution : 1 
0000010000000001000000000000000000000000000000000000000000000000000000000000000000000000000000000000000000000000000000000000000000000010000000000000000000101000010000000000000000000001000000000000000000000000000000000000000000000000000000010000010000000000000000000000000000000000000000000000000101000000000000000000000000000000000000000000000000000001000000010000000000000000000000000011000000000000000000000010000000000000000000000000001001000000000000000000000000000000000000000000000000000000000000000000000000000000000001100000000000000000000011000000000000000000000000000000000000000000000000000000000001000000000000000000000010000000000000000000000000000000000000000000000000000001000010010000000000000000000000000100000000000000000000000001100000000000000000000001000000100000000000,
;tableau 77 de l'image 3 à pour solution : 1 
0000010000000000100000000000000000000000000100000000000000000000000000001000010000000000000000000001000000010000000000000000000010001000000000000000000000000000001000000000000000000010000000000000000000000000000000000000000000000000000000000000000000000000000000000000110000000000000000000000000000000000000000000000000000000000010010000000000000000000000000000000000000000000001000000100000000000000000000000000000000000000000000000000100000110000000000000000000000000111000000000000000000010000000000000000000000000000011000000000000000000000000000000100000000000000000000000000010010000000000000000010000000100000000000000000000000000100000000000000000000010101000000000000000000000000000000000000000000000000000001001000000000000000000000000000011000000000000000000000100100000000000000,
;tableau 78 de l'image 3 à pour solution : 1 
0000010000000001010000000000000000000000001000000000000000000000000000010000101000000000000000000000000000000000000000000000001100000100000000000000000000000000000000000000000000000001010000000000000000000000000101000001000000000000000000010000010000000000000000000000000000000000000000000000000100000101000000000000000000000000000000000000000000000000010000101000000000000000000000000000000000000000000000110000000110000000000000000000000001000000000000000000000000000000000000000000000000000010010000000000000000000000000010000000000000000000000000000000100000000000000000000000001000000000000000000000000101000000000000000000000000010000000000000000000000100000000000000000000000000000000110100000000000000000000100000000000000000000000000010000100000000000000000000000010000100000000000,
;tableau 79 de l'image 3 à pour solution : 1 
0000010000000000000000000000000000000000000001000100000000000000000000100000000000000000000000000000100001100000000000000000000010000000000000000000000000010000010000000000000000000000100001100000000000000000000000000000000000000000000000000000001000000000000000000000100000011000000000000000000000000000000000000000000000010000000100000000000000000001000001000000000000000000001001000000000000000000000000000100000000000000000000000000000000100000000000000000000000000000000000000000000000001000000010000000000000000000000000000000000000000000000000100010000000000000000000010101000000000000000000000001000000000000000000000000000010001000000000000000000000010000000000000000000000000000000000010000000000000000000000000000000000000000000000001100000000000000000000000000000000000000000000,
;tableau 80 de l'image 3 à pour solution : 1 
0000010000000000000000000000000000000000000100001000000000000000000000000000010000000000000000000000000000000000000000000000000000000000000000000000000000000000000000000000000000000000010000000000000000000000000000000000000000000000000000101000000000000000000000000000000000000000000000000000000000000000100000000000000000001000000000000000000000000000000000100000000000000000000100000010000000000000000000000010011010000000000000000000100000010000000000000000000000000000000000000000000000100000000000000000000000000001010000010000000000000000000000000100100000000000000000000000010000000000000000000010110101000000000000000000001100010000000000000000000000001000010000000000000000000000000010100000000000000000000000000001000000000000000000010001010000000000000000000001000000000000000000,
;tableau 81 de l'image 3 à pour solution : 1 
0000010000000001000000000000000000000000000001000000000000000000000000000000000000000000000000000001100000000000000000000000000000001000000000000000000000000000001000000000000000000001000000000000000000000000000000000000000000000000000000000100010000000000000000000001100001000000000000000000000011000000000000000000000000000000001010000000000000000000000000000000000000000000000000000000000000000000000000000100000000000000000000000000011000000000000000000000000110000000100000000000000000000000011010000000000000000000000000000000000000000000000000000000000000000000000000000000100000000000000000000001000000000000000000000000000000100000000000000000000000000001100000000000000000000010100001010000000000000000000110000000000000000000000000000000000000000000000000000000100000000000000000,
;tableau 82 de l'image 3 à pour solution : 1 
0000010000000000000000000000000000000000000100011100000000000000000000011000010000000000000000000000000000000000000000000000000010000101000000000000000000000000110000000000000000000000000000000000000000000000000100000100000000000000000000001000000100000000000000000000000000100000000000000000000000000010000000000000000000000000000000000000000000000000000001000000000000000000000000000000000000000000000000010000010000000000000000000010000000101000000000000000000001000001000000000000000000000110000000000000000000000011001000000000000000000000000011001000100000000000000000010110000100000000000000000000001110000000000000000000000110001000000000000000000000010100000000000000000000000000010100000000000000000000000001110110000000000000000000011001001000000000000000000000000010000000000000,
;tableau 83 de l'image 3 à pour solution : 1 
0000010000000000000000000000000000000000000000000000000000000000000000000000000000000000000000000000110011000000000000000000000000000000000000000000000000000100000000000000000000000001010011000000000000000000000000000001000000000000000000000100001000000000000000000000010000001000000000000000000000000000000000000000000000000000000000000000000000000010100000011000000000000000000000000010000000000000000000000100000000000000000000000000000000000000000000000000000000000010000000000000000000001000000110000000000000000000010000000000000000000000000000000010000000000000000000000000000000000000000000000000000001001000000000000000000000000010000000000000000000000000011000000000000000000001000000000000000000000000001010000000000000000000000000100000100000000000000000000001100000000000000000,
;tableau 84 de l'image 3 à pour solution : 1 
0000010000000000000000000000000000000000000001000000000000000000000000100000000000000000000000000000000000000000000000000000000000000100000000000000000000000000010100000000000000000000000000000000000000000000000000000000000000000000000000110000000000000000000000000000100000000000000000000000000111000000000000000000000000011100001000000000000000000000010000000000000000000000000010000100100000000000000000010000000000000000000000000000001000000000000000000000000000000000100000000000000000000010001000000000000000000000100001001000000000000000000100000100000000000000000000011000000000000000000000000000000000100000000000000000000000111000000000000000000000000000000100000000000000000000010000100000000000000000000100000000000000000000000000000000000000000000000000000000000010000000000000,
;tableau 85 de l'image 3 à pour solution : 1 
0000010000000000000000000000000000000000000010000000000000000000000000000000000000000000000000000001100000000000000000000000001010000001000000000000000000001000001000000000000000000000000000010000000000000000000110000000000000000000000000000000000000000000000000000001000000000000000000000000000000000000000000000000000000100000000100000000000000000001000000000000000000000000000000000000000000000000000000000000010010000000000000000000010000000000000000000000001010100000000000000000000000101000000010000000000000000000000010000000000000000000000000100001000000000000000000000001001000000000000000000000000100001000000000000000000000000000000000000000000000001001000000000000000000000000000000000000000000000000000001010000000000000000000000000000010000000000000000000000000000000000000000,
;tableau 86 de l'image 3 à pour solution : 1 
0000010000000001100000000000000000000000000001000100000000000000000000000000001000000000000000000000000010000000000000000000000100000000000000000000000000000000010000000000000000000000100000000000000000000000000001000000000000000000000000000000000000000000000000000000010000100000000000000000000100000110000000000000000000011000000000000000000000000000000000100000000000000000000000000000000000000000000000000100001000000000000000000001000001001000000000000000000100000101000000000000000000010100011000000000000000000000110000100000000000000000000111000000000000000000000000001000100000000000000000000000101000000000000000000000000010100000000000000000000000010100010000000000000000000010000000000000000000000000000100101000000000000000000000000001000000000000000000000000000000000000000000,
;tableau 87 de l'image 3 à pour solution : 1 
0000010000000000000000000000000000000000000010000010000000000000000000001000000000000000000000000000010000000000000000000000000001000000000000000000000000000000000000000000000000000000000001000000000000000000000010000000000000000000000000000100000000000000000000000000000000011000000000000000000000000001000000000000000000000000000000000000000000000000000000001000000000000000000001000010100000000000000000001000010000000000000000000000010000000000000000000000000000000000000000000000000000000000000000000000000000000000000010000000000000000000000000000100000000000000000000000000011000000000000000000000000000000000000000000000000100000001000000000000000000000000000100000000000000000001000000000000000000000000000001000001000000000000000000000100000100000000000000000001010000000000000000,
;tableau 88 de l'image 3 à pour solution : 1 
0000010000000000000000000000000000000000000001000000000000000000000000000000000000000000000000000001100000100000000000000000000100000000000000000000000000000000001000000000000000000000010000100000000000000000001000000001000000000000000000000000000000000000000000000000000000000000000000000000000000000000100000000000000000000100000000000000000000000001100000000000000000000000000000000000000000000000000000010000000110000000000000000000000000101000000000000000000001000101000000000000000000000010000100000000000000000000100000000000000000000000000000001000000000000000000000000010100000000000000000000000000101010000000000000000000000000010000000000000000000000000011000000000000000000000110010000000000000000000000000001000000000000000000000000000100000000000000000000000000000000000000000,
;tableau 89 de l'image 3 à pour solution : 1 
0000010000000000000000000000000000000000000010001100000000000000000000100000110000000000000000000010000000000000000000000000000001000001000000000000000000000000000000000000000000000000000000010000000000000000000110000000000000000000000000000000001010000000000000000001000000000000000000000000001000000000000000000000000000000000000000000000000000000000000001001000000000000000000001000000100000000000000000000000000000000000000000000000000000000000000000000000000000000000100000000000000000010000000000000000000000000000011000000000000000000000000001000101000000000000000000011000010000000000000000000000100000000000000000000000000010000100000000000000000000000000100000000000000000000000000100000000000000000000000011110000000000000000000000011000000000000000000000000000100000000000000000,
;tableau 90 de l'image 3 à pour solution : 1 
0000010000000000010000000000000000000000000001000000000000000000000000010000000000000000000000000001000000000000000000000000001000000000000000000000000000000000010000000000000000000000110000000000000000000000000000000010000000000000000000001000000000000000000000000000000000010000000000000000000000000000000000000000000000000000001000000000000000000000010000000000000000000000000010000000000000000000000000010000010000000000000000000001010001100000000000000000000000000000000000000000000000001100001000000000000000000000000000000000000000000000000000000000000000000000000000000100000000000000000000000000001001101000000000000000000000000010000000000000000000001010010100000000000000000010000001000000000000000000000000000000000000000000000000000001100000000000000000000000010000010000000000,
;tableau 91 de l'image 3 à pour solution : 1 
0000010000000001000000000000000000000000001100000110000000000000000000001000001000000000000000000000000000000000000000000000000000000110000000000000000000001000000000000000000000000001000000100000000000000000000010000000000000000000000000000000001100000000000000000000010000000000000000000000001000000010000000000000000000000000000000000000000000000000000000000000000000000000000000100000100000000000000000000000001100000000000000000000100000010000000000000000000000000000000000000000000000010000000000000000000000000000100000000000000000000000000010001110000000000000000000110000000000000000000000000000110000000000000000000000001000100001000000000000000000010000000000000000000000000000000010000000000000000000000000100100000000000000000000101000001100000000000000000001000001000000000000,
;tableau 92 de l'image 3 à pour solution : 1 
0000010000000000000000000000000000000000000001000000000000000000000000000000100000000000000000000000000010100000000000000000000010000000000000000000000000000000000000000000000000000010000001000000000000000000000000000000000000000000000000000100000000000000000000000000000000000000000000000000000000000001000000000000000000000000000010000000000000000000000000100000000000000000000100000010000000000000000000001000010000000000000000000000000000000000000000000000000010100000000000000000000000000000010100000000000000000001001010000000000000000000001001000000000000000000000000000000000010000000000000000000000000100000000000000000000100001010000000000000000000000000010000000000000000000010010000110000000000000000000001010010000000000000000000000000010000000000000000000000000010000000000000,
;tableau 93 de l'image 3 à pour solution : 1 
0000010000000000000000000000000000000000001010000000000000000000000000001000010000000000000000000001000000000000000000000000000001000010000000000000000000000000000100000000000000000001000000000000000000000000000010000000100000000000000000001000011010000000000000000001100000010000000000000000000000000000000000000000000000000000001000000000000000000001100000000000000000000000000000000000000000000000000000000000000000000000000000000001100000010000000000000000001000000000000000000000000000001000001000000000000000000000110000000000000000000000000000100100000000000000000000010001001000000000000000000000000010000000000000000000000000000000000000000000000000011000000000000000000000000000000000000000000000000000000110001000000000000000000000000010000100000000000000000000000000000000000000,
;tableau 94 de l'image 3 à pour solution : 1 
0000010000000000000000000000000000000000000101000010000000000000000000010000101000000000000000000000100000000000000000000000000000000101000000000000000000001100000000000000000000000000100000010000000000000000000000000000000000000000000000000000000000000000000000000000010000000000000000000000000000000010000000000000000000001000010010000000000000000000010000000000000000000000000000000010000000000000000000000000000110000000000000000010000000001000000000000000000001100000000000000000000000000000000100000000000000000000001010010000000000000000000000001011100000000000000000001000000010000000000000000000000000010000000000000000000100000000000000000000000000100000001100000000000000000000000000100000000000000000000000000010000000000000000000010000001000000000000000000000101000100000000000,
;tableau 95 de l'image 3 à pour solution : 1 
0000010000000000000000000000000000000000000010001000000000000000000000000000000000000000000000000000000000000000000000000000001010000000000000000000000000000000000100000000000000000000000000100000000000000000000010000001000000000000000000110100010000000000000000000000100000000000000000000000000001000100000000000000000000000000000000000000000000000001000000010000000000000000001000000000100000000000000000000000000000000000000000000000011000110000000000000000000000000100000000000000000000010000011000000000000000000001100000000000000000000000000100000000000000000000000000000100000100000000000000000000001000000000000000000000000000110000000000000000000000000111000000000000000000000000011000000000000000000000000000010100000000000000000000000000010000000000000000000001000000000000000000,
;tableau 96 de l'image 3 à pour solution : 1 
0000010000000000000000100000000000000000001000000000000000000000000000000000001000000000000000000000000000100000000000000000000000000000000000000000000000000000010000000000000000000000000001000000000000000000000001000000000000000000000000001000001000000000000000000000000000000000000000000000000000000010000000000000000000000000010000000000000000000010010000100000000000000000000110000011000000000000000000010000010010000000000000000001000000000000000000000000000001000010000000000000000000000000000000000000000000000000001000010000000000000000000000000010000000000000000000000000000000000000000000000000010000110000000000000000000000001000000000000000000000001000100000000000000000000000000000000000000000000000000010000000000000000000000000000100101000000000000000000000010000100000000000,
;tableau 97 de l'image 3 à pour solution : 1 
0000010000000000110000000000000000000000000000001100000000000000000000011000110000000000000000000000000010000000000000000000000000000100000000000000000000000100000000000000000000000000000000000000000000000000000000000010000000000000000000000000010000000000000000000000000000010000000000000000000100000000000000000000000000000000000100000000000000000001000000010000000000000000001000000000000000000000000000000000000000000000000000000000010001100000000000000000000000100001000000000000000000100000000000000000000000000001010001000000000000000000001101001000100000000000000000001010111010000000000000000011000100000000000000000000001000000000100000000000000000010000000100000000000000000000100001000000000000000000000000000010000000000000000000010001000000000000000000000000100100000000000000,
;tableau 98 de l'image 3 à pour solution : 1 
0000010000000001000000000000000000000000000000000000000000000000000000000000001000000000000000000010000000000000000000000000000000000010000000000000000000000000000000000000000000000000000000010000000000000000000011000100000000000000000000011000000000000000000000000000000001101000000000000000000001000001000000000000000000000000000000000000000000000010100000100000000000000000000000000111100000000000000000101000000000000000000000000000001000000000000000000000000000000000100000000000000000000100010010000000000000000000100010011000000000000000000000000000000000000000000000010000000100000000000000000000010001000000000000000000000001000010000000000000000000100100111000000000000000000001001000000000000000000000000101000000000000000000000000000000001000000000000000000000000001100000000000,
;tableau 99 de l'image 3 à pour solution : 1 
0000010000000000000000100000000000000000000000001100000000000000000000001000000000000000000000000001000001000000000000000000000000000000000000000000000000010000011000000000000000000000000000000000000000000000000100000001100000000000000000000000000000000000000000000000000000000000000000000000000000000000000000000000000000000000000000000000000000000000010000000000000000000000000001000000000000000000000000000000000010000000000000000010000001000000000000000000000000000100000000000000000000100010000100000000000000000000000000100000000000000000000000000010100000000000000000001000000000000000000000000001000100001000000000000000000000000000000000000000000000000001000000000000000000000010110000010000000000000000001000000100000000000000000000001000000000000000000000000000000000000000000000,
;tableau 100 de l'image 3 à pour solution : 1 
0000010000000000000000000000000000000000000000000000000000000000000000000000100000000000000000000000010000110000000000000000000101000000000000000000000000000000000000000000000000000000010000000000000000000000000000000000000000000000000000000000010000000000000000000010110000100000000000000000000100000000000000000000000000010000000100000000000000000000000000000000000000000000000100000000000000000000000000001000000100000000000000000000000000000000000000000000001001000001000000000000000000000000000000000000000000000000000000000000000000000000000001000000000000000000000000010000010010000000000000000000101000000000000000000000000000011010000000000000000000100000000000000000000000000000000000100000000000000000000010100000000000000000000000000110101000000000000000000000001000000000000000,
;tableau 101 de l'image 3 à pour solution : 1 
0000010000000000000000000000000000000000000100000100000000000000000000000100000000000000000000000000100000000000000000000000000000000101000000000000000000010000000000000000000000000000000000000000000000000000000010000000000000000000000000000000001000000000000000000001000000000000000000000000000011000010000000000000000000000010001000000000000000000000010000000000000000000000000010000000100000000000000000010000010000000000000000000001010000100000000000000000000100000000100000000000000000101100001000000000000000000000000001100000000000000000000000000101000000000000000000000010000000000000000000000001000001010000000000000000000001100100000000000000000000000001000100000000000000000000110000000000000000000000000001000100000000000000000000000000000000000000000000000000000000000000000000,
;tableau 102 de l'image 3 à pour solution : 1 
0000010000000000100000000000000000000000000000001010000000000000000000000000010000000000000000000010000000000000000000000000000000000000000000000000000000001000000000000000000000000000000000000000000000000000000000000011000000000000000000001000010000000000000000000000000000000000000000000000000000000000000000000000000000010100000000000000000000000000000001110000000000000000001100000000000000000000000000001000000100000000000000000000000000000000000000000000000000000000000000000000000000010000000010000000000000000000000000011000000000000000000000000000000000000000000000000000000000000000000000000000011000000000000000000000000000001001000000000000000000010010110000000000000000000010000010000000000000000000001100000001000000000000000000001000100100000000000000000001000010000000000000,
;tableau 103 de l'image 3 à pour solution : 1 
0000010000000000000010000000000000000000000000000000000000000000000000001100100000000000000000000000000001000000000000000000000000001100000000000000000000000000101000000000000000000010110001100000000000000000000100000000000000000000000000010000000000000000000000000001100000000000000000000000000001000000000000000000000000000000000000000000000000000001010000000000000000000000000000000001000000000000000000000000000010000000000000000000000000100000000000000000001000100000100000000000000000101000000000000000000000000000100000000000000000000000000000100000100000000000000000001000001000000000000000000000000000001000000000000000001100000110000000000000000000100000000100000000000000000000100100000000000000000000000010000000000000000000000000000000000000000000000000000000010000000000000000,
;tableau 104 de l'image 3 à pour solution : 1 
0000010000000000000000000000000000000000000010001010000000000000000000000000000000000000000000000000000000000000000000000000000100000000000000000000000000000000000000000000000000000001000000010000000000000000000000000000000000000000000000001100010000000000000000000000000001100000000000000000001010000000000000000000000000001000000000000000000000000000000000000000000000000000000000100100100000000000000000000000000100000000000000000001101000010000000000000000000010000000000000000000000000010010000000000000000000000000011011010000000000000000000000000000000000000000000000100110000100000000000000000000100000100000000000000000000000000000000000000000000000000000000000000000000000000000000000000000000000000000000000000000000000000000000000000100000000000000000000000001000000000000000000,
;tableau 105 de l'image 3 à pour solution : 1 
0000010000000001010010000000000000000000001000000100000000000000000000000000100000000000000000000000110000100000000000000000000010000000000000000000000000000000001000000000000000000000010001000000000000000000000000000001000000000000000000000000000000000000000000000000010000000000000000000000000100000000000000000000000000000000000000000000000000000000000000000000000000000000000000000000000000000000000000001000000000000000000000000000000000001000000000000000000000000110000000000000000000000000000000000000000000000010000000001000000000000000000000000000000000000000000000010000000000000000000000000000000001000000000000000000000000010000000000000000000000000000110100000000000000000000001111100000000000000000001000110100000000000000000000001011010000000000000000000000000010010000000000,
;tableau 106 de l'image 3 à pour solution : 1 
0000010000000000100000000000000000000000000000000000000000000000000000000000000000000000000000000000000001000000000000000000000000000100000000000000000000000100000000000000000000000000000000000000000000000000000100000010000000000000000000000100000000000000000000000000000000010000000000000000000000000100000000000000000000000000001000000000000000000000010000000000000000000000000010000000000000000000000000100000010010000000000000000001000000110000000000000000000000000000000000000000000000001000001100000000000000000000000000000000000000000000001100000000000000000000000000000000001000000000000000000000100000100000000000000000000000100010100000000000000000000100000000000000000000000000100000000000000000000000000000000001000000000000000000010000000000000000000000000000001000000000000000,
;tableau 107 de l'image 3 à pour solution : 1 
0000010000000000000001000000000000000000000000000000000000000000000000001100001000000000000000000000100010100000000000000000001000000000000000000000000000010000000100000000000000000000000000100000000000000000000000000000000000000000000000100000000000000000000000000000100001000000000000000000000001000000000000000000000000001000000000000000000000000000000000010000000000000000000101000000000000000000000000001100000000000000000000000000000000001000000000000000000011000000000000000000000000000100000010000000000000000001000000010000000000000000000001000100000000000000000000001110000100000000000000000010000001010000000000000000000011000000000000000000000000000001010000000000000000000001000010110000000000000000000010000000000000000000000000000000111000000000000000000000000110000000000000,
;tableau 108 de l'image 3 à pour solution : 1 
0000010000000000000000000000000000000000001000001010000000000000000000000000000000000000000000000001000000000000000000000000000000000110000000000000000000001000010000000000000000000000110000000000000000000000001101000000100000000000000000001000001000000000000000000000000000000000000000000000000000000001100000000000000000010100000010000000000000000000100000101000000000000000000000000001000000000000000000000000010000000000000000000001010000100000000000000000000000000100000000000000000000000000110100000000000000000000000000000000000000000000000010100000000000000000000000000000100010000000000000000001001100000000000000000000000100010010000000000000000000001000000000000000000000000000110000000000000000000000000000001001000000000000000000000101000000000000000000000000100000000000000000,
;tableau 109 de l'image 3 à pour solution : 1 
0000010000000000000011000000000000000000000000000000000000000000000000000000000000000000000000000000100000000000000000000000000100000000000000000000000000000000000000000000000000000000000000000000000000000000000000000010000000000000000000000000000000000000000000000000010000000000000000000000000000000010000000000000000000001000001000000000000000000000000000010000000000000000000000000100100000000000000000000000000000000000000000000010000000010000000000000000000010000000100000000000000000000000001000000000000000000000001001001000000000000000000000000100100000000000000000010000000000000000000000000010100010000000000000000000000000100001000000000000000000000000000000000000000000000000000011000000000000000000001100100100000000000000000000001000100000000000000000000001000000010000000000,
;tableau 110 de l'image 3 à pour solution : 1 
0000010000000000000000000000000000000000000000001000000000000000000000001000000000000000000000000000000000000000000000000000000000000100000000000000000000110000000000000000000000000000000000000000000000000000000000000000000000000000000000001100010000000000000000000000000000000000000000000000000000000000100000000000000000000100000000000000000000000000000000000000000000000000000000000011000000000000000000011000010100000000000000000000010000001000000000000000000000000000000000000000000000010000000000000000000000000000000000110000000000000000001000000001000000000000000000000010100100000000000000000000000000000000000000000000000010001100100000000000000000110110101100000000000000000000000000000000000000000000000011000000000000000000000000000100010000000000000000000000000000000000000000,
;tableau 111 de l'image 3 à pour solution : 1 
0000010000000000100000100000000000000000000100010100000000000000000000000000000000000000000000000000010000000000000000000000000000000000000000000000000000001100010000000000000000000000100001000000000000000000000000000000000000000000000000010000001000000000000000000010000000100000000000000000000000000001000000000000000000000000001100000000000000000000000000000000000000000000000000100000000000000000000000000000000000000000000000000000000000010000000000000000000010000111100000000000000000000010000010000000000000000000000000000000000000000000000000000110100000000000000000100100000000000000000000000000000100010000000000000000000000100000000000000000000000000000000000000000000000000000010000100000000000000000000100000000000000000000000000000000000000000000000000000000000000100000000000,
;tableau 112 de l'image 3 à pour solution : 1 
0000010000000000000000000000000000000000000000001000000000000000000000000000000000000000000000000010100000000000000000000000000101000001000000000000000000000000001000000000000000000000000000000000000000000000000000000010000000000000000000000000000000000000000000000001000000000000000000000000000001000000000000000000000000010100010000000000000000000000000000011000000000000000000110000100000000000000000000000010001100000000000000000001000000000000000000000000000000000000000000000000000000001000010000000000000000000001100000111000000000000000001010100000000000000000000000000000000000000000000000000000000000000000000000000000000010000010000000000000000000000000001100000000000000000000000000010000000000000000000000100010000000000000000000010101100000000000000000000001000001000000000000,
;tableau 113 de l'image 3 à pour solution : 1 
0000010000000000000000000000000000000000000010000000000000000000000000000000100000000000000000000000000000000000000000000000000000000010000000000000000000000000000100000000000000000000000000000000000000000000000001000000000000000000000000000000000100000000000000000000010001001000000000000000000010000100000000000000000000001000000000000000000000000000000000100000000000000000000001000000000000000000000000001000010000000000000000000000000000001000000000000000000000100000000000000000000000000000000000000000000000000000000000000000000000000000000000001010100000000000000000010000000000000000000000000000010101000000000000000000000001000001000000000000000000000100000000000000000000000000100000000000000000000000000000000000000000000000000000000000001000000000000000000000000110100000000000,
;tableau 114 de l'image 3 à pour solution : 1 
0000010000000000000010000000000000000000000000000000000000000000000000001100010000000000000000000001100010100000000000000000000000000000000000000000000000001000001000000000000000000000010000110000000000000000000010000001000000000000000000001000010000000000000000000000100000010000000000000000000100000000100000000000000000010100001010000000000000000010000000000000000000000000000010100000000000000000000000000100001100000000000000000001010000010000000000000000000001000000000000000000000000010100000000000000000000000000000001100000000000000000001100000000000000000000000000000110001000000000000000000000000010000000000000000000000100101010000000000000000000001000101000000000000000000000000010000000000000000000000000001100000000000000000000000000010000000000000000000000000000000000000000,
;tableau 115 de l'image 3 à pour solution : 1 
0000010000000000000000000000000000000000000010000100000000000000000000010000000000000000000000000000000000000000000000000000000101000001000000000000000000000000000000000000000000000001100000000000000000000000000101000000000000000000000000000000001000000000000000000000000000001000000000000000001010000001000000000000000000000000000000000000000000000000000001001000000000000000000000000001100000000000000000010000000000000000000000000000100000001000000000000000000000000100000000000000000000001000000100000000000000000000110000000000000000000000000010000000000000000000000000010000000010000000000000000000000000000000000000000000000000010000000000000000000000010010000000000000000000000011000000010000000000000000000001000010000000000000000000000000000000000000000000000000000000000000000000,
;tableau 116 de l'image 3 à pour solution : 1 
0000010000000001100001000000000000000000001000000000000000000000000000000000000000000000000000000000100000000000000000000000000000000010000000000000000000000000000100000000000000000010000001000000000000000000000000000000000000000000000000000000000100000000000000000000000000000000000000000000000000000000100000000000000000000100001000000000000000000000000000010000000000000000000010000010000000000000000000000000000000000000000000000000010000000000000000000000000000000000100000000000000000000000000000000000000000000000000000000000000000000000000101001000000000000000000000001000010000000000000000000001010000100000000000000000000000000101000000000000000000000000010000000000000000000000100000100000000000000000000100010101000000000000000000000100001000000000000000000000101000000000000000,
;tableau 117 de l'image 3 à pour solution : 1 
0000010000000000000010000000000000000000000000001000000000000000000000001000011000000000000000000000000000000000000000000000000101000001000000000000000000000000010000000000000000000001000010000000000000000000000010000000000000000000000000000100001000000000000000000000010000100000000000000000000100000000000000000000000000011000000000000000000000000000010000101000000000000000000000100000000000000000000000000000000000000000000000000001000000001000000000000000000000000000000000000000000000000000000000000000000000000000000011010000000000000000000010000100000000000000000000000100000000000000000000000000000100000000000000000000001010001000000000000000000000000001001000000000000000000000000000000000000000000000001011100000000000000000000000011000110000000000000000000000000000000000000000,
;tableau 118 de l'image 3 à pour solution : 1 
0000010000000000100000000000000000000000000000000000000000000000000000000100000000000000000000000000000000000000000000000000000010000000000000000000000000000100000000000000000000000010010001000000000000000000000100000100000000000000000000011000000000000000000000000000000000000000000000000000001000000000000000000000000000000000001010000000000000000000100000000000000000000000000000000001000000000000000000000000001010000000000000000000100000010000000000000000000011000001000000000000000000100000010100000000000000000000000000001000000000000000000100000001000000000000000000100010000010000000000000000001000000100000000000000000000000000000000000000000000000000000000000000000000000000000010001000000000000000000000000001000000000000000000000000000000000000000000000000000000001000000000000,
;tableau 119 de l'image 3 à pour solution : 1 
0000010000000000000000000000000000000000000100000000000000000000000000010000000000000000000000000000000000000000000000000000001100000100000000000000000000000000000100000000000000000001000000100000000000000000000001000000000000000000000000000000000000000000000000000000000000010000000000000000000000000000000000000000000000010000000100000000000000000001000000101000000000000000000000000000000000000000000000000000000000000000000000000000010000100000000000000000000000000010000000000000000000010010101000000000000000000000100000000000000000000000000000001000000000000000000000010100101000000000000000000000000000010000000000000000000000000001000000000000000000000000001000000000000000000000000010000000000000000000000010110001000000000000000000001001110100000000000000000001000000000000000000,
;tableau 120 de l'image 3 à pour solution : 1 
0000010000000000010000000000000000000000000000000000000000000000000000001100110000000000000000000000000011000000000000000000000001000000000000000000000000010000000000000000000000000000010001000000000000000000000010000000000000000000000000000100000000000000000000000001100000101000000000000000001101000100000000000000000000000000000000000000000000000000000000000000000000000000000000000110000000000000000000000000000000000000000000000001000000000000000000000000000010000000000000000000000000000100000000000000000000000000000000111000000000000000000010000010000000000000000000000010000100000000000000000000011000001000000000000000001000011100000000000000000000000100000000000000000000000000001001100000000000000000000001000000000000000000000000000100000000000000000000000000101010100000000000,
;tableau 121 de l'image 3 à pour solution : 1 
0000010000000000000000000000000000000000000000000000000000000000000000000000000000000000000000000000000000000000000000000000000010000000000000000000000000000100010000000000000000000000100000110000000000000000001101000100000000000000000000000000000110000000000000000000010000000000000000000000000000000000000000000000000000010000000000000000000000000001000001000000000000000000001001000000000000000000000000000000000000000000000000000000000000000000000000000000000000000101000000000000000000101000000000000000000000000000011000000000000000000000001101001000100000000000000000010000110000000000000000000011000000000000000000000000000000000000000000000000000000100000010000000000000000000001010000010000000000000000000000011001000000000000000000000001000100000000000000000000000000010000000000,
;tableau 122 de l'image 3 à pour solution : 1 
0000010000000000000001000000000000000000000000000100000000000000000000010000111000000000000000000000100001000000000000000000000000000000000000000000000000000000000000000000000000000000000000000000000000000000000000000000000000000000000000000000000000000000000000000000100000110000000000000000000001000000100000000000000000000000001000000000000000000010110000000000000000000000000100000000000000000000000000000100000000000000000000000010000000000000000000000000001000100000000000000000000000000000011000000000000000000000100000000000000000000000000000000100000000000000000000000000000000000000000000000000000101000000000000000000000000110010100000000000000000000100001000000000000000000000100010000000000000000000000010000000000000000000000000010000000000000000000000000001100000000000000000,
;tableau 123 de l'image 3 à pour solution : 1 
0000010000000000000000000000000000000000001011001000000000000000000000101100000000000000000000000001000000000000000000000000000000000000000000000000000000000100010000000000000000000000100001000000000000000000000000000001000000000000000000010000001000000000000000000000000000000000000000000000000000000000000000000000000000001100000000000000000000000000000000010000000000000000000001000000100000000000000000011000000000000000000000000001100000100000000000000000000101000000000000000000000000100000000100000000000000000000001000000000000000000000000010000001000000000000000000000000110000000000000000000010000010010000000000000000000001000001000000000000000000100010010010000000000000000010001100010000000000000000000101001010000000000000000000000011010100000000000000000000010010000000000000,
;tableau 124 de l'image 3 à pour solution : 1 
0000010000000000000000000000000000000000000000000100000000000000000000000000100000000000000000000000000000000000000000000000000010000000000000000000000000010000001000000000000000000000000000000000000000000000001000000000000000000000000000000000000100000000000000000000010000000000000000000000000010000010000000000000000000000000000000000000000000000000100000000000000000000000000010000000000000000000000000100010000100000000000000000000000001010000000000000000000000000000000000000000000000010010010000000000000000000000000000000000000000000000000001000010100000000000000000000111000000000000000000000000001000000000000000000000000100001000000000000000000000000000000100000000000000000000000001000000000000000000000000110000000000000000000000000100001000000000000000000001000000000000000000,
;tableau 125 de l'image 3 à pour solution : 1 
0000010000000000000000000000000000000000000001010000000000000000000000001000001000000000000000000001100000010000000000000000000000000011000000000000000000000100000000000000000000000001000000000000000000000000000000000001000000000000000000000100011000000000000000000000000000100000000000000000000000000000000000000000000000001100000000000000000000000000000000000000000000000000000000000000100000000000000000010100000000000000000000000000110000001000000000000000001000000000100000000000000000001000000100000000000000000000000000000000000000000000001000000001000000000000000000000000100100000000000000000000100110000000000000000000000000010000000000000000000000010000000000000000000000000000001100100000000000000000000000001000000000000000000000000001000100000000000000000000000000000000000000,
;tableau 126 de l'image 3 à pour solution : 1 
0000010000000000010001000000000000000000000000001100000000000000000000010000000000000000000000000000000000000000000000000000000000000000000000000000000000000000000000000000000000000000000000000000000000000000000000000000000000000000000000000000000000000000000000000000000001000000000000000000001100000001000000000000000000000000000010000000000000000000010000011000000000000000000100000010000000000000000000000000010110000000000000000000000000000000000000000000000000000001000000000000000000000000011010000000000000000000000001000000000000000000000000000000000000000000000000000000000010000000000000000001000001001000000000000000000010000000000000000000000000000000001100000000000000000000010000000000000000000000000000000100000000000000000000000000000000000000000000000000000001000000000000,
;tableau 127 de l'image 3 à pour solution : 1 
0000010000000000000000000000000000000000000011000010000000000000000000001000000000000000000000000000010000100000000000000000000110000000000000000000000000000100000000000000000000000001010001010000000000000000000010000000000000000000000000001100011000000000000000000000100000100000000000000000000000000000000000000000000000101100000000000000000000000000100000000000000000000000000000000000000000000000000000000000001000000000000000000001000000000000000000000000000001000000000000000000000000000010000000000000000000000010001000010000000000000000000000100010000000000000000000010100010000000000000000000000000110010000000000000000000000000001000000000000000000010100000000000000000000000011100000000000000000000000000000000000000000000000000000000000001000000000000000000000100000000000000000,
;tableau 128 de l'image 3 à pour solution : 1 
0000010000000000000000000000000000000000000000000000000000000000000000000000001000000000000000000000000000000000000000000000000000000100000000000000000000000000111000000000000000000000100000000000000000000000000100000000000000000000000000000000000000000000000000000000010000000000000000000000000001000010000000000000000000000000000000000000000000000000000000101000000000000000001000000010000000000000000000000000000100000000000000000000001000100000000000000000000100100000100000000000000000010000001100000000000000000000100010000000000000000000000100000000000000000000000000000010000010000000000000000001010001100000000000000000000001001000000000000000000000000000000000000000000000000000000010100000000000000000000100010000000000000000000000000010000100000000000000000000010000000000000000,
;tableau 129 de l'image 3 à pour solution : 1 
0000010000000001000001000000000000000000000010000010000000000000000000001000010000000000000000000001000000000000000000000000000000000000000000000000000000000100000000000000000000000000010000100000000000000000000001000111000000000000000000000000000000000000000000000000100000001000000000000000000000000001000000000000000000010000000000000000000000000000010000010000000000000000000000000100000000000000000000010010000000000000000000000010010001000000000000000000000000000000000000000000000000000000000000000000000000000001001000101000000000000000000000000000000000000000000000000100100000000000000000000000001000000000000000000000000000010010000000000000000000000001000100000000000000000010000001010000000000000000000000001010000000000000000000010000000000000000000000000000000000010000000000,
;tableau 130 de l'image 3 à pour solution : 1 
0000010000000010000000000000000000000000000001001100000000000000000000010000001000000000000000000000000000000000000000000000000000000000000000000000000000010000000000000000000000000000000001000000000000000000000000000000000000000000000000100000011010000000000000000000010000000000000000000000000000000010000000000000000000001000000100000000000000000000000000100000000000000000000000000000000000000000000000100100000000000000000000000000000000000000000000000000000001000001000000000000000000000000010000000000000000000000000000000000000000000000000000000000000000000000000000000000000010000000000000000000000110000000000000000000000000100000000000000000000000001000111000000000000000000000001010000000000000000000000000110000000000000000000000100001000000000000000000000000000000000000000000,
;tableau 131 de l'image 3 à pour solution : 1 
0000010000000000100000000000000000000000000000000010000000000000000000000000010000000000000000000000000000000000000000000000000011001000000000000000000000001000001000000000000000000000000000000000000000000000001000000000000000000000000000010000000000000000000000000001000000000000000000000000000000000000000000000000000000000000001000000000000000000001010000000000000000000000000010000010000000000000000000000000000000000000000000000000000001001000000000000000000000000000100000000000000000000110001110000000000000000010000000000000000000000000001001100010000000000000000000000010000000000000000000000000001000000000000000000000000000000010000000000000000000010000000000000000000000000000100000000000000000000000000100000110000000000000000000001000010100000000000000000000000000000000000000,
;tableau 132 de l'image 3 à pour solution : 1 
0000010000000000000001000000000000000000000101001000000000000000000000010100100000000000000000000000010000000000000000000000000100000000000000000000000000000000000100000000000000000001000000010000000000000000000001000110000000000000000000000000000000000000000000000000000000000000000000000000001000000000000000000000000000010000000000000000000000000000000000001000000000000000000001000000000000000000000000000100000010000000000000000000000000110000000000000000000010100000000000000000000000100000000000000000000000000000100001010000000000000000000100000001000000000000000000011000011100000000000000000000000000000000000000000000000010000100100000000000000000000000010100000000000000000001010000010000000000000000000000010000000000000000000000000000100000000000000000000000000000000000000000,
;tableau 133 de l'image 3 à pour solution : 1 
0000010000000000000000000000000000000000000000000100000000000000000000100000001000000000000000000000000010100000000000000000000000000000000000000000000000011000001000000000000000000000000000100000000000000000001000000001000000000000000000000000000010000000000000000000100000100000000000000000000100000010000000000000000000001000000010000000000000000000000000000000000000000000000010000000000000000000000000010010000000000000000000000000000000001000000000000000000000000010000000000000000000001000000000000000000000000000000000000000000000000000000001101100000000000000000000000000000000000000000000000000010000000000000000000000000000000000000000000000000000000100000000000000000000000000000000000000000000000000000110001000000000000000000000000001010000000000000000000000101000000000000000,
;tableau 134 de l'image 3 à pour solution : 1 
0000010000000000010000000000000000000000000011000010000000000000000000000000000000000000000000000001000001000000000000000000000110000000000000000000000000100000010100000000000000000000100000000000000000000000000000000000000000000000000000000000000100000000000000000000000000000000000000000000001000000000100000000000000000000000010000000000000000000000000000010000000000000000000100000110000000000000000000000000000000000000000000000000100000000000000000000000000000000101000000000000000000000000000010000000000000000000000001010000000000000000000000000000100000000000000000000000000010000000000000000000101100000000000000000000001000000100000000000000000000000000001000000000000000000000000000010000000000000000000000010000000000000000000000000000000000000000000000000000000000000000000000,
;tableau 135 de l'image 3 à pour solution : 1 
0000010000000001100000000000000000000000000000000000000000000000000000101000000001000000000000000000010000100000000000000000000000000000000000000000000000000000000000000000000000000010000000000000000000000000000101000000000000000000000000010000000000000000000000000000100000001000000000000000000110000000000000000000000000000100001110000000000000000000010000000000000000000000000000000000100000000000000000000100000000000000000000000000001000000000000000000000000000000000000000000000000000100000000000000000000000000000000000000000000000000000000010000001000000000000000000000000000100000000000000000010000000000000000000000000000001010000000000000000000000000000010000000000000000000011001000100000000000000000000000000100000000000000000000010100000000000000000000000000000000010000000000,
;tableau 136 de l'image 3 à pour solution : 1 
0000010000000010010000000000000000000000000010000000000000000000000000000000001000000000000000000000000000000000000000000000000010000100000000000000000000000000011000000000000000000001000001100000000000000000000000000000000000000000000000000000000100000000000000000000000000000000000000000000000000000100000000000000000000000000000000000000000000000000000000000000000000000000000100000000000000000000000000000000010100000000000000000000010000101000000000000000000010100000000000000000000000000000010010000000000000000000010000100000000000000000000100100000000000000000000000001000001000000000000000000001010000000000000000000000000100000000000000000000000000001011000000000000000000000000100001000000000000000000000100001001000000000000000000000010010000000000000000000001000000100000000000,
;tableau 137 de l'image 3 à pour solution : 1 
0000010000000000000000000000000000000000000000000000000000000000000000001000000000000000000000000000000000000000000000000000000001000011000000000000000000000000000000000000000000000000000000000000000000000000001100000001000000000000000000010100001000000000000000000000000000010000000000000000000000000010100000000000000000001000001000000000000000000011010000001000000000000000000000000010000000000000000000000100000000000000000000000000000000000000000000000000000000000100000000000000000000000000001000000000000000000000000011000000000000000000000000000100000000000000000000000000000100000000000000000000000000001000000000000000000001100000000000000000000000000000001100000000000000000000000000000000000000000000000000100100000000000000000000001000001000000000000000000000000000000000000000,
;tableau 138 de l'image 3 à pour solution : 1 
0000010000000000000000000000000000000000000000000100000000000000000000000100010000000000000000000001000011100000000000000000000000000100000000000000000000000100000000000000000000000000010001000000000000000000000000000000000000000000000000000000000000000000000000000000000001000000000000000000000001000000000000000000000000000000000010000000000000000000000000000000000000000000000100000001100000000000000000000010001010000000000000000000011000000000000000000000000001000000000000000000000000000000000010000000000000000001100000000000000000000000001000000001100000000000000000000000100000000000000000000000000101010000000000000000000000000000000000000000000000100100000000000000000000000000001010000000000000000000000001000000000000000000000000000100010000000000000000000001000000000000000000,
;tableau 139 de l'image 3 à pour solution : 1 
0000010000000010000000000000000000000000000000011000000000000000000000011000001000000000000000000010100000000000000000000000000001000000000000000000000000000000010100000000000000000000000000000000000000000000000000000000000000000000000000000000000000000000000000000000000000000000000000000000000000000001100000000000000000100000000000000000000000000000000001001000000000000000000000000010000000000000000000000000000100000000000000000000000000000000000000000000000110000100000000000000000000010100100000000000000000000000000000000000000000000000000100001010000000000000000000010010001000000000000000000000100000100000000000000000001101011000000000000000000000001000010100000000000000000001000000000000000000000000000110000000000000000000000000000010000000000000000000000000000101000000000000,
;tableau 140 de l'image 3 à pour solution : 1 
0000010000000000010001000000000000000000000100000000000000000000000000000000000000000000000000000000000010000000000000000000000100000000000000000000000000000000000000000000000000000000000001000000000000000000000000000000000000000000000000000000001000000000000000000010000000000000000000000000000100000010000000000000000000000000000000000000000000000000000000110000000000000000000011000101000000000000000000001000011010000000000000000001000000000000000000000000000000000000100000000000000000000010000010000000000000000001100000000000000000000000000001000000000000000000000000000000000100000000000000000010000000010000000000000000000000000000000000000000000000100001000000000000000000000000100100000000000000000000000000010000000000000000000000000101010000000000000000000000000000000000000000,
;tableau 141 de l'image 3 à pour solution : 1 
0000010000000000100000000000000000000000000000000000000000000000000000010000110000000000000000000000000000000000000000000000000000001010000000000000000000001100000000000000000000000000000000000000000000000000000010000001000000000000000000000100000100000000000000000000000000100000000000000000000000000000000000000000000000000000001010000000000000000000000000000000000000000000000000000000100000000000000000000000000000000000000000000000000000000000000000000000000000100110000000000000000000000000000100000000000000000000010000001000000000000000000000100010000000000000000000000000000010000000000000000000000000000000000000000000000000010010000000000000000000000000000000000000000000000000001001000000000000000000000000100100000000000000000000010010100000000000000000000000000000000000000000,
;tableau 142 de l'image 3 à pour solution : 1 
0000010000000001000000000000000000000000000000000000000000000000000000000000000000000000000000000000000001000000000000000000000000000001000000000000000000100000010000000000000000000000010001000000000000000000001000000000000000000000000000010000010000000000000000000000000000010000000000000000000010000100000000000000000000001000000000000000000000000000010000010000000000000000000011000010000000000000000000110010000100000000000000000000000000000000000000000000000010000001000000000000000000011100000010000000000000000010000011000000000000000000000011000000000000000000000000000001001000000000000000000001000101000000000000000000000000100000000000000000000000000001000000000000000000000000010000000000000000000000000010001000000000000000000000001100010100000000000000000000010001000000000000,
;tableau 143 de l'image 3 à pour solution : 1 
0000010000000000000000000000000000000000001000000000000000000000000000000100000000000000000000000000000000000000000000000000000000000000000000000000000000000000000000000000000000000000000000000000000000000000000000000001000000000000000000000000000010000000000000000000000001000000000000000000000000000000000000000000000000000100010010000000000000000000100001101000000000000000000000000001000000000000000000000100010000000000000000000001000000010000000000000000001100000000100000000000000000000000001000000000000000000001001000010000000000000000000000000010000000000000000000010000010000000000000000000000101000000000000000000000001000001010000000000000000000110000000000000000000000000000100000110000000000000000000001100000000000000000000000000001100000000000000000000001000100000000000000,
;tableau 144 de l'image 3 à pour solution : 1 
0000010000000000100000000000000000000000000000000000000000000000000000000000000000000000000000000000000000000000000000000000000010000000000000000000000000000000000000000000000000000000000000100000000000000000000100000100000000000000000000001000000000000000000000000000010000110000000000000000001010000000000000000000000000001000001000000000000000000001000000000000000000000000000101000000100000000000000000001000000000000000000000000000000000001000000000000000000010000000000000000000000000010110000000000000000000000000000001000000000000000000001100001000000000000000000000000010100000000000000000000000000000000000000000000000000000100100000000000000000000000010000100000000000000000000000001000000000000000000000100000000000000000000000000000000010000000000000000000000010000000000000000,
;tableau 145 de l'image 3 à pour solution : 1 
0000010000000011000000000000000000000000000000000010000000000000000000010000000000000000000000000001000001000000000000000000001000000000000000000000000000000100000000000000000000000000000001000000000000000000000010000000000000000000000000110000000000000000000000000000100000000000000000000000000101000010000000000000000000100000000000000000000000000000000000100000000000000000000000000000000000000000000000100100000100000000000000000001000000100000000000000000000000100010000000000000000000000000001000000000000000000000101000000000000000000000000000000001000000000000000000000000000100000000000000000000010000000000000000000000001011010011000000000000000000000000010010000000000000000000011110000000000000000000000011010000000000000000000000010000000100000000000000000000000000000000000000,
;tableau 146 de l'image 3 à pour solution : 1 
0000010000000000000000000000000000000000001000000100010000000000000000100100001000000000000000000000000010000000000000000000000000000000000000000000000000100000001000000000000000000000000000000000000000000000000001000011000000000000000000001000011100000000000000000000000000000000000000000000000010000000000000000000000000000000000010000000000000000000100000000000000000000000000000000010000000000000000000010000000000000000000000000000010000010000000000000000000000000101100000000000000000010100000000000000000000000000000000000000000000000000000011001000000000000000000000000000000000000000000000000010000100000000000000000000000000000000000000000000000000100000000000000000000000000000000001000000000000000000000000000000000000000000000000000110100000000000000000000000000001000000000000,
;tableau 147 de l'image 3 à pour solution : 1 
0000010000000000100001100000000000000000000100000000000000000000000000000000000000000000000000000000000000000000000000000000000010000001000000000000000000000000000000000000000000000000000000100000000000000000000000000000000000000000000000000000000000000000000000000000010001100000000000000000000000000100000000000000000000000000000000000000000000000001000000000000000000000000001000000000100000000000000000000000010110000000000000000011000000000000000000000000000000000000000000000000000000000000010010000000000000000001001000100000000000000000000000000000100000000000000000100000111000000000000000000001000000000000000000000000000000000000000000000000000000000000000100000000000000000000010000000000000000000000000100000001000000000000000000000001000000000000000000000000000000000000000000,
;tableau 148 de l'image 3 à pour solution : 1 
0000010000000000000000000000000000000000000010000010000000000000000000001000000000000000000000000000000001100000000000000000000000000110000000000000000000010000000000000000000000000000010001000000000000000000000001000000000000000000000000000000010000000000000000000000000000000000000000000000000000000000000000000000000000000100000000000000000000000000000000101000000000000000000100000000000000000000000000000000000000000000000000000000101000000000000000000000000000000001000000000000000000000000000000000000000000000000000000000000000000000000001000001000000000000000000000001000000000000000000000000010000100000000000000000000000010001000000000000000000000000000010000000000000000000001100000000000000000000000000000001000000000000000000000000100001000000000000000000000000000000000000000,
;tableau 149 de l'image 3 à pour solution : 1 
0000010000000000000000000000000000000000000000000000000000000000000000000000001000000000000000000000000000000000000000000000000100000000000000000000000000000100000000000000000000000000000000100000000000000000000000000100000000000000000000000100001000000000000000000010100000000000000000000000000010000000000000000000000000010000011000000000000000000000000000000000000000000000000010000010100000000000000000000110010100000000000000000001010001000000000000000000000001000000100000000000000000011010010100000000000000000000011000000000000000000000000000100100000000000000000000000010011000000000000000000001010001000000000000000000000100100010000000000000000000000000000000000000000000000000000000000000000000000000000001000110000000000000000000000010000100000000000000000000000001000000000000,
;tableau 150 de l'image 3 à pour solution : 1 
0000010000000000000010100000000000000000000000000000000000000000000000000000000000000000000000000001110010100000000000000000000000000000000000000000000000010000000100000000000000000000110001010000000000000000000110000000000000000000000000001000000100000000000000000000000000000000000000000000000001000000100000000000000000000000000000000000000000000000000000001000000000000000000000000000000000000000000000000000000000000000000000000000100000000000000000000000000000000000000000000000000000100000001000000000000000000000000001110000000000000000000000000010000000000000000000000000100100000000000000000000000000100000000000000000000001000101000000000000000000000000001100000000000000000001000001010000000000000000000000100000000000000000000000010100000000000000000000000000000000000000000000,
;tableau 151 de l'image 3 à pour solution : 1 
0000010000000000000001000000000000000000000101000010000000000000000000000000000000000000000000000000000000000000000000000000000010001100000000000000000000000000000000000000000000000000000000000000000000000000000000000000100000000000000000000000000000000000000000000001000000000000000000000000000000000010000000000000000000000100000010000000000000000000100000000000000000000000000000000001000000000000000000000000001000000000000000000001000000000000000000000000000000000010100000000000000000010100000110000000000000000000001010000000000000000000000001000000000000000000000000010101001000000000000000000000000000010000000000000000000000101000000000000000000000100000000000000000000000000000010000100000000000000000000000010000000000000000000000001000010000000000000000000000010010010000000000,
;tableau 152 de l'image 3 à pour solution : 1 
0000010000000000010000000000000000000000000000001000000000000000000000000000011000000000000000000000100000000000000000000000000000000011000000000000000000001000010000000000000000000001000000000000000000000000000000000000000000000000000000000000000000000000000000000000000000000000000000000000001001000000000000000000000000000000000000000000000000000000000000000000000000000000000100000010000000000000000000000010000000000000000000000000100000000000000000000000000000000000000000000000000000000000010000000000000000000000000000011000000000000000000110000001000000000000000000100000000100000000000000000000000000001000000000000000000100010000000000000000000000010100110100000000000000000000000000010000000000000000000100101000000000000000000000010010100100000000000000000000100000000000000000,
;tableau 153 de l'image 3 à pour solution : 1 
0000010000000000000001000000000000000000000100000010000000000000000000000000000000000000000000000010010000000000000000000000000100000000000000000000000000010000000100000000000000000000100001000000000000000000000100000000000000000000000000010000000000000000000000000000010001001000000000000000000000000110000000000000000000000000001000000000000000000001000000001000000000000000000000000001100000000000000000000100000000000000000000000001000000100000000000000000000000000010000000000000000000001100000000000000000000000000000000000000000000000000000001100000000000000000000000000010000010000000000000000000000000010000000000000000000000000100000000000000000000000010000000000000000000000000010000000000000000000000000000000010000000000000000000000000000000000000000000000000010010000000000000,
;tableau 154 de l'image 3 à pour solution : 1 
0000010000000000000000000000000000000000000000001100000000000000000000010000100000000000000000000000000000000000000000000000000000000100000000000000000000000100000000000000000000000000000000000000000000000000000000000000000000000000000000001000001000000000000000000001000000000000000000000000000110000000000000000000000000011100000100000000000000000000000000000000000000000000000100100110000000000000000000010000000000000000000000000010010000001000000000000000000111101000000000000000000000000000010010000000000000000010101001000000000000000000000000000000000000000000000000100000010100000000000000000001010000000000000000000000000001110001000000000000000000000000100100000000000000000011000000100000000000000000000101000100000000000000000000001000000000000000000000000000000000000000000000,
;tableau 155 de l'image 3 à pour solution : 1 
0000010000000000000001000000000000000000000010000000000000000000000000000000011000000000000000000000000001000000000000000000000101000000000000000000000000001000000000000000000000000000000001010000000000000000000001000000000000000000000000000000010100000000000000000000000000010000000000000000000000000001100000000000000000000000000010000000000000000010010000000000000000000000000000000001000000000000000000100000010010000000000000000000000000100000000000000000000000000001000000000000000000001000100100000000000000000000000000010000000000000000000100100100000000000000000000000000100010000000000000000000000000000000000000000000000000000010000000000000000000001000001000000000000000000000001010000000000000000000000000010001000000000000000000100100001100000000000000000000000000000000000000,
;tableau 156 de l'image 3 à pour solution : 1 
0000010000000010010010000000000000000000000100000010000000000000000000001000000000000000000000000000010000000000000000000000000010001000000000000000000000000000001100000000000000000000100000000000000000000000000000000010000000000000000000000000000000000000000000000000000000000000000000000000000000000000000000000000000000001000000000000000000000000000000001001000000000000000000101000100000000000000000000010100000100000000000000000001011000000000000000000000000000100000000000000000000000000010000000000000000000000000000010000000000000000000000000001001000000000000000000100010010000000000000000000000000001000000000000000000000001010000000000000000000000010000000000000000000000000000000100100000000000000000000001100000000000000000000000000000100000000000000000000000010000000000000000,
;tableau 157 de l'image 3 à pour solution : 1 
0000010000000000100001000000000000000000000010000100000000000000000000000000010000000000000000000000000000000000000000000000000000000000000000000000000000010000000000000000000000000010000000000000000000000000000010000000000000000000000000100000000000000000000000000000000000100000000000000000000000000000000000000000000000010000001000000000000000000001000000000000000000000000000000000000100000000000000000000000000000000000000000000000100001100000000000000000000000000110000000000000000000001000010010000000000000000000100001101000000000000000000001000100100000000000000000001000100000000000000000000000010000000000000000000000001110000000000000000000000000000000011100000000000000000000000001000000000000000000001010000010000000000000000000000010010000000000000000000000000000000000000000,
;tableau 158 de l'image 3 à pour solution : 1 
0000010000000000010010000000000000000000000000000010000000000000000000010100000000000000000000000001000000000000000000000000000000000001000000000000000000000000011000000000000000000000000000000000000000000000000000000001000000000000000000000000010000000000000000000010000000010000000000000000000000000000000000000000000000000000000000000000000000000000000000101000000000000000000010000000000000000000000000000110000000000000000000000000000000000000000000000000000000000000100000000000000000000000001100000000000000000000000000000000000000000000000000000000000000000000000000100000011100000000000000000000001000101000000000000000000001011011100000000000000000000100100000000000000000000000010110000000000000000000000100100000000000000000000000000001000000000000000000000000010000000000000000,
;tableau 159 de l'image 3 à pour solution : 1 
0000010000000000000000000000000000000000000000000100000000000000000000101000000000000000000000000000000000100000000000000000000100000000000000000000000000100000000000000000000000000000100001000000000000000000000001000000000000000000000000010000000100000000000000000000110000000000000000000000000010000000000000000000000000000000010000000000000000000000100000010000000000000000000001000101100000000000000000000000000000000000000000000000100000100000000000000000001000000010000000000000000000010000110000000000000000000000001000110000000000000000000100000000100000000000000000000011000000000000000000000000000000000000000000000000001000000000000000000000000000011001000000000000000000000000000000000000000000000000000010000001000000000000000000100000100000000000000000000000000000000000000000,
;tableau 160 de l'image 3 à pour solution : 1 
0000010000000000000000000000000000000000000000000010000000000000000000000000000000000000000000000000100001010000000000000000001001000000000000000000000000000000000000000000000000000000000000010000000000000000000000000011000000000000000000001100010000000000000000000001000000100000000000000000001100000001000000000000000000011100000000000000000000000000000000000000000000000000000000000000000000000000000000011100000010000000000000000000000000000000000000000000000100000100100000000000000000000000000000000000000000000011000001000000000000000000000010000100000000000000000000000100100000000000000000000000000101010000000000000000000100110100000000000000000000000000100100000000000000000001001100000000000000000000000001101100000000000000000000011000000000000000000000000000101010000000000000,
;tableau 161 de l'image 3 à pour solution : 1 
0000010000000001000000000000000000000000000000001000000000000000000000000000010000000000000000000000010000000000000000000000000000000000000000000000000000000000010000000000000000000000000000000000000000000000000001000000000000000000000000100000000100000000000000000000100000000000000000000000000010000100000000000000000000100000000000000000000000000000010000010000000000000000000101000000000000000000000000000000000000000000000000000001001000110000000000000000000010000010000000000000000000100000010100000000000000000000000000001000000000000000000100000000000000000000000000110000010000000000000000000000010000000000000000000000001000000001000000000000000000010000000000000000000000000000000001010000000000000000000000000000000000000000000000000000111000000000000000000000000000000000000000,
;tableau 162 de l'image 3 à pour solution : 1 
0000010000000000100010000000000000000000000010000000000000000000000000000000000000000000000000000000000010000000000000000000000001000000000000000000000000000000000000000000000000000000100000000000000000000000000000000100000000000000000000010100010000000000000000000000000000000000000000000000000000000000000000000000000000010100001000000000000000000001000000100000000000000000001000000000000000000000000000000000001110000000000000000000100000000000000000000000000000000000000000000000000000000000000000000000000000000000000000000000000000000000000000001001000000000000000000000000000000000000000000000011000001110000000000000000000000101000000000000000000000101101000000000000000000000010010000000000000000000000000010000000000000000000000000001000000000000000000000000000010101100000000000,
;tableau 163 de l'image 3 à pour solution : 1 
0000010000000000010001000000000000000000000001000000000000000000000000000000110000000000000000000000100001000000000000000000000000000100000000000000000000000000000000000000000000000000010000010000000000000000000000000001000000000000000000000000000100000000000000000000000000000000000000000000000010000000100000000000000000001000000000000000000000000000100000000000000000000000000100000000000000000000000000000000000000000000000000000000011001010000000000000000000100000111000000000000000000010000000000000000000000000000000001010000000000000000000001000000000000000000000000000000000000000000000000000000000000000000000000000000000000010000000000000000000000000010010000000000000000000000000101000000000000000000000000110000000000000000000000000011001000000000000000000000000010010000000000,
;tableau 164 de l'image 3 à pour solution : 1 
0000010000000000000000000000000000000000000100001000000000000000000000000000000000000000000000000000000010000000000000000000000000000000000000000000000000000000000000000000000000000001000000000000000000000000000011000000000000000000000000000000010000000000000000000000100001101000000000000000000000000100000000000000000000000000010000000000000000000000010001010000000000000000000000000001100000000000000000100010000100000000000000000001000000101000000000000000000000000000100000000000000000001000000000000000000000000000110000000000000000000000000000000010000000000000000000110000001100000000000000000001010100000000000000000000000000100000000000000000000000000001000100000000000000000001100000000000000000000000000000000000000000000000000000000000000100000000000000000001000000100000000000,
;tableau 165 de l'image 3 à pour solution : 1 
0000010000000000000000000000000000000000000001000100000000000000000000000000101000000000000000000000000000000000000000000000000100000000000000000000000000010000011000000000000000000000010001000000000000000000000000000101000000000000000000010000001000000000000000000000010000010000000000000000000010000000100000000000000000001000000000000000000000000001100000000000000000000000001001000000000000000000000000000100000010000000000000000000101001000000000000000000000010000100000000000000000000100100001000000000000000000011000000000000000000000000000100100001100000000000000000000000000000000000000000000000000000000000000000000000001000000001100000000000000000010000010000000000000000000010000000000000000000000000000000000000000000000000000000000101000000000000000000000000000000000000000000,
;tableau 166 de l'image 3 à pour solution : 1 
0000010000000000000000000000000000000000001000000000000000000000000000010000000000000000000000000000010000000000000000000000000010001001000000000000000000000000000000000000000000000000000000010000000000000000000010000010000000000000000000001000010100000000000000000000000000000000000000000000000000000000000000000000000000100100000100000000000000000000010000100000000000000000000000000000000000000000000000000000000000000000000000000001000000000000000000000000000001000000100000000000000000010000000000000000000000000000000001100000000000000000000001000000000000000000000000110001100100000000000000000000000000101000000000000000000000000010000000000000000000001011000000000000000000000000000000100000000000000000000001010000000000000000000000010010010000000000000000000000000000100000000000,
;tableau 167 de l'image 3 à pour solution : 1 
0000010000000000000000000000000000000000000001000010000000000000000000000000010000000000000000000000100001010000000000000000000000000000000000000000000000000000000000000000000000000000000000000000000000000000000001000000000000000000000000000000000000000000000000000000000000000000000000000000000000000100000000000000000000000000000000000000000000000000000001000000000000000000000000000000000000000000000000000000010000000000000000000000000000110000000000000000001000100010000000000000000000000000000000000000000000000000010000001000000000000000000100100001000000000000000000000010001000000000000000000001001100010000000000000000000000100000000000000000000000000100011100000000000000000000000000000000000000000000000000000010000000000000000000000000100100000000000000000000000000000000000000,
;tableau 168 de l'image 3 à pour solution : 1 
0000010000000001000000000000000000000000000010000000000000000000000000100000000000000000000000000010000000100000000000000000000000000000000000000000000000000100111000000000000000000000000000010000000000000000000000000110000000000000000000010000001000000000000000000000000001001000000000000000000001000000000000000000000000001100000000000000000000000000110000000000000000000000000110000000100000000000000000000100000000000000000000000001010000001000000000000000000101000101100000000000000000100000011000000000000000000000001000010000000000000000000000001000000000000000000000000101100000000000000000000000000001000000000000000000000000000001000000000000000000000000000000000000000000000000100110010000000000000000000000100000000000000000000000000000000000000000000000000000000100000000000000,
;tableau 169 de l'image 3 à pour solution : 1 
0000010000000000000000000000000000000000000000000100000000000000000000000000100000000000000000000000000000000000000000000000000010001000000000000000000000100000000000000000000000000000100000000000000000000000001000000001100000000000000000000000000110000000000000000001110000100000000000000000000000000000000000000000000000010000000000000000000000000000000000000000000000000000001000000100000000000000000000011010010010000000000000000000000000000000000000000000000000100000000000000000000000000000000000000000000000000000110001000000000000000000000100000100000000000000000000110000000000000000000000000010100000000000000000000000000100011100000000000000000000000010001000000000000000000000000000000000000000000000000010000010000000000000000000000000000000000000000000000001000001000000000000,
;tableau 170 de l'image 3 à pour solution : 1 
0000010000000000000010100000000000000000000000000000000000000000000000000000000000000000000000000000000000000000000000000000000100000110000000000000000000010000010100000000000000000000010001000000000000000000000000000100000000000000000000000000001000000000000000000000000000000000000000000000000001000001000000000000000000000000000000000000000000000000010000000000000000000000000000000000000000000000000000000000000000000000000000000000000000110000000000000000001000000000000000000000000000100000110100000000000000000010000000001000000000000000000000000010100000000000000000001000010100000000000000000000010100110000000000000000000000000010000000000000000000000001000000000000000000000000000001110000000000000000000001000100000000000000000000000100001000000000000000000000000000000000000000,
;tableau 171 de l'image 3 à pour solution : 1 
0000010000000000000000000000000000000000000100000000000000000000000000000000000000000000000000000001010010000000000000000000000000000000000000000000000000001000001000000000000000000000000000000000000000000000000101000000000000000000000000000100000000000000000000000000010000000000000000000000000000000000000000000000000000000000001000000000000000000001000000101000000000000000000000000010000000000000000000100000000000000000000000000000110000000000000000000000000100100010000000000000000000000000001000000000000000000000100000000000000000000000000100000000000000000000000000000000000010000000000000000001000010000000000000000000000001000000000000000000000000110110000000000000000000000001100000000000000000000000000100000000000000000000000000000000000100000000000000000000000000000000000000,
;tableau 172 de l'image 3 à pour solution : 1 
0000010000000001100000000000000000000000000000000000000000000000000000000000001000000000000000000000000001000000000000000000000000000000000000000000000000000000000000000000000000000000010000110000000000000000000000000001000000000000000000100000001000000000000000000000000000100000000000000000000000000000000000000000000000000000010000000000000000000000000000000000000000000000000001000000000000000000000000000000000000000000000000000000001001000000000000000000000000000000100000000000000000101100000010000000000000000000000001000000000000000000000001001000000000000000000000000000100000000000000000000000000000001000000000000000000100000001000000000000000000000000000100000000000000000010000010000000000000000000000000000001000000000000000000000000000000000000000000000000000010000000000000,
;tableau 173 de l'image 3 à pour solution : 1 
0000010000000000000000000000000000000000000010000100000000000000000000000000100000000000000000000000000010000000000000000000000010000000000000000000000000000100000000000000000000000000000001000000000000000000000111000000000000000000000000000000000000000000000000000000000000000000000000000000000100000000000000000000000000000000001000000000000000000000000000011000000000000000000110100011000000000000000000000100000000000000000000000000010000001000000000000000000000000000000000000000000000010000000000000000000000000001010000000000000000000000000000000000000000000000000000000000000000000000000000000000100000000000000000000000001000010000000000000000000000000011010000000000000000000000100000100000000000000000000001100010000000000000000000011000001000000000000000000000000000000000000000,
;tableau 174 de l'image 3 à pour solution : 1 
0000010000000000000001000000000000000000000000000000000000000000000000011000000000000000000000000000000000100000000000000000000001000100000000000000000000000000000000000000000000000001000000000000000000000000000000000101000000000000000000010000000000000000000000000000010000000000000000000000000011000001100000000000000000010000010010000000000000000000110000000000000000000000000000000100100000000000000000010000000000000000000000000000100000100000000000000000000001000000100000000000000000000000011010000000000000000000000000010000000000000000000101001001000000000000000000000000000010000000000000000000010011010000000000000000000000000001000000000000000000100000000000000000000000000001010010010000000000000000000000000000000000000000000000000000000000000000000000000001000000000000000000,
;tableau 175 de l'image 3 à pour solution : 1 
0000010000000010000000000000000000000000000110000010000000000000000000100000000000000000000000000000100001000000000000000000000010000000000000000000000000011000010100000000000000000000000000100000000000000000000110000000000000000000000000001100011000000000000000000001000000010000000000000000000100000000000000000000000000000000000000000000000000000001000001100000000000000000000100000000000000000000000000000100001010000000000000000000000001010000000000000000000110000100000000000000000000000010000000000000000000000000101000101000000000000000000000000000000000000000000000000110100000000000000000000001000000000000000000000000000100100000000000000000000000000001010000000000000000000000000000000000000000000000000000010101000000000000000000001010001000000000000000000000000000000000000000,
;tableau 176 de l'image 3 à pour solution : 1 
0000010000000001000000100000000000000000000000000000000000000000000000000100000000000000000000000000000000100000000000000000001000000000000000000000000000000000000000000000000000000000000000000000000000000000000001000000000000000000000000000000000000000000000000000000000001001000000000000000000001000000000000000000000000001100000000000000000000000000010000000000000000000000000000000000100000000000000000000000000000000000000000000000000000000000000000000000001000000001100000000000000000000000000000000000000000000000000000000000000000000000000000000000000000000000000000010000000000000000000000000000000101010000000000000000000001010101100000000000000000000000000000000000000000000000101001100000000000000000000010100010000000000000000000000000000000000000000000000000100000000000000000,
;tableau 177 de l'image 3 à pour solution : 1 
0000010000000000000000000000000000000000000000000100000000000000000000000000100000000000000000000000100000000000000000000000000000000000000000000000000000000100000000000000000000000001000000000000000000000000000000000000000000000000000000000000010000000000000000000000000000000000000000000000000110000000100000000000000000000000000100000000000000000001100000001000000000000000000000000010000000000000000000000000000100000000000000000001011000100000000000000000000000000000000000000000000000000100011100000000000000000000000001010000000000000000000000000000000000000000000000000000101010000000000000000001100000001000000000000000000000100000000000000000000000000000000100000000000000000000000000010000000000000000000000010000000000000000000000000000000000000000000000000000000000000000000000,
;tableau 178 de l'image 3 à pour solution : 1 
0000010000000000000000000000000000000000001000000000000000000000000000000000001000000000000000000000000000000000000000000000000000000110000000000000000000000000010000000000000000000000010000000000000000000000001010000000000000000000000000111100000000000000000000000000110000000000000000000000000000000000000000000000000000000100000010000000000000000000000000000000000000000000001100000001100000000000000000001000010000000000000000000000000001000000000000000000000110000111000000000000000000000000000000000000000000000000000000000000000000000000000000001000000000000000000000100000010000000000000000000010000100000000000000000000000000000101000000000000000000010110000000000000000000000011110011000000000000000000000001001000000000000000000000001000010000000000000000000000100000000000000000,
;tableau 179 de l'image 3 à pour solution : 1 
0000010000000000100000000000000000000000000000000000000000000000000000001000000000000000000000000010100000010000000000000000000000001000000000000000000000010000000000000000000000000001000000100000000000000000000000000100000000000000000000000000000000000000000000000001000000100000000000000000000000000010000000000000000000110000000000000000000000000000000000011000000000000000000000100100000000000000000000100000000110000000000000000011000000000000000000000000000000000000000000000000000000010010001000000000000000000000001000110000000000000000000111000000100000000000000000001011000000000000000000000001100001000000000000000000000001010000100000000000000000000000000110000000000000000000000000000000000000000000000110000000000000000000000000110010000000000000000000000000010000000000000000,
;tableau 180 de l'image 3 à pour solution : 1 
0000010000000000010000000000000000000000000000000000000000000000000000000000000000000000000000000000000000100000000000000000000000000000000000000000000000001000100100000000000000000000000000000000000000000000000011000000000000000000000000000000010000000000000000000000010000010000000000000000000000000001000000000000000000000000000000000000000000000000010000000000000000000000000101000000100000000000000000001000010000000000000000000000000001000000000000000000000000100001100000000000000000000000000010000000000000000001100011000000000000000000000000001100000000000000000000000000000010000000000000000000000000000000000000000000000000100100000000000000000000001010001000000000000000000000110000000000000000000000000000000001000000000000000000000100001000000000000000000000000010000000000000,
;tableau 181 de l'image 3 à pour solution : 1 
0000010000000000000000000000000000000000000100001000000000000000000000100100010000000000000000000000000010000000000000000000000010000000000000000000000000000000000000000000000000000000000000000000000000000000000000000000000000000000000000000000000000000000000000000000000000001000000000000000000111000000000000000000000000110000000000000000000000000000000000000000000000000000000010000100000000000000000000000000000010000000000000000000000000000000000000000000000011000000000000000000000000000000110000000000000000000000000000000000000000000000000000000000000000000000000000000000100000000000000000000000100000011000000000000000000010010001000000000000000000000000010100000000000000000000000000110000000000000000001011000100000000000000000000000001000000000000000000000000000000000000000000,
;tableau 182 de l'image 3 à pour solution : 1 
0000010000000000000000000000000000000000000010000100000000000000000000001000000000000000000000000000010001010000000000000000000001000000000000000000000000010000001000000000000000000000000000000000000000000000000100000000000000000000000000001000000000000000000000000010100000100000000000000000000000000000000000000000000000000000000100000000000000000000000000000000000000000000000000000000000000000000000000000000000000000000000000000001000000000000000000000000000000000000000000000000000000010000000000000000000000000001010010010000000000000000000001001100000000000000000000000000010000000000000000000010000010000000000000000000000001000010000000000000000000000100001000000000000000000000000000000000000000000000000100000000000000000000000000010000001100000000000000000000000000000000000000,
;tableau 183 de l'image 3 à pour solution : 1 
0000010000000000100000000000000000000000000001000000000000000000000000010000000000000000000000000001000010000000000000000000000010000000000000000000000000000100000000000000000000000000010000000000000000000000000001000010000000000000000000000100011010000000000000000000010000000000000000000000000000000000000000000000000000000000000000000000000000000001000000000000000000000000000101000000000000000000000000010000000100000000000000000000000000000000000000000000000100000010000000000000000000000010000000000000000000000000000001100000000000000000000110000000100000000000000000010001100000000000000000000000110000110000000000000000000000010000000000000000000000000010100100000000000000000001101010000000000000000000000000001111000000000000000000100000110000000000000000000000000100000000000000,
;tableau 184 de l'image 3 à pour solution : 1 
0000010000000000000001000000000000000000000100010000000000000000000000101000001000000000000000000000000000000000000000000000000000000011000000000000000000010000000000000000000000000000100010010000000000000000000110000000000000000000000000010000000000000000000000000001000001100000000000000000000010000010000000000000000000000100000010000000000000000000010000000000000000000000000000000100000000000000000000000000000000000000000000000000010001001000000000000000000000000000000000000000000000000100001000000000000000000010010000011000000000000000001001000000000000000000000000000000011000000000000000000000001100000000000000000000001000000001000000000000000000010000010000000000000000000000000100010000000000000000000000110000000000000000000000000000000000000000000000000000000010100000000000,
;tableau 185 de l'image 3 à pour solution : 1 
0000010000000000100000000000000000000000000000000000000000000000000000000100010000000000000000000000010000000000000000000000000000000000000000000000000000000000000000000000000000000001000000000000000000000000001001000001000000000000000000001100000000000000000000000000000000000000000000000000000001000000000000000000000000111000001000000000000000000000000000011000000000000000000001000000000000000000000000000010000010000000000000000000000000100000000000000000001000100000100000000000000000000000100000000000000000000000000001000000000000000000000000000000100000000000000000000100100100000000000000000000000001010000000000000000000100010000000000000000000000100000001000000000000000000000000010100000000000000000000110001000000000000000000000000000000100000000000000000000000000000000000000,
;tableau 186 de l'image 3 à pour solution : 1 
0000010000000001000000000000000000000000000000000000000000000000000000000000000000000000000000000001000000000000000000000000000010000000000000000000000000000000000000000000000000000000000000100000000000000000000000000000000000000000000000000000000000000000000000000000000001000000000000000000000000000000000000000000000000000100000000000000000000000000100000000000000000000000000000000000000000000000000000001000000000000000000000000000000000000000000000000000000100000000000000000000000000000000001100000000000000000000000000010000000000000000000000000001000000000000000000000000000000000000000000000000001000000000000000000000000000000100000000000000000000001010000000000000000000000001001001000000000000000000000001010011000000000000000000000010000000000000000000000000000000100000000000,
;tableau 187 de l'image 3 à pour solution : 1 
0000010000000000010000000000000000000000000000000000000000000000000000000000100000000000000000000010000011000000000000000000000000000101000000000000000000000100000000000000000000000000100000000000000000000000000010000010000000000000000000010000001100000000000000000000000000000000000000000000000001000010000000000000000000001000000000000000000000000000000000010000000000000000000000000100000000000000000000000100000010000000000000000001000001000000000000000000000011000100000000000000000000000100000000000000000000000000011011000000000000000000000001000000000000000000000000000100100100000000000000000000000000000000000000000000000000000010000000000000000000000001010000000000000000000010010100000000000000000000000000000000000000000000000000010001100000000000000000000000000000010000000000,
;tableau 188 de l'image 3 à pour solution : 1 
0000010000000000000000000000000000000000000000001000000000000000000000000000000000000000000000000001000000100000000000000000000001000000000000000000000000010000000000000000000000000010000000010000000000000000000000000000000000000000000000000000000000000000000000000000000000100000000000000000000000000000100000000000000000000100011100000000000000000000000001001000000000000000000100000000100000000000000000010010000000000000000000000000000000000000000000000000000000000010000000000000000000000000010000000000000000000000000000100000000000000000000000000000000000000000000000001000000000000000000000000001001100001000000000000000000000110100000000000000000000000000000000000000000000000000100010000000000000000000000010100000000000000000000000000000000000000000000000000000000100000000000000,
;tableau 189 de l'image 3 à pour solution : 1 
0000010000000000000000000000000000000000000010010110000000000000000000001000000000000000000000000000000010000000000000000000000010001000000000000000000000000000000000000000000000000000000000000000000000000000000010000011000000000000000000100000001000000000000000000001100000000000000000000000000000000100000000000000000000000000000010000000000000000000000000000000000000000000000001000010000000000000000000001000000100000000000000000001000000001000000000000000000100000000100000000000000000000000000010000000000000000001100001000000000000000000000101100000100000000000000000000010110100000000000000000000000000000000000000000000001010000000000000000000000000000000000000000000000000000001000000000000000000000000000100000000000000000000000000010001000000000000000000000000000000000000000000,
;tableau 190 de l'image 3 à pour solution : 1 
0000010000000000010000000000000000000000000000000000000000000000000000000000010000000000000000000001000000100000000000000000000000000000000000000000000000000000000000000000000000000000000001000000000000000000000001000000000000000000000000011100000000000000000000000000010000100000000000000000001100000010000000000000000000010000001000000000000000000011010000001000000000000000000000000000100000000000000000000100001010000000000000000000000000000000000000000000001000000000000000000000000000000100000000000000000000000000000010000000000000000000000000001101000000000000000000101000000000000000000000000000110100001000000000000000000001000000000000000000000000001100000000000000000000000000000001100000000000000000000000010000000000000000000000000110001000000000000000000000010010000000000000,
;tableau 191 de l'image 3 à pour solution : 1 
0000010000000000000001000000000000000000000010000000000000000000000000000100100000000000000000000000000011000000000000000000000000000001000000000000000000000000010100000000000000000001000000010000000000000000000100000000000000000000000000000000010000000000000000000010000000010000000000000000000001000000000000000000000000001100000000000000000000000000000000000000000000000000000100000000000000000000000000000000000000000000000000000000110000000000000000000000000010000000000000000000000000000000001000000000000000000000110000000000000000000000000000000000000000000000000000000100001100000000000000000010000001000000000000000000001000010000000000000000000000000000000000000000000000000010000000000000000000000000000000000001000000000000000000000001000100000000000000000001100001100000000000,
;tableau 192 de l'image 3 à pour solution : 1 
0000010000000000010010000000000000000000000000000010000000000000000000010000010000000000000000000001100000000000000000000000000000000000000000000000000000001000001000000000000000000000010010000000000000000000000001000001000000000000000000000000000100000000000000000000010000001000000000000000000000000001000000000000000000000000000000000000000000000000000000010000000000000000001000100100000000000000000000100000001000000000000000000010001000000000000000000000000100100000000000000000000000000010010100000000000000000000000000000000000000000000001100000001000000000000000000001000000000000000000000000000000110000000000000000000000010000010000000000000000000010000000100000000000000000001000010000000000000000000000010001000000000000000000000001000001000000000000000000000000000000000000000,
;tableau 193 de l'image 3 à pour solution : 1 
0000010000000000000000000000000000000000000000000000000000000000000000000000000000000000000000000000000001000000000000000000000000000010000000000000000000010000000000000000000000000000100000100000000000000000000000000100000000000000000000010000010000000000000000000000000000000000000000000000000100000010000000000000000000001100000100000000000000000001010000000000000000000000000000000000100000000000000000001100000000000000000000000000100000000000000000000000000000000000000000000000000000100000000000000000000000000011000000000000000000000000000000000100000000000000000000010000101000000000000000000001000001001000000000000000000000100100000000000000000000100101000000000000000000000000000001000000000000000000000001100000000000000000000000010000000000000000000000000000000100000000000000,
;tableau 194 de l'image 3 à pour solution : 1 
0000010000000000100010000000000000000000000010000000000000000000000000000000000000000000000000000000000010000000000000000000000000000000000000000000000000000000010100000000000000000001010001000000000000000000000001000001000000000000000000000000000000000000000000000001010000000000000000000000000011000001000000000000000000000000001000000000000000000000000000100000000000000000000000000000000000000000000000000000010100000000000000000001000000010000000000000000000100000000000000000000000000000000001000000000000000000000000001010000000000000000000100001001000000000000000000000000000000000000000000000000000000000000000000000000001000001011000000000000000000010000101100000000000000000000000000010000000000000000000100000001000000000000000000000100000100000000000000000000000000000000000000,
;tableau 195 de l'image 3 à pour solution : 1 
0000010000000001000000000000000000000000000100000000000000000000000000000000000000000000000000000000110000100000000000000000000010000100000000000000000000010000001000000000000000000000000000000000000000000000000000000000000000000000000000000000000000000000000000000000000000000000000000000000000100000000000000000000000000000000000000000000000000000001100000000000000000000000000000000001000000000000000000000010001010000000000000000000100000100000000000000000000011000101000000000000000000000000000100000000000000000001000000101000000000000000000010000100000000000000000000000000000100000000000000000000000010000000000000000000000000110000000000000000000000000010000000000000000000000000100000000000000000000000000000100000000000000000000000000001001000000000000000000000010100000000000000,
;tableau 196 de l'image 3 à pour solution : 1 
0000010000000000000010000000000000000000000010000000000000000000000000100000000000000000000000000000000000000000000000000000000000000010000000000000000000001000010000000000000000000000000000000000000000000000001000000000000000000000000000000000010100000000000000000011100000100000000000000000000001000110000000000000000000000000010000000000000000000000000000100000000000000000000001000100000000000000000000001000000000000000000000000001000000000000000000000000000000000000100000000000000000000000000010000000000000000000101000010000000000000000000001000000000000000000000000001000011000000000000000000000100000000000000000000000000011001000000000000000000000100000000000000000000000000001000010110000000000000000000100010001000000000000000000001010000000000000000000000000100010000000000000,
;tableau 197 de l'image 3 à pour solution : 1 
0000010000000000000000000000000000000000000000000010000000000000000000001000100000000000000000000000110000000000000000000000000011000000000000000000000000000100001000000000000000000000000000000000000000000000000000000001000000000000000000010000000000000000000000000000000000000000000000000000000000000000000000000000000000000000000000000000000000000001010000000000000000000000001010000000100000000000000000010000000100000000000000000010100000000000000000000000000010000000000000000000000000000010000000000000000000000000000001000000000000000000000010000000000000000000000000010001000000000000000000000001000000000000000000000000000100000001000000000000000000000100100000000000000000000000000100000000000000000000000000001000000000000000000000000001100000000000000000000000000000000000000000,
;tableau 198 de l'image 3 à pour solution : 1 
0000010000000000100000000000000000000000000100001100000000000000000000100000001000000000000000000000000001100000000000000000000100000000000000000000000000000000000100000000000000000000000000010000000000000000000001000100000000000000000000000000001110000000000000000000100001101000000000000000000100000000000000000000000000000000000100000000000000000000000000000000000000000000000000000010000000000000000000000010001000000000000000000000010001000000000000000000000100000011000000000000000000000000000000000000000000000001001000000000000000000000000000000011000000000000000000001000011010000000000000000010001010000000000000000000000000001000000000000000000000010001000000000000000000000000001000000000000000000000000000000110000000000000000000000010000000000000000000000000000000000000000000,
;tableau 199 de l'image 3 à pour solution : 1 
0000010000000000000010000000000000000000000010000010000000000000000000000000000000000000000000000011000000000000000000000000000010000000000000000000000000001000000000000000000000000000100000100000000000000000000100000000000000000000000000001100010000000000000000000011010000000000000000000000000010000000000000000000000000000000001000000000000000000000000000000000000000000000000000000000000000000000000000010000000000000000000000000000000000110000000000000000000000000000000000000000000000000000000010000000000000000000000011000000000000000000000100000000000000000000000000010101000000000000000000000000100001100000000000000000000100010000000000000000000000100010100000000000000000000000100000010000000000000000000110010000000000000000000000010000100000000000000000000000000101000000000000,
;tableau 200 de l'image 3 à pour solution : 1 
0000010000000000100001000000000000000000000000001100000000000000000000001000000000000000000000000000110000100000000000000000000000000110000000000000000000000100000000000000000000000001000010010000000000000000000000000010000000000000000000000000000100000000000000000000100000101000000000000000001100000001000000000000000000000000000100000000000000000000010001000000000000000000000000000010000000000000000000000100001000000000000000000000010000000000000000000000000100000100000000000000000000001100000000000000000000000010001000000000000000000000000000001000000000000000000000000000100100000000000000000000000010000000000000000000001000001000000000000000000000001000011000000000000000000000001100000000000000000000000000000000000000000000000000101010000000000000000000000000100000100000000000,
;tableau 201 de l'image 3 à pour solution : 1 
0000010000000000000000000000000000000000000100000000000000000000000000000000011000000000000000000000000010000000000000000000000000000000000000000000000000100000010000000000000000000000110001000000000000000000000000000000000000000000000000100000000000000000000000000010010000000000000000000000000011000010000000000000000000010000010000000000000000000001000000000000000000000000000010000000000000000000000000000000000000000000000000000001100001010000000000000000000000000000000000000000000000000000000100000000000000000000100000100000000000000000000100100000000000000000000000010000001000000000000000000010000000000000000000000000000000000100000000000000000000000000000000000000000000000000100010100000000000000000000101100000000000000000000000010000001000000000000000000001000000000000000000,
;tableau 202 de l'image 3 à pour solution : 1 
0000010000000000100000000000000000000000000011001000000000000000000000000000000000000000000000000000100000100000000000000000000100000000000000000000000000001000000000000000000000000001000000000000000000000000000001000000000000000000000000001000010000000000000000000000100000000000000000000000000000000001000000000000000000000000000000000000000000000000100000101000000000000000000000000000000000000000000000010000000010000000000000000000001000101000000000000000000100100100000000000000000000000000000000000000000000000001010000000000000000000000000000000000000000000000000000000110000000000000000000000000000000101000000000000000000000000000000000000000000000000000000000000000000000000000000100000000000000000000000010000011000000000000000000000010100000000000000000000000000000000000000000,
;tableau 203 de l'image 3 à pour solution : 1 
0000010000000000000001000000000000000000000100000000000000000000000000000000000000000000000000000000000011000000000000000000000000000010000000000000000000000100001100000000000000000000000000000000000000000000000010000000000000000000000000010100001000000000000000000001010001001000000000000000000100000000100000000000000000000000000000000000000000000001000000000000000000000000000000000000000000000000000000000000010100000000000000000000000000000000000000000000001011000001000000000000000000000000110010000000000000000000000001000000000000000000001100000000100000000000000000000001000000000000000000000001000000010000000000000000000000011000000000000000000000010000101000000000000000000000000000100000000000000000000001010000000000000000000000000001000000000000000000000000100000000000000000,
;tableau 204 de l'image 3 à pour solution : 1 
0000010000000000000000000000000000000000000000000000000000000000000000100000011000000000000000000000000000000000000000000000000000000001000000000000000000010000000000000000000000000000010000000000000000000000001000000000000000000000000000001000000000000000000000000000000000100000000000000000001001000000000000000000000000000000010000000000000000000000000000100000000000000000000101000100000000000000000000001000000000000000000000000000100001000000000000000000000000100000100000000000000000111000001000000000000000000000000000010000000000000000000000001000000000000000000000000000100000000000000000000010000010000000000000000000000100000001000000000000000000000000000100000000000000000001100011000000000000000000000000000001000000000000000000010000001000000000000000000000000000000000000000,
;tableau 205 de l'image 3 à pour solution : 1 
0000010000000000100000000000000000000000001000000000000000000000000000000000000000000000000000000000000000100000000000000000001000000010000000000000000000001000000000000000000000000000000000000000000000000000000010000000000000000000000000000000000000000000000000000000000000000000000000000000000000000010100000000000000000011000000000000000000000000000100001000000000000000000000000000000000000000000000000000100000110000000000000000000001000100000000000000000000100000000000000000000000000000000010000000000000000000000000001001000000000000000000001000100000000000000000000000000001000000000000000000000000000100000000000000000000000000000100000000000000000001000001000000000000000000010000000000000000000000000000000000100000000000000000000000010100100000000000000000001001100100000000000,
;tableau 206 de l'image 3 à pour solution : 1 
0000010000000000010000000000000000000000000000000010000000000000000000111000000000000000000000000000000000010000000000000000000100000000000000000000000000000000110000000000000000000000000001000000000000000000000000000000000000000000000000001000000000000000000000000000000000000000000000000000000000000001000000000000000000000000001010000000000000000000011000011000000000000000000100000010000000000000000000000000000000000000000000000000000000010000000000000000000000000000000000000000000000110110000000000000000000000000010010000000000000000000000000000010000000000000000000000010000000000000000000000000000000000000000000000000000000000000000000000000000000000000010000000000000000000000001000000000000000000000000100001000000000000000000000001000001000000000000000000000010011000000000000,
;tableau 207 de l'image 3 à pour solution : 1 
0000010000000000000000000000000000000000000001001000000000000000000000000100100000000000000000000000100001000000000000000000000000000100000000000000000000000000001000000000000000000001000010000000000000000000000001000000000000000000000000000100000000000000000000000000000000000000000000000000000000000000000000000000000000000000000100000000000000000001000001000000000000000000000011000100000000000000000000011010000000000000000000000000010001001000000000000000000100100010000000000000000000000000001100000000000000000000100000001000000000000000000000100000000000000000000000011100100010000000000000000000000000000000000000000000000010000001000000000000000000010000001000000000000000000001010010000000000000000000000001000011000000000000000000000000000000000000000000000000100000000000000000,
;tableau 208 de l'image 3 à pour solution : 1 
0000010000000010000000000000000000000000001010010110000000000000000000000000000000000000000000000000000000100000000000000000000100000000000000000000000000000100010100000000000000000000110001000000000000000000000000000101000000000000000000000000011100000000000000000001100000001000000000000000000010000110000000000000000000010000001000000000000000000000000000000000000000000000000000000000000000000000000000000000000000000000000000000000100000100000000000000000000000000000000000000000000000001000000000000000000000000010000000010000000000000000000000000001000000000000000000000010000000000000000000000000001010000000000000000000000000101010000000000000000000100000100100000000000000000000001001000000000000000000000100100000000000000000000000010100001000000000000000000000001000010000000000,
;tableau 209 de l'image 3 à pour solution : 1 
0000010000000000000000100000000000000000000000001000000000000000000000000000010000000000000000000000000010000000000000000000000001001100000000000000000000010000000000000000000000000000000000010000000000000000000000000000000000000000000000001100000000000000000000000000000001100000000000000000001001000000000000000000000000000000000100000000000000000000000000001000000000000000001011000000100000000000000000000110000000000000000000000000000001000000000000000000000000000001000000000000000000000000011000000000000000000000010010001000000000000000001000001100100000000000000000110000000000000000000000000000010001000000000000000000000000000000000000000000000000000110001000000000000000000001000000100000000000000000001001000111000000000000000000000000010000000000000000000001000000000000000000,
;tableau 210 de l'image 3 à pour solution : 1 
0000010000000000000000000000000000000000000110000000000000000000000000001100001000000000000000000000000001000000000000000000000000000010000000000000000000001100110000000000000000000010100000000000000000000000000010000000000000000000000000010000000100000000000000000000010000011000000000000000000000000111000000000000000000000100000000000000000000000000100000000000000000000000000000000010000000000000000000000000010000000000000000000000100000000000000000000000000000000100100000000000000000001100000010000000000000000000000001000000000000000000000000000010000000000000000000000001001000000000000000000000000100010000000000000000000001100000000000000000000000000000000000000000000000000000000100000000000000000000000110000000000000000000000000000000000000000000000000000000000000100000000000,
;tableau 211 de l'image 3 à pour solution : 1 
0000010000000000100000100000000000000000000000000000000000000000000000000000000000000000000000000000010000000000000000000000000000000000000000000000000000000000000000000000000000000000010001010000000000000000001100000010000000000000000000001100000000000000000000000001000000100000000000000000000100000000000000000000000000001000000110000000000000000000000000001000000000000000000101000000000000000000000000001000000010000000000000000000001000000000000000000000000000000000000000000000000000010000110100000000000000000001100000000000000000000000000000000000000000000000000000001010000110000000000000000001000000000000000000000000000000000100000000000000000000000010000000000000000000000001101000000000000000000000000001000010000000000000000000000000100000000000000000000000100000000000000000,
;tableau 212 de l'image 3 à pour solution : 1 
0000010000000000000000000000000000000000000000000100000000000000000000010100001000000000000000000000100010000000000000000000000000000000000000000000000000000000001100000000000000000000100000100000000000000000000010000000000000000000000000010000010000000000000000000000000001000000000000000000000010000001100000000000000000000000000000000000000000000000000000110000000000000000000000000000000000000000000000000110010000000000000000000000000000000000000000000000000110000000000000000000000000001000000000000000000000000000000000011000000000000000000001000000000000000000000000110100001000000000000000000010011010100000000000000000001000000001000000000000000000100000000100000000000000000000000000010000000000000000000010001000000000000000000000000001001100000000000000000001011000010000000000,
;tableau 213 de l'image 3 à pour solution : 1 
0000010000000000000000000000000000000000000110000000000000000000000000000000000000000000000000000000000000000000000000000000000001000111000000000000000000001000100000000000000000000000000001000000000000000000000000000001000000000000000000000000000000000000000000000001000000010000000000000000000000000000000000000000000000000000000100000000000000000000010000000000000000000000000000000001000000000000000000010000001000000000000000000000100001011000000000000000000001100000000000000000000000010000010000000000000000000001000000100000000000000000000100000101000000000000000000000000110000000000000000000000000000000000000000000000000100001100100000000000000000001000000000000000000000000000000000000000000000000000000001000010000000000000000000000010000000000000000000000000000000000000000000,
;tableau 214 de l'image 3 à pour solution : 1 
0000010000000000000000000000000000000000000000000100000000000000000000000000101000000000000000000000100000100000000000000000000000000000000000000000000000000000000100000000000000000000010000000000000000000000000000000110000000000000000000000000000000000000000000000000000000000000000000000000000101000011000000000000000000010000001000000000000000000001000000010000000000000000000001000010100000000000000000001010010000000000000000000000010000000000000000000000000010000000000000000000000000000100000000000000000000000000011010000000000000000000000000000000000000000000000000110000000000000000000000000000000110000000000000000000000000000010000000000000000000000110000000000000000000000010000000000000000000000000000000010000000000000000000000001100000000000000000000000001000000000000000000,
;tableau 215 de l'image 3 à pour solution : 1 
0000010000000000000000000000000000000000000110001000000000000000000000000000010000000000000000000000000011000000000000000000000100000000000000000000000000000100000000000000000000000010000001000000000000000000000100000000000000000000000000000000001000000000000000000001010000000000000000000000000000000100000000000000000000000000000000000000000000000000000000000000000000000000000100000000000000000000000000000000001000000000000000000000101001000000000000000000000000100000000000000000000000000000000000000000000000000000000000010000000000000000000000000000000000000000000000001001100000000000000000000001010001011000000000000000001000100001000000000000000000000001000000000000000000000000010000010000000000000000000000001100000000000000000000010011000000000000000000000000011000000000000000,
;tableau 216 de l'image 3 à pour solution : 1 
0000010000000000000000000000000000000000000000000000000000000000000000000000000000000000000000000001100000000000000000000000000000000000000000000000000000000000000000000000000000000000010000000000000000000000000000000101000000000000000000011000010100000000000000000000100000000000000000000000000100000001000000000000000000000100010000000000000000000001100000000000000000000000000010000000000000000000000000011000010010000000000000000000000000010000000000000000000100000000000000000000000000001000001000000000000000000000000010000000000000000000000110000001000000000000000000010000000100000000000000000000000000000000000000000000000100000000000000000000000000100110100000000000000000000001000000100000000000000000000000000010000000000000000000000100100000000000000000000000000010110000000000,
;tableau 217 de l'image 3 à pour solution : 1 
0000010000000000000000000000000000000000000110000100000000000000000000010000100000000000000000000000000001000000000000000000000100000110000000000000000000000100000000000000000000000001000001100000000000000000000100000000100000000000000000000000001000000000000000000000000000000000000000000000000011000010100000000000000000001000000000000000000000000010010000000000000000000000000001000000000000000000000000000000001000000000000000000000000000001000000000000000000000000001000000000000000000110000010000000000000000000000000001010000000000000000000000000000000000000000000000000101011000000000000000000001100000000000000000000000001000000010000000000000000000000000000000000000000000000000000010000000000000000000000111011001000000000000000000101000001100000000000000000000000000000000000000,
;tableau 218 de l'image 3 à pour solution : 1 
0000010000000000000000000000000000000000000000000000000000000000000000001000000000000000000000000000000010000000000000000000000000000000000000000000000000010000001000000000000000000000100000000000000000000000000011000000000000000000000000010100010000000000000000000000000000000000000000000000000000000101000000000000000000010000000000000000000000000001100001000000000000000000000000000000000000000000000000000000000010000000000000000000000000000000000000000000000010000100000000000000000000000000000110000000000000000000000000001000000000000000000101001000000000000000000000000000000100000000000000000000010000100000000000000000000000100000000000000000000000000011001000000000000000000001100000000000000000000000000000100100000000000000000000000001100000000000000000000000100000000000000000,
;tableau 219 de l'image 3 à pour solution : 1 
0000010000000000000000000000000000000000000100000000000000000000000000100000110000000000000000000001010001000000000000000000000000000011000000000000000000000000000000000000000000000001000001000000000000000000000000000000000000000000000000000000000000000000000000000001100001000000000000000000000001000000100000000000000000000100001010000000000000000000010000011000000000000000000000100001100000000000000000000010001000000000000000000000001001100000000000000000000100000001000000000000000000000100000000000000000000000000000000000000000000000000000000000011100000000000000000000000000000000000000000000001000001001000000000000000001110000110000000000000000000100100110100000000000000000010011000000000000000000000000100000000000000000000000000000000000000000000000000000001000100000000000000,
;tableau 220 de l'image 3 à pour solution : 1 
0100010000000001100001000000000000000000000111001110000000000000000000011100111000000000000000000001110011100000000000000000000111001111000000000000000000011100011100000000000000000001110001110000000000000000000111000111000000000000000000011100011100000000000000000001110001111000000000000000000111000111100000000000000000011100001110000000000000000001110001111000000000000000000111000111100000000000000000011110011110000000000000000001111001111000000000000000000111100111100000000000000000111110011110000000000000000011111011111000000000000000001111101111100000000000000000111111111110000000000000000011111111110000000000000000001111111111000000000000000000111111111100000000000000000011111111110000000000000000000111111111000000000000000000011111111100000000000000000001111011100000000000,
;tableau 1 de l'image 4 à pour solution : 1 
1000010000000000000000000000000000000000000000000000000000000000000000000000000000000000000000000000000000000000000000000000000000000000000000000000000000000000000000000000000000000000000000000000000000000000000000000000000000000000000000000000000000000000000000000000000000000000000000000000000000000000000000000000000000000000000000000000000000000000000000000000000000000000000000000000000000000000000000000000000000000000000000000000000000000000000000000000000000000000000000000000000000000000000000000000000000000000000000000000000000000000000000000000000000000000000000000000000000000000000000000000000000000000000000000000000000000000000000000000000000000000000000000000000000000000000000000000000000000000000000000000000000000000000000000000000000000000000000000000000000000000000000,
;tableau 2 de l'image 4 à pour solution : 1 
0000010000000000000000000000000000000000000000000000000000000000000000000000000000000000000000000000000000000000000000000000000000000000000000000000000000000000000000000000000000000000000000000000000000000000000000000000000000000000000000000000000000000000000000000000000000000000000000000000000000000000000000000000000000000000000000000000000000000000000000000000000000000000000000000000000000000000000000000000000000000000000000000000000000000000000000000000000000000000000000000000000000000000000000000000000000000000000000000000000000000000000000000000000000000000000000000000000000000000000000000000000000000000000000000000000000000000000000000000000000000000000000000000000000000000000000000000000000000000000000000000000000000000000000000000000000000000000000000000000000000000000000,
;tableau 3 de l'image 4 à pour solution : 1 
0000010000000000000000000000000000000000000000000000000000000000000000000000000000000000000000000000000000000000000000000000000000000000000000000000000000000000000000000000000000000000000000000000000000000000000000000000000000000000000000000000000000000000000000000000000000000000000000000000000000000000000000000000000000000000000000000000000000000000000000000000000000000000000000000000000000000000000000000000000000000000000000000000000000000000000000000000000000000000000000000000000000000000000000000000000000000000000000000000000000000000000000000000000000000000000000000000000000000000000000000000000000000000000000000000000000000000000000000000000000000000000000000000000000000000000000000000000000000000000000000000000000000000000000000000000000000000000000000000000000000000000000,
;tableau 4 de l'image 4 à pour solution : 1 
0000010000000000000000000000000000000000000000000000000000000000000000000000000000000000000000000000000000000000000000000000000000000000000000000000000000000000000000000000000000000000000000000000000000000000000000000000000000000000000000000000000000000000000000000000000000000000000000000000000000000000000000000000000000000000000000000000000000000000000000000000000000000000000000000000000000000000000000000000000000000000000000000000000000000000000000000000000000000000000000000000000000000000000000000000000000000000000000000000000000000000000000000000000000000000000000000000000000000000000000000000000000000000000000000000000000000000000000000000000000000000000000000000000000000000000000000000000000000000000000000000000000000000000000000000000000000000000000000000000000000000000000,
;tableau 5 de l'image 4 à pour solution : 1 
0000010000000000000000000000000000000000000000000000000000000000000000000000000000000000000000000000000000000000000000000000000000000000000000000000000000000000000000000000000000000000000000000000000000000000000000000000000000000000000000000000000000000000000000000000000000000000000000000000000000000000000000000000000000000000000000000000000000000000000000000000000000000000000000000000000000000000000000000000000000000000000000000000000000000000000000000000000000000000000000000000000000000000000000000000000000000000000000000000000000000000000000000000000000000000000000000000000000000000000000000000000000000000000000000000000000000000000000000000000000000000000000000000000000000000000000000000000000000000000000000000000000000000000000000000000000000000000000000000000000000000000000,
;tableau 6 de l'image 4 à pour solution : 1 
0000010000000000000000000000000000000000000000000000000000000000000000000000000000000000000000000000000000000000000000000000000000000000000000000000000000000000000000000000000000000000000000000000000000000000000000000000000000000000000000000000000000000000000000000000000000000000000000000000000000000000000000000000000000000000000000000000000000000000000000000000000000000000000000000000000000000000000000000000000000000000000000000000000000000000000000000000000000000000000000000000000000000000000000000000000000000000000000000000000000000000000000000000000000000000000000000000000000000000000000000000000000000000000000000000000000000000000000000000000000000000000000000000000000000000000000000000000000000000000000000000000000000000000000000000000000000000000000000000000000000000000000,
;tableau 7 de l'image 4 à pour solution : 1 
0000010000000000000000000000000000000000000000000000000000000000000000000000000000000000000000000000000000000000000000000000000000000000000000000000000000000000000000000000000000000000000000000000000000000000000000000000000000000000000000000000000000000000000000000000000000000000000000000000000000000000000000000000000000000000000000000000000000000000000000000000000000000000000000000000000000000000000000000000000000000000000000000000000000000000000000000000000000000000000000000000000000000000000000000000000000000000000000000000000000000000000000000000000000000000000000000000000000000000000000000000000000000000000000000000000000000000000000000000000000000000000000000000000000000000000000000000000000000000000000000000000000000000000000000000000000000000000000000000000000000000000000,
;tableau 8 de l'image 4 à pour solution : 1 
0000010000000000000000000000000000000000000000000000000000000000000000000000000000000000000000000000000000000000000000000000000000000000000000000000000000000000000000000000000000000000000000000000000000000000000000000000000000000000000000000000000000000000000000000000000000000000000000000000000000000000000000000000000000000000000000000000000000000000000000000000000000000000000000000000000000000000000000000000000000000000000000000000000000000000000000000000000000000000000000000000000000000000000000000000000000000000000000000000000000000000000000000000000000000000000000000000000000000000000000000000000000000000000000000000000000000000000000000000000000000000000000000000000000000000000000000000000000000000000000000000000000000000000000000000000000000000000000000000000000000000000000,
;tableau 9 de l'image 4 à pour solution : 1 
0000010000000000000000000000000000000000000000000000000000000000000000000000000000000000000000000000000000000000000000000000000000000000000000000000000000000000000000000000000000000000000000000000000000000000000000000000000000000000000000000000000000000000000000000000000000000000000000000000000000000000000000000000000000000000000000000000000000000000000000000000000000000000000000000000000000000000000000000000000000000000000000000000000000000000000000000000000000000000000000000000000000000000000000000000000000000000000000000000000000000000000000000000000000000000000000000000000000000000000000000000000000000000000000000000000000000000000000000000000000000000000000000000000000000000000000000000000000000000000000000000000000000000000000000000000000000000000000000000000000000000000000,
;tableau 10 de l'image 4 à pour solution : 1 
0000010000000000000000000000000000000000000000000000000000000000000000000000000000000000000000000000000000000000000000000000000000000000000000000000000000000000000000000000000000000000000000000000000000000000000000000000000000000000000000000000000000000000000000000000000000000000000000000000000000000000000000000000000000000000000000000000000000000000000000000000000000000000000000000000000000000000000000000000000000000000000000000000000000000000000000000000000000000000000000000000000000000000000000000000000000000000000000000000000000000000000000000000000000000000000000000000000000000000000000000000000000000000000000000000000000000000000000000000000000000000000000000000000000000000000000000000000000000000000000000000000000000000000000000000000000000000000000000000000000000000000000,
;tableau 11 de l'image 4 à pour solution : 1 
0000010000000000000000000000000000000000000000000000000000000000000000000000000000000000000000000000000000000000000000000000000000000000000000000000000000000000000000000000000000000000000000000000000000000000000000000000000000000000000000000000000000000000000000000000000000000000000000000000000000000000000000000000000000000000000000000000000000000000000000000000000000000000000000000000000000000000000000000000000000000000000000000000000000000000000000000000000000000000000000000000000000000000000000000000000000000000000000000000000000000000000000000000000000000000000000000000000000000000000000000000000000000000000000000000000000000000000000000000000000000000000000000000000000000000000000000000000000000000000000000000000000000000000000000000000000000000000000000000000000000000000000,
;tableau 12 de l'image 4 à pour solution : 1 
0000010000000000000000000000000000000000000000000000000000000000000000000000000000000000000000000000000000000000000000000000000000000000000000000000000000000000000000000000000000000000000000000000000000000000000000000000000000000000000000000000000000000000000000000000000000000000000000000000000000000000000000000000000000000000000000000000000000000000000000000000000000000000000000000000000000000000000000000000000000000000000000000000000000000000000000000000000000000000000000000000000000000000000000000000000000000000000000000000000000000000000000000000000000000000000000000000000000000000000000000000000000000000000000000000000000000000000000000000000000000000000000000000000000000000000000000000000000000000000000000000000000000000000000000000000000000000000000000000000000000000000000,
;tableau 13 de l'image 4 à pour solution : 1 
0000010000000000000000000000000000000000000000000000000000000000000000000000000000000000000000000000000000000000000000000000000000000000000000000000000000000000000000000000000000000000000000000000000000000000000000000000000000000000000000000000000000000000000000000000000000000000000000000000000000000000000000000000000000000000000000000000000000000000000000000000000000000000000000000000000000000000000000000000000000000000000000000000000000000000000000000000000000000000000000000000000000000000000000000000000000000000000000000000000000000000000000000000000000000000000000000000000000000000000000000000000000000000000000000000000000000000000000000000000000000000000000000000000000000000000000000000000000000000000000000000000000000000000000000000000000000000000000000000000000000000000000,
;tableau 14 de l'image 4 à pour solution : 1 
0000010000000000000000000000000000000000000000000000000000000000000000000000000000000000000000000000000000000000000000000000000000000000000000000000000000000000000000000000000000000000000000000000000000000000000000000000000000000000000000000000000000000000000000000000000000000000000000000000000000000000000000000000000000000000000000000000000000000000000000000000000000000000000000000000000000000000000000000000000000000000000000000000000000000000000000000000000000000000000000000000000000000000000000000000000000000000000000000000000000000000000000000000000000000000000000000000000000000000000000000000000000000000000000000000000000000000000000000000000000000000000000000000000000000000000000000000000000000000000000000000000000000000000000000000000000000000000000000000000000000000000000,
;tableau 15 de l'image 4 à pour solution : 1 
0000010000000000000000000000000000000000000000000000000000000000000000000000000000000000000000000000000000000000000000000000000000000000000000000000000000000000000000000000000000000000000000000000000000000000000000000000000000000000000000000000000000000000000000000000000000000000000000000000000000000000000000000000000000000000000000000000000000000000000000000000000000000000000000000000000000000000000000000000000000000000000000000000000000000000000000000000000000000000000000000000000000000000000000000000000000000000000000000000000000000000000000000000000000000000000000000000000000000000000000000000000000000000000000000000000000000000000000000000000000000000000000000000000000000000000000000000000000000000000000000000000000000000000000000000000000000000000000000000000000000000000000,
;tableau 16 de l'image 4 à pour solution : 1 
0000010000000000000000000000000000000000000000000000000000000000000000000000000000000000000000000000000000000000000000000000000000000000000000000000000000000000000000000000000000000000000000000000000000000000000000000000000000000000000000000000000000000000000000000000000000000000000000000000000000000000000000000000000000000000000000000000000000000000000000000000000000000000000000000000000000000000000000000000000000000000000000000000000000000000000000000000000000000000000000000000000000000000000000000000000000000000000000000000000000000000000000000000000000000000000000000000000000000000000000000000000000000000000000000000000000000000000000000000000000000000000000000000000000000000000000000000000000000000000000000000000000000000000000000000000000000000000000000000000000000000000000,
;tableau 17 de l'image 4 à pour solution : 1 
0000010000000000000000000000000000000000000000000000000000000000000000000000000000000000000000000000000000000000000000000000000000000000000000000000000000000000000000000000000000000000000000000000000000000000000000000000000000000000000000000000000000000000000000000000000000000000000000000000000000000000000000000000000000000000000000000000000000000000000000000000000000000000000000000000000000000000000000000000000000000000000000000000000000000000000000000000000000000000000000000000000000000000000000000000000000000000000000000000000000000000000000000000000000000000000000000000000000000000000000000000000000000000000000000000000000000000000000000000000000000000000000000000000000000000000000000000000000000000000000000000000000000000000000000000000000000000000000000000000000000000000000,
;tableau 18 de l'image 4 à pour solution : 1 
0000010000000000000000000000000000000000000000000000000000000000000000000000000000000000000000000000000000000000000000000000000000000000000000000000000000000000000000000000000000000000000000000000000000000000000000000000000000000000000000000000000000000000000000000000000000000000000000000000000000000000000000000000000000000000000000000000000000000000000000000000000000000000000000000000000000000000000000000000000000000000000000000000000000000000000000000000000000000000000000000000000000000000000000000000000000000000000000000000000000000000000000000000000000000000000000000000000000000000000000000000000000000000000000000000000000000000000000000000000000000000000000000000000000000000000000000000000000000000000000000000000000000000000000000000000000000000000000000000000000000000000000,
;tableau 19 de l'image 4 à pour solution : 1 
0000010000000000000000000000000000000000000000000000000000000000000000000000000000000000000000000000000000000000000000000000000000000000000000000000000000000000000000000000000000000000000000000000000000000000000000000000000000000000000000000000000000000000000000000000000000000000000000000000000000000000000000000000000000000000000000000000000000000000000000000000000000000000000000000000000000000000000000000000000000000000000000000000000000000000000000000000000000000000000000000000000000000000000000000000000000000000000000000000000000000000000000000000000000000000000000000000000000000000000000000000000000000000000000000000000000000000000000000000000000000000000000000000000000000000000000000000000000000000000000000000000000000000000000000000000000000000000000000000000000000000000000,
;tableau 20 de l'image 4 à pour solution : 1 
0000010000000000000000000000000000000000000000000000000000000000000000000000000000000000000000000000000000000000000000000000000000000000000000000000000000000000000000000000000000000000000000000000000000000000000000000000000000000000000000000000000000000000000000000000000000000000000000000000000000000000000000000000000000000000000000000000000000000000000000000000000000000000000000000000000000000000000000000000000000000000000000000000000000000000000000000000000000000000000000000000000000000000000000000000000000000000000000000000000000000000000000000000000000000000000000000000000000000000000000000000000000000000000000000000000000000000000000000000000000000000000000000000000000000000000000000000000000000000000000000000000000000000000000000000000000000000000000000000000000000000000000,
;tableau 21 de l'image 4 à pour solution : 1 
0000010000000000000000000000000000000000000011000000000000000000000000001000000000000000000000000000000000000000000000000000000000000000000000000000000000000000000000000000000000000000000000000000000000000000000000000000000000000000000000000100000000000000000000000000000001000000000000000000000000000100000000000000000000000010000000000000000000000000010000010000000000000000000000000000000000000000000000000000000000000000000000000000010000000000000000000000000010001000000000000000000000000010000000000000000000000000000010000000000000000000000000101000000000000000000000000000001000000000000000000000000000000000000000000000000000111000000000000000000000000111001000000000000000000000000101000000000000000000000000001000000000000000000000010010000000000000000000000000000101000000000000,
;tableau 22 de l'image 4 à pour solution : 1 
0000010000000000000000000000000000000000000000000000000000000000000000000100000000000000000000000000000000100000000000000000000000000000000000000000000000000000001000000000000000000000110000000000000000000000000001000110000000000000000000001000001000000000000000000000000000000000000000000000000000000000000000000000000000000000000000000000000000000000000000000000000000000000000000000000000000000000000000000100000000000000000000000000000000010000000000000000000000000000000000000000000000000000000010000000000000000000010000001000000000000000000000000000100000000000000000000000100000000000000000000000001000000000000000000000000011000000000000000000000000000000000000000000000000000000100000001000000000000000000000000100000000000000000000000000001000000000000000000000000000100000000000,
;tableau 23 de l'image 4 à pour solution : 1 
0000010000000000000000000000000000000000000000000000000000000000000000011000000000000000000000000000000000010000000000000000000010000001000000000000000000000000000000000000000000000000000000000000000000000000000000000001000000000000000000000000000000000000000000000000000000110000000000000000000000000000000000000000000000000000000000000000000000000000000001000000000000000000000001001000000000000000000000000010001000000000000000000000100000000000000000000000000100100001000000000000000000000000010000000000000000000000000000000000000000000000000000010000000000000000000000001000000000000000000000000000010110000000000000000000000000101000100000000000000000001000001000000000000000000000001010000000000000000000000000000001000000000000000000000000000000000000000000000000000001000000000000,
;tableau 24 de l'image 4 à pour solution : 1 
0000010000000000000000000000000000000000000000000000000000000000000000000100000000000000000000000001110000100000000000000000000000100000000000000000000000000010001000000000000000000000000000100000000000000000000010000100000000000000000000001000000100000000000000000000100000000000000000000000000000000000000000000000000000000000000000000000000000000000001000000000000000000000000000000100000000000000000000000000000000000000000000000000001000010000000000000000000000001000000000000000000000010010000000000000000000000000000000000000000000000000000010100000000000000000000000000010000000000000000000000000001000100000000000000000000000010000000000000000000000000000100000000000000000000001000100000000000000000000000000010000000000000000000000010001000100000000000000000000001000000000000000,
;tableau 25 de l'image 4 à pour solution : 1 
0000010000000000000000000000000000000000000000000100000000000000000000000000001100000000000000000000000000000000000000000000000000000001000000000000000000000000000000000000000000000000000001000000000000000000000000000000000000000000000000000000000000000000000000000000000000000000000000000000000000000100000000000000000000000010000000000000000000000000000000000000000000000000000000000000000000000000000000000000000000000000000000000000000000001000000000000000000000000100000000000000000000000000000000000000000000000000010000000000000000000000001000000100000000000000000000000000001010000000000000000001000000000000000000000000000000000100000000000000000000001000000000000000000000000010000000001000000000000000000111001110000000000000000000000000100010000000000000000000000000000000000000,
;tableau 26 de l'image 4 à pour solution : 1 
0000010000000000000000000000000000000000000000000000000000000000000000000000000000000000000000000000010000000000000000000000000000000110000000000000000000000000010000000000000000000000000000100000000000000000000000000100000000000000000000011000000000000000000000000000000000000000000000000000000000000000000000000000000000000000001000000000000000000000110000000000000000000000000000000001000000000000000000000000001000000000000000000000001000000000000000000000000000100000000000000000000000000000010100000000000000000000000000010000000000000000000000100000000000000000000000000001100000000000000000000000110000000000000000000000000000000010000000000000000000000010000100000000000000000000000000010000000000000000000000000000000000000000000000011000000000000000000000000000000111100000000000,
;tableau 27 de l'image 4 à pour solution : 1 
0000010000000000000000000000000000000000000000000100000000000000000000000100000000000000000000000001000000100000000000000000000100000000000000000000000000000100000000000000000000000000000000000000000000000000000000000011000000000000000000000000001000000000000000000000000001000000000000000000000000000010000000000000000000000000000000000000000000000000000000000000000000000000000000101000000000000000000000000000000000000000000000000000000000000000000000000000000001000000100000000000000000010000100000000000000000000000000001000000000000000000000000000001000000000000000000000000000000000000000000000001000001000000000000000000000000110100000000000000000000001001001000000000000000000000010000000000000000000000000011000100000000000000000000100101001000000000000000000000000000000000000000,
;tableau 28 de l'image 4 à pour solution : 1 
0000010000000000000001000000000000000000000000000000000000000000000000001000010100000000000000000000000000010000000000000000000010100000000000000000000000000000010000000000000000000001000000000000000000000000000000000000000000000000000000000000000100000000000000000000000000000000000000000000000000000101000000000000000000000100000000000000000000000000001000000000000000000000000000000000000000000000000000000000100000000000000000000000000000000000000000000000000000000000000000000000000000000000000000000000000000000000000000000000000000000000000000000000000000000000000000000100001100000000000000000000010010001000000000000000000100000000100000000000000000000010000100000000000000000000001000000000000000000000000000100000000000000000000000000000010000000000000000000000000100000000000000,
;tableau 29 de l'image 4 à pour solution : 1 
0000010000000000010000000000000000000000000000000010000000000000000000000000000000000000000000000000000000000000000000000000000000000001000000000000000000010000001000000000000000000000000000000000000000000000000000000000000000000000000000000000000000000000000000000000000000000000000000000000000000000000000000000000000000000000000000000000000000000000000000000000000000000000000010000000000000000000000000010110000000000000000000000000001000000000000000000000000000000101000000000000000000000010000000000000000000000000000000000000000000000000000100000000000000000000000000011000000000000000000000000000000000000000000000000000000000001111000000000000000000000000001000000000000000000001000001000000000000000000000010010001000000000000000000000000000000000000000000000000000000000000000000,
;tableau 30 de l'image 4 à pour solution : 1 
0000010000000000000000000000000000000000000000000100000000000000000000000000000000000000000000000001000000000000000000000000000000000010000000000000000000001000000000000000000000000001000000010000000000000000000001000000000000000000000000001100010000000000000000000000000000000000000000000000000001000000000000000000000000010000010000000000000000000000010000000000000000000000000000000001000000000000000000000000000000000000000000000000000000010000000000000000000000100000000000000000000000000100000000000000000000000000000101010000000000000000000000010000000000000000000000000001000110000000000000000000000100000000000000000000000000000000000000000000000000010000000010000000000000000000101000100000000000000000000001001000000000000000000000000000000000000000000000000000000100000000000000,
;tableau 31 de l'image 4 à pour solution : 1 
0000010000000000000000000000000000000000000010000010000000000000000000010100010000000000000000000000000000010000000000000000000000000100000000000000000000000100001000000000000000000000000000100000000000000000000000000100000000000000000000000000001100000000000000000000000000100000000000000000000000100100000000000000000000000000000000000000000000000000000000000000000000000000000000000100000000000000000000000100010000000000000000000000000001001000000000000000000000000000000000000000000000000000010000000000000000000001000000000000000000000000000000000000000000000000000000000010000000000000000000000001010001001000000000000000000010010000000000000000000000000000010000000000000000000010000001000000000000000000000000000000000000000000000000001001100100000000000000000000010000000000000000,
;tableau 32 de l'image 4 à pour solution : 1 
0000010000000000010000000000000000000000000000000100000000000000000000001000000000000000000000000000000000000000000000000000000000000010000000000000000000000010010000000000000000000000100000000000000000000000000000100001000000000000000000000000000000000000000000000000000000010000000000000000000001000000000000000000000000000000000000000000000000000000000000000000000000000000000000000010000000000000000000000000000000000000000000000000000000000000000000000000000000000000000000000000000000000100100000000000000000000000101000010000000000000000000000110001000000000000000000000000000000000000000000000000000000000000000000000000000000000000000000000000000000001000000000000000000000000001000000000000000000000000000000100000000000000000000000000000001000000000000000000000000001000000000000,
;tableau 33 de l'image 4 à pour solution : 1 
0000010000000000000000010000000000000000000010000000000000000000000000000000010000000000000000000000000000000000000000000000000001000101000000000000000000000000000000000000000000000000010000000000000000000000000001000000000000000000000000000000000000000000000000000000000001000000000000000000000000100000000000000000000000000000000000000000000000000000000000000000000000000000000001000000000000000000000000000010000000000000000000000001010001010000000000000000000001100000000000000000000000000000000000000000000000000000000000000000000000000000000001000000000000000000000000000000000100000000000000000000000000000000000000000000000001100001000000000000000000000001001000000000000000000000010000000000000000000000000000001000000000000000000000000001010000000000000000000000000000000000000000,
;tableau 34 de l'image 4 à pour solution : 1 
0000010000000000000000000000000000000000000000000000000000000000000000000000000000000000000000000000110000000000000000000000000000000000000000000000000000001000000100000000000000000000100000000000000000000000000000000000000000000000000000000000000100000000000000000000000000000000000000000000000000000000000000000000000000000000000000000000000000000000000000000000000000000000000000000000000000000000000000000000000010000000000000000000000000000000000000000000000000000000000000000000000000000000000100000000000000000000001000000000000000000000000010010000000000000000000000000000000000000000000000000000000000010000000000000000000000011000000000000000000000000010000000000000000000000001001001000000000000000000000101000000000000000000000000000000000000000000000000000000000100010000000000,
;tableau 35 de l'image 4 à pour solution : 1 
0000010000000000000000000000000000000000000001000000000000000000000000000100000000000000000000000000000000000000000000000000000010000000000000000000000000000000000000000000000000000001000001000000000000000000000001000000000000000000000000000000000000000000000000000000000000010000000000000000000000000000000000000000000000010000000100000000000000000000010000000000000000000000000000101000000000000000000000001000000000000000000000000000000000000000000000000000000000000000000000000000000000000000001000000000000000000000000001000000000000000000000000000000000000000000000000000000000100000000000000000010000000000000000000000000000000000000000000000000000000000000010000000000000000000000100000001000000000000000000000011001000000000000000000000000001000000000000000000000000001100000000000,
;tableau 36 de l'image 4 à pour solution : 1 
0000010000000000010000100000000000000000000000000000000000000000000000001000001000000000000000000000010000100000000000000000000100000001000000000000000000000100001000000000000000000000110000000000000000000000000010000000000000000000000000000000010000000000000000000000000001000000000000000000000000000000000000000000000000000000010000000000000000000000000000000000000000000000000000000000000000000000000000000010000000000000000000000000000000000000000000000000000000000000100000000000000000010000000010000000000000000000001000000000000000000000000000100001000000000000000000000000100000000000000000000000000000000000000000000000000000000000000000000000000000000000000000000000000000000000000000000000000000000000000000000000000000000000000000000010100000000000000000000000000000000000000000,
;tableau 37 de l'image 4 à pour solution : 1 
0000010000000000000001000000000000000000000000000000000000000000000000000000000000000000000000000000000000000000000000000000000000000010000000000000000000000000000000000000000000000000000000000000000000000000000000000100000000000000000000000000001000000000000000000000100000000000000000000000000000100000000000000000000000000010000000000000000000000000000000010000000000000000000000100000000000000000000000000000000000000000000000000000001000000000000000000000000000000000000000000000000000000000000000000000000000000000000000000000000000000000000000010010000000000000000000001000000000000000000000000000000000000000000000000000000100000010000000000000000000000000010000000000000000000000110000010000000000000000000000010101000000000000000000000000000100000000000000000000000010000000000000,
;tableau 38 de l'image 4 à pour solution : 1 
0000010000000000100000000000000000000000000110000100000000000000000000000000010100000000000000000000010001010000000000000000000000000000000000000000000000000100000000000000000000000000000000100000000000000000000011000010000000000000000000000100000100000000000000000000000000100000000000000000000000000000000000000000000000000000000000000000000000000000000000000000000000000000000000000000000000000000000000000000000000000000000000000000000000000000000000000000000000000001000000000000000000010010000000000000000000000000001010000000000000000000000100000000000000000000000000000000000000000000000000000000001000000000000000000000000000000000000000000000000000010000000010000000000000000000000010100000000000000000001010000000000000000000000000000100100000000000000000000000000000000000000000,
;tableau 39 de l'image 4 à pour solution : 1 
0000010000000000000000000000000000000000000000000000000000000000000000001000000000000000000000000000100000000000000000000000000010000000000000000000000000001000000000000000000000000000000000000000000000000000000000000001000000000000000000000000000000000000000000000000000000000000000000000000000000000000000000000000000000000000001000000000000000000000001000010000000000000000000000100000000000000000000000000010000000000000000000000000001000001000000000000000000000000000000000000000000000000000000000000000000000000000000000000000000000000000000000001000000000000000000000000000000010000000000000000000000000000000000000000000000000000000000000000000000000000010001000000000000000000000010000010000000000000000000000100000000000000000000000000000000000000000000000000000000000000000000000,
;tableau 40 de l'image 4 à pour solution : 1 
0000010000000000000001000000000000000000000000000000000000000000000000000100011000000000000000000000000000000000000000000000000000000100000000000000000000000000001000000000000000000000000000000000000000000000000000000000000000000000000000001000000000000000000000000000000000000000000000000000000000000101000000000000000000000000000000000000000000000000000000000000000000000000000010001010000000000000000000000000000100000000000000000000000000000000000000000000000100000000000000000000000000000000000000000000000000000000000000000000000000000000000000000000000000000000000000000010000000000000000000000000001000000000000000000000000000100000100000000000000000001000100000000000000000000000100010000000000000000000000100000100000000000000000000000011000000000000000000000000000000000000000000,
;tableau 41 de l'image 4 à pour solution : 1 
0000010000000000000000000000000000000000000000000100000000000000000000000000000000000000000000000000000001010000000000000000000000000001000000000000000000010100000000000000000000000001010000010000000000000000000011000100000000000000000000000000001000000000000000000000000001000000000000000000000000100000000000000000000000000000001000000000000000000000000000010000000000000000000000100100100000000000000000000000000000000000000000000000000000000000000000000000000010000000000000000000000000000000000000000000000000000000001000000000000000000000000000001100000000000000000000000000000100000000000000000001010010000000000000000000000010000010000000000000000000000100000000000000000000000000010000000000000000000000000000000000000000000000000000000000001000000000000000000001000000000000000000,
;tableau 42 de l'image 4 à pour solution : 1 
0000010000000000000000000000000000000000000001000010000000000000000000011000000000000000000000000000100000000000000000000000000000000100000000000000000000000000000100000000000000000000100001100000000000000000000000000001000000000000000000010010010000000000000000000000000000100000000000000000000100000100000000000000000000010100000000000000000000000000001010000000000000000000000000000010000000000000000000000000000000000000000000000001000000000000000000000000000000000100100000000000000000000100011100000000000000000001100000100000000000000000000000000000000000000000000000100000000000000000000000000000000000000000000000000000000000000001000000000000000000000000000000000000000000000000001001101000000000000000000010110101100000000000000000001000100000000000000000000000100010000000000000,
;tableau 43 de l'image 4 à pour solution : 1 
0000010000000000010000000000000000000000000010000000000000000000000000000100000000000000000000000000010000000000000000000000000000000000000000000000000000000000000000000000000000000001000000000000000000000000000001000000000000000000000000000000000000000000000000000000000000000000000000000000000011000000000000000000000000000000000000000000000000000000000000010000000000000000000000000000000000000000000000000000000000000000000000000000001010010000000000000000000000000000000000000000000000000010000000000000000000000000000010000000000000000000000000000000000000000000000000000000000000000000000000000000000000001000000000000000000010011100100000000000000000001010000000000000000000000001000000000000000000000000000000000000000000000000000000000110000010000000000000000001001000000000000000,
;tableau 44 de l'image 4 à pour solution : 1 
0000010000000000000001000000000000000000000000000000000000000000000000001000001000000000000000000000000000000000000000000000000000000000000000000000000000001100000000000000000000000000000001000000000000000000000100000000000000000000000000000000011000000000000000000000000000010000000000000000000000000101000000000000000000000000000000000000000000000000000000000000000000000000000001100000000000000000000000000110000000000000000000000000000000000000000000000000000000100000000000000000000000000000100000000000000000000000000000000000000000000000000001100000000000000000000000000000000000000000000000000000100100010000000000000000000000000000000000000000000000010000000000000000000000000000000001000000000000000000001000100111000000000000000000000000000000000000000000000000000000000000000000,
;tableau 45 de l'image 4 à pour solution : 1 
0000010000000000000000100000000000000000000000000001000000000000000000000000000000000000000000000000000000010000000000000000000100000011000000000000000000000000000100000000000000000000100000010000000000000000000011000000000000000000000000000000000000000000000000000000000000000000000000000000000000000000000000000000000000000000010000000000000000000000000000000000000000000000000000001001000000000000000000000000000000000000000000000000000000000000000000000000000000001001000000000000000000000000000000000000000000000000000000000000000000000000000000000000000000000000000000010000100000000000000000000000000000000000000000000000000000111000000000000000000000001100000000000000000000000000001000110000000000000000000010010000000000000000000000101000000100000000000000000000000000000000000000,
;tableau 46 de l'image 4 à pour solution : 1 
0000010000000000100001000000000000000000000000000110000000000000000000000000000000000000000000000000000000000000000000000000000001000100000000000000000000001100000000000000000000000000010000000000000000000000000000100100000000000000000000000000000000000000000000000000000000000000000000000000000000000000000000000000000000000000001000000000000000000000000010000000000000000000000000100000000000000000000000000000010000000000000000000000000000000000000000000000000001000010000000000000000000010000000000000000000000000000001000000000000000000000000000100000000000000000000000000101000010000000000000000000000000100000000000000000000000000010000000000000000000010000101000000000000000000001000000000000000000000000000000001000000000000000000000000000000000000000000000000000000100000000000000,
;tableau 47 de l'image 4 à pour solution : 1 
0000010000000000000000000000000000000000000000000000000000000000000000000000000000000000000000000000010000000000000000000000000000000001000000000000000000000000010100000000000000000000000000000000000000000000000000000000000000000000000000001000000000000000000000000000010000000000000000000000000000100000000000000000000000000000000000000000000000000000000000000000000000000000000000000001000000000000000000000000000100000000000000000000000011000000000000000000000000000000000000000000000000001000000000000000000000000001000011000000000000000000000000000000000000000000000000000000000000000000000000000000000100000000000000000000000000100000000000000000000000000001000010000000000000000000011000000000000000000000000010000010100000000000000000000100110000000000000000000000100000000000000000,
;tableau 48 de l'image 4 à pour solution : 1 
0000010000000000100000000000000000000000000011000001000000000000000000001000000000000000000000000000000000000000000000000000000001000100000000000000000000000000000000000000000000000001100000000000000000000000000000000101000000000000000000000000000100000000000000000001000000000000000000000000000000000000000000000000000000000100000000000000000000000000010000000000000000000000000000000000000000000000000000000000000000000000000000000000000000000000000000000000000100000000000000000000000000000000000000000000000000000000000000000000000000000000000000000000000000000000000000000000100000000000000000000000000001110000000000000000000000000100000000000000000000000000101000000000000000000001000000001000000000000000000000010000000000000000000000001000000000000000000000000000000000000000000000,
;tableau 49 de l'image 4 à pour solution : 1 
0000010000000000010000100000000000000000000000000000000000000000000000000100000000000000000000000000000000100000000000000000000000000000000000000000000000000000000000000000000000000000010001010000000000000000000010000010000000000000000000001110000000000000000000000000100000000000000000000000000000000100000000000000000000000000100000000000000000000000001000010000000000000000000100000000000000000000000000000010000000000000000000000000010000000000000000000000000000000000000000000000000000000100010000000000000000000000000100010000000000000000000000000000100000000000000000001000000000000000000000000001000000000000000000000000000000100000100000000000000000000001000000000000000000000000000000000000000000000000000001000100000000000000000000000110000000000000000000000000010000000000000000,
;tableau 50 de l'image 4 à pour solution : 1 
0000010000000000000000000000000000000000000000000010000000000000000000000000011000000000000000000001010000000000000000000000000000000101000000000000000000000000000000000000000000000000000000000000000000000000000101000100000000000000000000000000000100000000000000000000000000010000000000000000000000100000000000000000000000000010000000000000000000000000000000000000000000000000000000000001000000000000000000000000000000000000000000000000000000000000000000000000000100100010000000000000000000000000000000000000000000000001010000000000000000000000000000001100000000000000000000010010000000000000000000000000100000100000000000000000000000000001000000000000000000000110000000000000000000000000010000010000000000000000001000100000000000000000000000101000001000000000000000000000000000000000000000,
;tableau 51 de l'image 4 à pour solution : 1 
0000010000000000000001000000000000000000000000000000000000000000000000001100000000000000000000000000000000000000000000000000000000000000000000000000000000000000001000000000000000000000000000000000000000000000000000000001000000000000000000000000011000000000000000000000000001000000000000000000000000000000000000000000000000000000000000000000000000000000000000000000000000000000000001000000000000000000000000000000000000000000000000000000001000000000000000000000000000000001000000000000000000010000000000000000000000000000000100010000000000000000001001000000000000000000000000000000000000000000000000000000000010000000000000000000000010100010000000000000000000000001000100000000000000000000000000000000000000000000000000001001000000000000000000010111100000000000000000000000000001010000000000,
;tableau 52 de l'image 4 à pour solution : 1 
0000010000000000000000000000000000000000000000000101000000000000000000010000010100000000000000000000000000100000000000000000000000000000000000000000000000000010000100000000000000000000100000100000000000000000000001000000000000000000000000000100000000000000000000000000000000000000000000000000000101100001000000000000000000000000000000000000000000000000000000000000000000000000000000000100000000000000000000000000010000000000000000000000000000000000000000000000000000100100000000000000000000000000000000000000000000000000010000000000000000000000000000100000000000000000000000000010000000000000000000000000110000000000000000000000000000000000000000000000000000000010110010000000000000000000000010001000000000000000000001110100000000000000000000000000011010000000000000000000000000000000000000,
;tableau 53 de l'image 4 à pour solution : 1 
0000010000000000100000100000000000000000000010000010000000000000000000000000000000000000000000000000100000000000000000000000000000000000000000000000000000001000001000000000000000000000000000000000000000000000000010000000000000000000000000000000011000000000000000000000000000000000000000000000000000000000000000000000000000000000000000000000000000000000000000010000000000000000000000000001000000000000000000000000101000000000000000000000001000000000000000000000000000000000000000000000000000000110000100000000000000000000000000000000000000000000000110010000000000000000000000000000000000000000000000000010000001000000000000000000000000001000000000000000000000000001000000000000000000000000000001000000000000000000000000001000000000000000000000000000000000000000000000000000000000000000000000,
;tableau 54 de l'image 4 à pour solution : 1 
0000010000000000000000000000000000000000000000000000000000000000000000000000000000000000000000000001010000000000000000000000000001000000000000000000000000000000000000000000000000000000000001000000000000000000000001000000000000000000000000000000000000000000000000000000010000000000000000000000000100000000000000000000000000000000001000000000000000000000000000000000000000000000000000000000000000000000000000000010000000000000000000000000000000000000000000000000000001000000000000000000000000000000000000000000000000000001001010000000000000000000000000000000000000000000000000000100000100000000000000000000000010001000000000000000000000010001000000000000000000000000110000000000000000000000000010000000000000000000000101010000100000000000000000010011010100000000000000000000000010100000000000,
;tableau 55 de l'image 4 à pour solution : 1 
0000010000000000000000000000000000000000000000000000000000000000000000000000000000000000000000000000000000000000000000000000000000000100000000000000000000000000000000000000000000000000010000000000000000000000000000000000000000000000000000000000000100000000000000000000000000000000000000000000000000000000000000000000000000000000000000000000000000000000000011000000000000000000000010100000000000000000000000000000000000000000000000000000000000000000000000000000000000000000000000000000000000000000000000000000000000000000000000000000000000000000000000000000100000000000000000001000000000000000000000000000000000000000000000000000000010100100000000000000000000001001001000000000000000000010010000010000000000000000000000100101000000000000000000000000100000000000000000000000000001000000000000,
;tableau 56 de l'image 4 à pour solution : 1 
0000010000000000000000000000000000000000000000000000000000000000000000000000010000000000000000000000000000000000000000000000000010000000000000000000000000001000000000000000000000000001100000000000000000000000000000000000000000000000000000000000010000000000000000000000000001010000000000000000000000000100000000000000000000000000100000000000000000000000000000000000000000000000000001000000000000000000000000000110000000000000000000000000000000001000000000000000000000100001000000000000000000000000000000000000000000000000001000000000000000000000000000100000000000000000000000000000000000000000000000000000100001010000000000000000000000000000100000000000000000000000000000000000000000000001000000000000000000000000000000000000000000000000000000000000000000000000000000000000001100010000000000,
;tableau 57 de l'image 4 à pour solution : 1 
0000010000000000000000000000000000000000000100000011000000000000000000000100000000000000000000000001000000000000000000000000000000000010000000000000000000000000000000000000000000000000000000100000000000000000000001000000000000000000000000000000000000000000000000000000100000000000000000000000000000000000000000000000000000000000010000000000000000000000000001000000000000000000000010000000000000000000000000001000000000000000000000000000010000000000000000000000000000000100000000000000000000000000000000000000000000000000100000000000000000000000000000000100000000000000000000000100000010000000000000000000000000000000000000000000000000010000000000000000000000000100011000000000000000000000000010000000000000000000000011010010000000000000000000001100001100000000000000000000010000000000000000,
;tableau 58 de l'image 4 à pour solution : 1 
0000010000000000000000000000000000000000000010000000000000000000000000000000010100000000000000000000100000000000000000000000000001000000000000000000000000000000000000000000000000000000001001010000000000000000000010000000000000000000000000000100000000000000000000000000000001000000000000000000000001000000000000000000000000000000100000000000000000000000000000000000000000000000000000000000000000000000000000000000010000000000000000000000000000000000000000000000000000000000000000000000000000000000000000000000000000000000000000000000000000000000000000000000000000000000000000000000000000000000000000000000000000000000000000000000000001101000000000000000000000000000000100000000000000000000000000000000000000000000000000000000000000000000000000000010000000000000000000000000000000010000000000,
;tableau 59 de l'image 4 à pour solution : 1 
0000010000000000000000000000000000000000000000000110000000000000000000000100000000000000000000000000000001000000000000000000000000000000000000000000000000000000000000000000000000000000010000000000000000000000000001000000000000000000000000010000000000000000000000000000000000000000000000000000000000100000000000000000000000000000000000000000000000000000000000000000000000000000000000000000000000000000000000000000000000000000000000000000000000000000000000000000000000100000000000000000000000000000000000000000000000000000000000000000000000000000000000000001000000000000000000000100101000000000000000000001000000000000000000000000000000000000000000000000000000000000001010000000000000000010001001000000000000000000000010100011100000000000000000000000100000000000000000000000000000000000000000,
;tableau 60 de l'image 4 à pour solution : 1 
0000010000000000000000100000000000000000000000000000000000000000000000000000000000000000000000000001100000000000000000000000000000000000000000000000000000001000000100000000000000000000100001100000000000000000000000000010000000000000000000000000001100000000000000000000000001000000000000000000000001000100000000000000000000001000001000000000000000000000000000000000000000000000000000000000000000000000000000000000000100000000000000000000000000000000000000000000000010000000000000000000000000000000100000000000000000000000010000000000000000000000000001100000000000000000000000000000000000000000000000000000001100000000000000000000000001000000000000000000000000010010000000000000000000000000000000001000000000000000000000010000000000000000000000000000000000000000000000000000000100000000000000,
;tableau 61 de l'image 4 à pour solution : 1 
0000010000000000000000000000000000000000000010000100000000000000000000000000000000000000000000000000000000000000000000000000000011000000000000000000000000000000001000000000000000000000000000000000000000000000000000000001000000000000000000000000000000000000000000000000000000010000000000000000000000100000000000000000000000000000000000000000000000000000010000000000000000000000000000000000000000000000000000000000000000000000000000000000100000000000000000000000000000000000000000000000000000000100010000000000000000000000000000000000000000000000000000000000000000000000000000000000000010000000000000000000000001000000000000000000000100000010000000000000000000000101000000000000000000000001010110000000000000000000000000000001000000000000000000000000101000000000000000000000100010000000000000,
;tableau 62 de l'image 4 à pour solution : 1 
0000010000000000000000000000000000000000000000000000000000000000000000000000001000000000000000000000000000000000000000000000000000000010000000000000000000000000000000000000000000000000000000000000000000000000000100000000000000000000000000001000000000000000000000000000000000000000000000000000000000000000000000000000000000000010100000000000000000000000001010000000000000000000000001100000000000000000000000000000100000000000000000000000001000000000000000000000000101000000100000000000000000000000100000000000000000000000011010000000000000000000000000001000000000000000000000000010000000000000000000000000001010000000000000000000000000100000100000000000000000001010100100000000000000000000000000101000000000000000000001001000000000000000000000100001000000000000000000000000000000000000000000,
;tableau 63 de l'image 4 à pour solution : 1 
0000010000000000000000000000000000000000000000000000000000000000000000000000000000000000000000000000000000000000000000000000000000000001000000000000000000000000000000000000000000000001000001000000000000000000000000000111000000000000000000000000000000000000000000000000000001100000000000000000000000000000000000000000000000000000000000000000000000000000010000000000000000000000000000001001000000000000000000000000000000000000000000000000010000000000000000000000000000000100000000000000000000000000000000000000000000000000100000010000000000000000000000100000000000000000000000001001000000000000000000000001000000001000000000000000000001010010000000000000000000000000000010000000000000000010010000000000000000000000000000000000100000000000000000000000101000000000000000000000000010100000000000,
;tableau 64 de l'image 4 à pour solution : 1 
0000010000000000100000000000000000000000000010000000000000000000000000000000000000000000000000000000000000000000000000000000000010000100000000000000000000010000000000000000000000000000011000010000000000000000000001000000000000000000000000001000011100000000000000000000000000000000000000000000000000000000000000000000000000000000100000000000000000000000000000000000000000000000000001000000000000000000000000000000000000000000000000000000000000000000000000000000000010000000000000000000000000000100011000000000000000000000000000000000000000000000000000000000000000000000000000000010000000000000000000000000000011000000000000000000001100000000000000000000000000000000001100000000000000000000000100101000000000000000000000000001000000000000000000000000000000000000000000000000000100000000000000,
;tableau 65 de l'image 4 à pour solution : 1 
0000010000000000000000000000000000000000000000000000000000000000000000000100000000000000000000000000010001100000000000000000000000000010000000000000000000001000000000000000000000000000000000000000000000000000000000000100000000000000000000000100000000000000000000000000000001110000000000000000000100000000000000000000000000000000000000000000000000000000010000000000000000000000000000000000000000000000000000001000110000000000000000000000010010000000000000000000000000000010000000000000000000000000000000000000000000000000000000000000000000000000000000000000000000000000000000000000000000000000000000000000000000000000000000000000000010010000000000000000000000001000010000000000000000000000001011000000000000000000000010000000100000000000000000000000001000000000000000000000000000010000000000,
;tableau 66 de l'image 4 à pour solution : 1 
0000010000000000000000000000000000000000000001000001000000000000000000000000000100000000000000000000000000000000000000000000000000000000000000000000000000000000001000000000000000000000000001000000000000000000000000000000000000000000000000000000001000000000000000000000000000000000000000000000000000000010000000000000000000000010011100000000000000000000000000000000000000000000000000000000000000000000000000000100000100000000000000000000000000100000000000000000000000100001000000000000000000000100000000000000000000000000001000100000000000000000000000000000000000000000000000000000000010000000000000000000000001000000000000000000000001100000100000000000000000000000000100000000000000000001000000000000000000000000000000000011000000000000000000000000100000000000000000000001001000000000000000,
;tableau 67 de l'image 4 à pour solution : 1 
0000010000000000110000000000000000000000000010000000000000000000000000000000010000000000000000000000010001000000000000000000000000000011000000000000000000000100000100000000000000000000111000000000000000000000000000000000000000000000000000000000000100000000000000000000000000000000000000000000000000001000000000000000000000000100000000000000000000000000000000010000000000000000000000000100000000000000000000000000000000000000000000000000000000000000000000000000000001001000000000000000000000000000100000000000000000000000100001000000000000000000000010110100000000000000000000001000000000000000000000000000100000001000000000000000000000010100000000000000000000010110001000000000000000000000000100000000000000000000000110000000000000000000000000000100001010000000000000000000000001010000000000,
;tableau 68 de l'image 4 à pour solution : 1 
0000010000000000000000000000000000000000000000000000000000000000000000000000001000000000000000000000000000100000000000000000000000000000000000000000000000001000000000000000000000000000000000010000000000000000000000000000000000000000000000000100000000000000000000000000000001000000000000000000000000000010000000000000000000001000000000000000000000000000001000000000000000000000000000000010000000000000000000000000100000000000000000000000000000110000000000000000000000100000000000000000000000000000010000000000000000000000000000000000000000000000000000000000000000000000000000000000000000000000000000000001000010000000000000000000000000000000000000000000000000000000000000000000000000000001000000000000000000000000000000001010000000000000000000001000100000000000000000000000000000000000000000,
;tableau 69 de l'image 4 à pour solution : 1 
0000010000000000000000100000000000000000000000000110000000000000000000000100000000000000000000000000000000000000000000000000000000000001000000000000000000000000000100000000000000000000000000100000000000000000000000000000000000000000000000000000000100000000000000000000010000000000000000000000000000000000000000000000000000000100000100000000000000000000000000000000000000000000000100000000000000000000000000000100000000000000000000000000001000000000000000000000000010000000000000000000000000000010000000000000000000000000000000110000000000000000000000100011000000000000000000000000100000000000000000000000100000000000000000000000000000000000000000000000000000000000011100000000000000000000000000001000000000000000000000000000000000000000000000110000000000000000000000000000100000000000000000,
;tableau 70 de l'image 4 à pour solution : 1 
0000010000000000000001000000000000000000000010000000000000000000000000000000001000000000000000000000010000000000000000000000000000000000000000000000000000000100001000000000000000000000000000000000000000000000000000000000000000000000000000010000000000000000000000000000000000010000000000000000000100000001000000000000000000000000000000000000000000000000001000000000000000000000000000000000000000000000000000000000000000000000000000000000000010000000000000000000000000001000000000000000000000000000000100000000000000000000000000001000000000000000000000010000000000000000000000000011000000000000000000000000010010000000000000000000000000101000000000000000000000000000000000000000000000000000000110000000000000000000000000101000000000000000000000001010000000000000000000000000010000000000000000,
;tableau 71 de l'image 4 à pour solution : 1 
0000010000000000000000000000000000000000000000000000000000000000000000010000000000000000000000000000000000100000000000000000000000000001000000000000000000000000010000000000000000000000110000000000000000000000000001000100000000000000000000000100001100000000000000000000010000000000000000000000000011000000000000000000000000000010000000000000000000000000000010000000000000000000000000000000000000000000000000010010100000000000000000000000000000000000000000000000000000100001000000000000000000000000000000000000000000000000100011100000000000000000000000000000000000000000000000000000000000000000000000000000000000000000000000000000000100000001000000000000000000000100100100000000000000000000010000000000000000000000000000000000000000000000000000100000010100000000000000000000000000000000000000,
;tableau 72 de l'image 4 à pour solution : 1 
0000010000000000000000000000000000000000000000000010000000000000000000000000001000000000000000000000000000000000000000000000000000000000000000000000000000000100000000000000000000000000000000100000000000000000000000000000000000000000000000000000000000000000000000000000000001000000000000000000000000000000000000000000000000000000000000000000000000000000100000000000000000000000000000101000000000000000000000000000000000000000000000000000000000000000000000000000000000001000000000000000000000100000010000000000000000000000000000000000000000000000000001000000000000000000000000010010000000000000000000000000010010000000000000000000000000000000000000000000000000001010000000000000000000000000100000010000000000000000000000000100000000000000000000000000000000000000000000000000000001000000000000,
;tableau 73 de l'image 4 à pour solution : 1 
0000010000000000000000000000000000000000000010000000000000000000000000000100000000000000000000000000000001100000000000000000000010000000000000000000000000000000000000000000000000000000100000010000000000000000000101000000000000000000000000000000000000000000000000000001110000100000000000000000000000000100000000000000000000000000000000000000000000000000000000000000000000000000000100000001000000000000000000000000000000000000000000000000000000000000000000000000000000000000000000000000000000000000000000000000000000000000000000000000000000000000000100000100000000000000000000000000000000000000000000000000000000001000000000000000000000110000000000000000000000000100000000000000000000000000000010100000000000000000000010010000000000000000000000011000000000000000000000000001001000000000000000,
;tableau 74 de l'image 4 à pour solution : 1 
0000010000000000000000000000000000000000000000000000000000000000000000000000000000000000000000000000000000000000000000000000000000000101000000000000000000000000000000000000000000000000000000000000000000000000000000000010000000000000000000010000000000000000000000000000000000000000000000000000000000000000000000000000000000000000100000000000000000000000001000000000000000000000000000000100000000000000000000000000000000000000000000000000000000000000000000000000000001100000000000000000000000000000000000000000000000000000011000000000000000000000000000000000000000000000000000001000000100000000000000000000000010000000000000000000000000001001000000000000000000000000010000000000000000000000000000010000000000000000000001000001000000000000000000000101001100000000000000000000000000010000000000,
;tableau 75 de l'image 4 à pour solution : 1 
0000010000000000010000000000000000000000000000000000000000000000000000000100001000000000000000000000010000100000000000000000000000000000000000000000000000001000000100000000000000000000000001000000000000000000000000000100000000000000000000000000000000000000000000000000100000000000000000000000000000000101000000000000000000010100000000000000000000000000000001000000000000000000000000000010000000000000000000000000000000000000000000000000000001000000000000000000000100000000000000000000000000000000000000000000000000000000000000000000000000000000000000000000000000000000000000000001000000000000000000000000000100000000000000000000000000100000000000000000000000011000101100000000000000000000000000000000000000000000001000001000000000000000000000000010100000000000000000000000010000000000000000,
;tableau 76 de l'image 4 à pour solution : 1 
0000010000000000000000100000000000000000000011000000000000000000000000000000000100000000000000000000000000000000000000000000000010000000000000000000000000000000000000000000000000000000000000010000000000000000000110000000000000000000000000000000001100000000000000000000000001000000000000000000000000000000000000000000000000000010000100000000000000000000000000000000000000000000000000100000000000000000000000000000000000000000000000000000000000000000000000000000000001000000000000000000000000000000010000000000000000000000010000000000000000000000000001000000000000000000000000000000000000000000000000000000000000000000000000000000000000000000000000000000000000000000000010000000000000000000010000100000000000000000000000010010000000000000000000000000010000000000000000000000000000000000000000,
;tableau 77 de l'image 4 à pour solution : 1 
0000010000000000000000000000000000000000000000000000000000000000000000000000000000000000000000000000110000100000000000000000000000000000000000000000000000000100000000000000000000000000000000000000000000000000000000000000000000000000000000000000000000000000000000000000000000010000000000000000000000000000000000000000000000000000000000000000000000000000010000000000000000000000000000000100000000000000000000000000100000000000000000000000000000001000000000000000000000001000000000000000000000000000000000000000000000000001000010000000000000000000000000000000000000000000000000000011000110000000000000000000000000100000000000000000000010000000000000000000000000000000010000000000000000000000000000000000000000000000000010100000000000000000000000000000001000000000000000000000000100000000000000,
;tableau 78 de l'image 4 à pour solution : 1 
0000010000000000000000000000000000000000000100000000000000000000000000000000010000000000000000000000000000000000000000000000000000000000000000000000000000001000000000000000000000000000100000000000000000000000000100000000000000000000000000000000010000000000000000000000000001000000000000000000000000000000000000000000000000000000010000000000000000000000000000000000000000000000000010000000000000000000000000000000000100000000000000000000000000000000000000000000000000100100000000000000000000000000000100000000000000000000100001000000000000000000000000010001000000000000000000010000000000000000000000000000000001000000000000000000000000000000000000000000000000000100000100000000000000000000000000000000000000000000000001010000100000000000000000100000000000000000000000000000010000000000000000,
;tableau 79 de l'image 4 à pour solution : 1 
0000010000000000000000000000000000000000000001000000000000000000000000000000000000000000000000000000000000000000000000000000000000000000000000000000000000010000001000000000000000000001000000000000000000000000000000000000000000000000000000000000000000000000000000000000000000100000000000000000000001100000000000000000000000001000000000000000000000000000000000000000000000000000000000000000000000000000000000000000000000000000000000000000000000000000000000000000000010000000000000000000000000000110000000000000000000000000000000010000000000000000000000100000000000000000000000000000000000000000000000000000000000000000000000000000000010100000000000000000000000001000000000000000000000000000100000000000000000000000000000001011000000000000000000001100000000000000000000000000000000000000000000,
;tableau 80 de l'image 4 à pour solution : 1 
0000010000000000000000100000000000000000000000000110000000000000000000000100000000000000000000000000100000000000000000000000000010000001000000000000000000001000000000000000000000000000000000000000000000000000000100000110000000000000000000000000001100000000000000000000000001000000000000000000000000000101000000000000000000000000001000000000000000000000000000000000000000000000000001000000000000000000000000000000000000000000000000000000010000000000000000000000000001000001000000000000000000000000000000000000000000000000000000000000000000000000000000010010000000000000000000000000000000000000000000000000000010001000000000000000000000010000000000000000000000000110100000000000000000000000000010101000000000000000000000000000000000000000000000000000000000000000000000000000000000000000000000,
;tableau 81 de l'image 4 à pour solution : 1 
0000010000000000000000000000000000000000000010000000000000000000000000000000000100000000000000000000010000010000000000000000000000000110000000000000000000000100011000000000000000000000000000000000000000000000000000000000000000000000000000000000000000000000000000000000010000000000000000000000000010000000000000000000000000001000000000000000000000000000000000010000000000000000000000001000000000000000000000010000000000000000000000000000000000000000000000000000000000000000000000000000000000000000001000000000000000000000000000000000000000000000000100100000000000000000000000000110000110000000000000000000000001000000000000000000000000001001000000000000000000000000001000000000000000000000100000010000000000000000000001000000000000000000000000001000110000000000000000000000000000100000000000,
;tableau 82 de l'image 4 à pour solution : 1 
0000010000000000000000010000000000000000000000000100000000000000000000000000011000000000000000000000000000100000000000000000000001000001000000000000000000000000000000000000000000000000000000110000000000000000000000000100000000000000000000010100010000000000000000000000001000100000000000000000000000000000000000000000000000010010111000000000000000000000000000000000000000000000000000000010000000000000000000000100000000000000000000000000000000000000000000000000000000000010000000000000000000000000000000000000000000000000000000000000000000000000000000000000000000000000000000001000010000000000000000000000000000000000000000000000000000000000000000000000000000001000000000000000000000000000000000000000000000000000000000000100000000000000000000100000000000000000000000000000100000010000000000,
;tableau 83 de l'image 4 à pour solution : 1 
0000010000000000000000000000000000000000000001000000000000000000000000000100000000000000000000000000001000000000000000000000000000000000000000000000000000001000011000000000000000000000000000000000000000000000000000000000000000000000000000000000000000000000000000000000010001010000000000000000000000000000000000000000000000000000000000000000000000000000000010000000000000000000000000000000000000000000000000000000000000000000000000000000000000000000000000000000000000000000000000000000000000000000000000000000000000000000000000001000000000000000000000000000000000000000000000000000100000000000000000000000000000100000000000000000000000000000000000000000000000000100110000000000000000000000000010100000000000000000000011100001000000000000000000000000000000000000000000000000000101000000000000,
;tableau 84 de l'image 4 à pour solution : 1 
0000010000000000000000000000000000000000000100000100000000000000000000000000000000000000000000000000010001100000000000000000000001000110000000000000000000000000000000000000000000000000101000000000000000000000000000000000000000000000000000000000000000000000000000000000000000000000000000000000000000000010000000000000000000000010000000000000000000000000010000010000000000000000000000000000000000000000000000000000000000000000000000000000000000000000000000000000000000000100000000000000000000000010011010000000000000000000100011000000000000000000000000000000000000000000000000000001001000000000000000000000000000000000000000000000000100000000100000000000000000000000001100000000000000000000111001000000000000000000000100000000000000000000000000001000001000000000000000000000000000000000000000,
;tableau 85 de l'image 4 à pour solution : 1 
0000010000000000000000100000000000000000000000000000000000000000000000000000001000000000000000000001000000000000000000000000000000000001000000000000000000011000010000000000000000000000010000100000000000000000000000000000000000000000000000000010000000000000000000000000000000000000000000000000000000100101000000000000000000000000000000000000000000000000000000000000000000000000000000000000000000000000000000001000000000000000000000000000011010010000000000000000000000000000000000000000000000000100000000000000000000000000000000000000000000000000001000000000000000000000000000000000000010000000000000000000000000000000000000000000000000100010000000000000000000000001000000000000000000000000000000000000000000000000000000000000100000000000000000000100100100000000000000000000000000000000000000,
;tableau 86 de l'image 4 à pour solution : 1 
0000010000000000000000000000000000000000000000000001000000000000000000001000010000000000000000000000000000000000000000000000000010000010000000000000000000000100000000000000000000000001100000000000000000000000000011000000000000000000000000011100000100000000000000000000000000100000000000000000000000000000000000000000000000000000000000000000000000000000000011000000000000000000000001100000000000000000000000000000000000000000000000000000000000000000000000000000000000000000000000000000000000000010000010000000000000000000000000000000000000000000000000001000000000000000000000001000000000000000000000000000000100000000000000000000000010001000000000000000000000000000000000000000000000000001000000000000000000000000000001000000000000000000000000001000010000000000000000000000000000000000000000,
;tableau 87 de l'image 4 à pour solution : 1 
0000010000000000100000000000000000000000000011000010000000000000000000000000000000000000000000000000010000100000000000000000000000000000000000000000000000000000000000000000000000000000000000010000000000000000000000000011000000000000000000000000001000000000000000000001010001000000000000000000000000000000000000000000000000000000000000000000000000000000001000100000000000000000000000001100000000000000000000000000000000000000000000000000010000000000000000000000000000000000000000000000000000001000000100000000000000000001001000000000000000000000000000000000000000000000000000000000000010000000000000000000000001000000000000000000000000000000100000000000000000000110010000000000000000000000100000100000000000000000000100100000000000000000000000100001001000000000000000000000000000100000000000,
;tableau 88 de l'image 4 à pour solution : 1 
0000010000000000000000000000000000000000000000000000000000000000000000010000001000000000000000000000000000000000000000000000000100000001000000000000000000000000010100000000000000000000101000000000000000000000000000000000000000000000000000001000000000000000000000000000000000100000000000000000000000000001000000000000000000000010000000000000000000000000000000000000000000000000000000000000000000000000000000000000000000000000000000000000000000010000000000000000000000000000000000000000000000000000100000000000000000000000000000100000000000000000000000000010100000000000000000000000000000000000000000000000000100000000000000000000000001100000000000000000000000000000000100000000000000000000000100001000000000000000000010011111000000000000000000000000010000000000000000000000000000000000000000,
;tableau 89 de l'image 4 à pour solution : 1 
0000010000000000000000000000000000000000000000000010000000000000000000000000000000000000000000000000000000100000000000000000000000000000000000000000000000000000000000000000000000000000000000000000000000000000000000000001000000000000000000010000000000000000000000000000000000000000000000000000000000000000000000000000000000000000000000000000000000000000011000000000000000000000000000000100000000000000000000000000000000000000000000000000000000000000000000000000000000100000000000000000000000000100000010000000000000000000000000000000000000000000000000000000000000000000000000000000000000000000000000000001000000100000000000000000000000000000000000000000000000000001000000000000000000000000001000000000000000000000001000000000000000000000000000001001000000000000000000000000000000100000000000,
;tableau 90 de l'image 4 à pour solution : 1 
0000010000000000100000000000000000000000000000000001000000000000000000001000001000000000000000000000100000010000000000000000000000000010000000000000000000000000010100000000000000000001110000000000000000000000000000000000000000000000000000000000000000000000000000000000000000000000000000000000000000000000000000000000000000000010000000000000000000000001000010000000000000000000000000000001000000000000000000000000000000000000000000000001000000000000000000000000000001001000000000000000000000000000001000000000000000000000000010000000000000000000000000001000000000000000000000000001010100000000000000000000001010000000000000000000000100000000000000000000000000000000010000000000000000000000000000001000000000000000000010000100100000000000000000000000010000000000000000000000000010000000000000,
;tableau 91 de l'image 4 à pour solution : 1 
0000010000000000000000000000000000000000000010000000000000000000000000000000000000000000000000000000010000000000000000000000000000000100000000000000000000000000000000000000000000000000000000100000000000000000000001000010000000000000000000010000000000000000000000000000000000100000000000000000000001000001000000000000000000000000000000000000000000000000010000100000000000000000000000000000000000000000000000010000000100000000000000000000100000000000000000000000000000000000000000000000000000000000000000000000000000000000000000010000000000000000000001000010000000000000000000001100000000000000000000000000010100000000000000000000000000100000000000000000000000000001000000000000000000000001000000000000000000000000000001100010000000000000000000000001000100000000000000000000000000000000000000,
;tableau 92 de l'image 4 à pour solution : 1 
0000010000000000000000000000000000000000000000000000000000000000000000001000000000000000000000000000000000000000000000000000000100000010000000000000000000000000000000000000000000000000000000000000000000000000000000000100000000000000000000000100010000000000000000000000000000000000000000000000000000100000000000000000000000000000000000000000000000000001000001000000000000000000000000000000000000000000000000001010000000000000000000000000000000000000000000000000000000100000000000000000000000000000100000000000000000000000010000000000000000000000000000000000100000000000000000000000000000000000000000000000001000000000000000000000000000001000000000000000000000000000000010000000000000000000000000000000000000000000001010000100000000000000000000000000001000000000000000000000000100000000000000,
;tableau 93 de l'image 4 à pour solution : 1 
0000010000000000000000000000000000000000000110000010000000000000000000000000000000000000000000000000110000010000000000000000000000000000000000000000000000000100000000000000000000000001000000100000000000000000000000000010000000000000000000000000001000000000000000000000010000000000000000000000000000000010000000000000000000000000000000000000000000000000010000000000000000000000000000100000000000000000000000000000010000000000000000000000000000000000000000000000000000000010000000000000000000000010000010000000000000000000001000000000000000000000000010010000000000000000000000000110000000000000000000000000000010000000000000000000000010000000000000000000000000010100001000000000000000000000100000110000000000000000000000000000000000000000000000000010000000000000000000000000101000000000000000,
;tableau 94 de l'image 4 à pour solution : 1 
0000010000000000000000000000000000000000000000000000000000000000000000000000000000000000000000000000000000000000000000000000000001000000000000000000000000010000000000000000000000000000000000010000000000000000000001000000000000000000000000000000000000000000000000000000000000000000000000000000000000000001000000000000000000000000110000000000000000000000001010000000000000000000000000001000000000000000000000000000100100000000000000000000001000000000000000000000000000100000000000000000000000000000000000000000000000000000000100100000000000000000000000000000000000000000000000000000000000000000000000000000000101100000000000000000000001111100100000000000000000001010110000000000000000000000010001001000000000000000000100000010000000000000000000000000101000000000000000000001000010000000000000,
;tableau 95 de l'image 4 à pour solution : 1 
0000010000000000010000100000000000000000000001000110000000000000000000000000001000000000000000000000100000000000000000000000000010000111000000000000000000000000010000000000000000000000000001000000000000000000000000000000000000000000000000000010001000000000000000000000010000000000000000000000000000000000000000000000000000000100000000000000000000000000000000000000000000000000000000000001000000000000000000000100000000000000000000000000100010000000000000000000000100000000000000000000000000000000100000000000000000000000010000011000000000000000000000010000000000000000000000000000000000000000000000000000101010000000000000000000000000000000000000000000000000000100000000000000000000000000000000000000000000000000000010110000000000000000000000001000010000000000000000000000000000000000000000,
;tableau 96 de l'image 4 à pour solution : 1 
0000010000000000000000000000000000000000000010000000000000000000000000000100000100000000000000000000010001000000000000000000000000000000000000000000000000001000001000000000000000000000010000000000000000000000000000000000000000000000000000000100000000000000000000000000000000000000000000000000000000100000000000000000000000000000000000000000000000000000010000000000000000000000000000000000000000000000000000001010000000000000000000000000000000000000000000000000000001000000000000000000000000001000000100000000000000000001000000000000000000000000000000000000000000000000000000000000000000000000000000000000000001000000000000000000000000000000000000000000000000000010000000000000000000000000000001010000000000000000001000001100000000000000000000000001000000000000000000000000000000010000000000,
;tableau 97 de l'image 4 à pour solution : 1 
0000010000000000000000000000000000000000000001000100000000000000000000000000000000000000000000000000000000010000000000000000000000000000000000000000000000000000000000000000000000000001000000100000000000000000000101000010000000000000000000010000000000000000000000000001010001100000000000000000000001000001000000000000000000000000000000000000000000000000000000100000000000000000000000000000000000000000000000000000010000000000000000000000000000000000000000000000000000000000100000000000000000000100000000000000000000000000000000000000000000000000000000010000000000000000000000001000100000000000000000000000000000001000000000000000000010000100000000000000000000000000000000000000000000000000000000000000000000000000000001100000000000000000000000001000000000000000000000000000001000000000000000,
;tableau 98 de l'image 4 à pour solution : 1 
0000010000000000100000000000000000000000000000000000000000000000000000000000000000000000000000000000100000000000000000000000000000000000000000000000000000000100001000000000000000000000100000000000000000000000000000000000000000000000000000000000000000000000000000000000000000000000000000000000000000000000000000000000000000000000000000000000000000000000001000000000000000000000000000000000000000000000000000000010100000000000000000000000000000000000000000000000000000100000000000000000000000000000000000000000000000000000000000000000000000000000000000000000000000000000000000000010000000000000000000000000010000010000000000000000000001000000100000000000000000001000100000000000000000000000010000000000000000000000001000001000000000000000000000000001000000000000000000000000000000000000000000,
;tableau 99 de l'image 4 à pour solution : 1 
0000010000000000000000100000000000000000000000000100000000000000000000000100000000000000000000000000000000010000000000000000000000100000000000000000000000010000000000000000000000000000000000100000000000000000000001000100000000000000000000000000011000000000000000000000010000100000000000000000000000000000000000000000000000000100000000000000000000000000000000000000000000000000000000000010000000000000000000000000000000000000000000000000001000000000000000000000000000000000100000000000000000000000100000000000000000000000000000000000000000000000000000000000100000000000000000010000000000000000000000000000000000000000000000000000000100000100000000000000000000000001000000000000000000000000000000000000000000000000000100100000000000000000000000000010000110000000000000000000010000000000000000,
;tableau 100 de l'image 4 à pour solution : 1 
0000010000000000000000010000000000000000000001000000000000000000000000000000000100000000000000000000100000000000000000000000000000000000000000000000000000000000011000000000000000000000100001000000000000000000000000000000000000000000000000000110000000000000000000000000000000000000000000000000000000001001000000000000000000000000000000000000000000000000000000000000000000000000000000100000000000000000000000000000000000000000000000000000000000010000000000000000000000000000000000000000000000000000000000000000000000000000011000000000000000000000001100000010000000000000000000000010000000000000000000000000001100001000000000000000000000000010000000000000000000001000001000000000000000000001000000000000000000000000000000000100000000000000000000000000000000000000000000000000000000000000000000,
;tableau 101 de l'image 4 à pour solution : 1 
0000010000000000000000000000000000000000000000000010000000000000000000000000000000000000000000000000000000000000000000000000000001000000000000000000000000000000000000000000000000000000000000000000000000000000000000000000000000000000000000000000000000000000000000000001000001000000000000000000000000000000000000000000000000000000000000000000000000000000000000000000000000000000000000000000000000000000000000000000000000000000000000000000100000000000000000000000000000000000000000000000000000000010010000000000000000000000000001100000000000000000000000000000000000000000000000000000000000000000000000000000000001000000000000000000000000000100000000000000000000000100000000000000000000000000000100010000000000000000000010000000000000000000000000001010100000000000000000000000000000000000000000,
;tableau 102 de l'image 4 à pour solution : 1 
0000010000000000000000000000000000000000000000000000000000000000000000000000000000000000000000000000000000000000000000000000000000000010000000000000000000000000000000000000000000000000000001100000000000000000000000000010000000000000000000001000000000000000000000000000000000000000000000000000000100000010000000000000000000000000100100000000000000000000000000000000000000000000000000100000000000000000000000000000100000000000000000000000000000000000000000000000000000001000000000000000000000000100000100000000000000000001100000010000000000000000000000010000000000000000000000000000000000000000000000000000000010000000000000000000000100000000000000000000000000010001000100000000000000000000100001100000000000000000000000010001000000000000000000000000001000000000000000000000000010000000000000,
;tableau 103 de l'image 4 à pour solution : 1 
0000010000000000000000000000000000000000000000000000000000000000000000000000000000000000000000000000010000000000000000000000000011000000000000000000000000000000000100000000000000000000001000000000000000000000000001000000000000000000000000000000000100000000000000000000010000010000000000000000000010000000000000000000000000001000000000000000000000000000001000010000000000000000000000000000000000000000000000000000000000000000000000000000010000000000000000000000000010100001000000000000000000000000000000000000000000000000000000000000000000000000000000000000100000000000000000000000000000000000000000000000010000000000000000000000000010110000000000000000000000000000010000000000000000000000000010000000000000000000001000001010000000000000000000100000100000000000000000000000000000000000000000,
;tableau 104 de l'image 4 à pour solution : 1 
0000010000000000100000000000000000000000000000000010000000000000000000000000000000000000000000000000000000000000000000000000000000000101000000000000000000000100000000000000000000000000000001000000000000000000000000000101000000000000000000000000001000000000000000000000000000000000000000000000000000000000000000000000000000000000000100000000000000000000000000000000000000000000000000001000000000000000000000000000001000000000000000000000000000000000000000000000000001001000100000000000000000000000000000000000000000000000010000010000000000000000000000000000000000000000000000000000000000000000000000000000000010000000000000000000000000000001000000000000000000000000100000000000000000000000000100000000000000000000000000000000000000000000000000000000011000000000000000000000000100000000000000,
;tableau 105 de l'image 4 à pour solution : 1 
0000010000000000000000000000000000000000000000000000000000000000000000000000001000000000000000000000010000100000000000000000000000000000000000000000000000000000000100000000000000000001110000000000000000000000000000000000000000000000000000000000010000000000000000000000000001000000000000000000000000000001000000000000000000000000100000000000000000000000100000000000000000000000000000000000000000000000000000000000100000000000000000000000001010010000000000000000000000000000000000000000000000000010000000000000000000000001001000100000000000000000000100001000100000000000000000000010000010000000000000000000000000000000000000000000000000100000000000000000000000000001000000000000000000000000000000000000000000000000000101100100000000000000000000000000000010000000000000000000000000000000000000,
;tableau 106 de l'image 4 à pour solution : 1 
0000010000000000000000000000000000000000000000000010000000000000000000000000000000000000000000000000000000000000000000000000000001000001000000000000000000000010000000000000000000000000000001000000000000000000000001000000000000000000000000000100000000000000000000000000000000010000000000000000000001000000000000000000000000000100000000000000000000000000000000000000000000000000000000000001000000000000000000000000000000000000000000000001010000000000000000000000000000000000100000000000000000000000010000000000000000000000010000001000000000000000000000000001000000000000000000000100010000000000000000000010000000000000000000000000000000000010000000000000000000000100100100000000000000000000011000001000000000000000000000010010000000000000000000000100111000000000000000000000000010110000000000,
;tableau 107 de l'image 4 à pour solution : 1 
0000010000000000100000000000000000000000000000000000000000000000000000000000000000000000000000000000000000000000000000000000000010000100000000000000000000001000000100000000000000000000000000000000000000000000000000000010000000000000000000000000000000000000000000000000000000100000000000000000000000100000000000000000000000000000000100000000000000000000010000010000000000000000000000000000000000000000000000010000000000000000000000000000000000000000000000000000000000000100000000000000000000000100000010000000000000000000000000000000000000000000000000100000000000000000000000010011100000000000000000000000000001000000000000000000000100000000000000000000000000000001000000000000000000000000000000000000000000000000000000000001000000000000000000000010000000000000000000000000000101000000000000,
;tableau 108 de l'image 4 à pour solution : 1 
0000010000000000000000000000000000000000000000000000000000000000000000000000000000000000000000000000010000000000000000000000000001000000000000000000000000000000000000000000000000000000100000000000000000000000000000000000000000000000000000000000010100000000000000000000000000000000000000000000000000000010000000000000000000000100101000000000000000000000000000000000000000000000000000000000000000000000000000000010010000000000000000000000000000001000000000000000000001000010000000000000000000001010000000000000000000000000000000000000000000000000000000000100000000000000000000001000000000000000000000000000000000000000000000000000000000000000000000000000000000001100010110000000000000000000001000000000000000000000000001100000000000000000000000000100000000000000000000000000000000000000000000,
;tableau 109 de l'image 4 à pour solution : 1 
0000010000000000000000000000000000000000000100000010000000000000000000000000000000000000000000000001000000010000000000000000000000000011000000000000000000000000000000000000000000000000000000000000000000000000000011000111000000000000000000011000001000000000000000000000000001000000000000000000000000000100000000000000000000001000000000000000000000000000000010000000000000000000000001100000000000000000000000010000000100000000000000000000000001000000000000000000000000000000000000000000000000000000000000000000000000000000000100000000000000000000000000100000000000000000000000000100000000000000000000000001010010000000000000000000000001000001000000000000000000000000000000000000000000000000000010100000000000000000000000000000100000000000000000000000000000000000000000000000100000000000000000,
;tableau 110 de l'image 4 à pour solution : 1 
0000010000000000100001000000000000000000000010000000000000000000000000001000000000000000000000000000010000100000000000000000000000000000000000000000000000001000000000000000000000000000000000000000000000000000000000000000000000000000000000000100000000000000000000000000100000000000000000000000000000000000000000000000000000000000010000000000000000000000000000000000000000000000000000000000000000000000000000000000000000000000000000000000000000000000000000000000000000000000000000000000000000001100000000000000000000000000001000000000000000000000000000000000000000000000000000000000000000000000000000000000000000000000000000000000000100011010000000000000000000010000010000000000000000000000000100010000000000000000000001000000000000000000000000000100000100000000000000000000000000000000000000,
;tableau 111 de l'image 4 à pour solution : 1 
0000010000000000000000100000000000000000000000000100000000000000000000000100001000000000000000000001000000000000000000000000000001000000000000000000000000000000000100000000000000000000110000000000000000000000000000000000000000000000000000001000000000000000000000000000000000010000000000000000000000000000000000000000000000000000000000000000000000000000000000000000000000000000000000000000000000000000000000000010000000000000000000000000001010000000000000000000000001000100000000000000000000000000001000000000000000000000000000001000000000000000000001000000000000000000000000000000100000000000000000000001000110000000000000000000000011100000000000000000000000000000001110000000000000000000000000000000000000000000000000000000100000000000000000010000000000000000000000000000000000000000000000,
;tableau 112 de l'image 4 à pour solution : 1 
0000010000000000000000000000000000000000000010000000000000000000000000001000000000000000000000000000010000000000000000000000000010000001000000000000000000010000010000000000000000000000000000000000000000000000000001000000000000000000000000000100000000000000000000000000010000000000000000000000000000000000000000000000000000000100010000000000000000000000000010000000000000000000000001000000000000000000000000000000100000000000000000000000000000000000000000000000000000000000000000000000000000000000000000000000000000000000000010010000000000000000000000011000000000000000000000000000000000000000000000000000010000000000000000000000000000000000000000000000000000001000010000000000000000000001010110000000000000000000001011000100000000000000000000000000010100000000000000000000000000000000000000,
;tableau 113 de l'image 4 à pour solution : 1 
0000010000000000000000000000000000000000000000000000000000000000000000000100000000000000000000000001000000100000000000000000000000000000000000000000000000001000000000000000000000000000001000000000000000000000000000000010000000000000000000000000010000000000000000000001100001100000000000000000000000000000000000000000000000000000000000000000000000000000010000000000000000000000000000000000000000000000000000000000000000000000000000000000010000001000000000000000000000000001000000000000000000000110010000000000000000000000001000000000000000000000000000100000000000000000000000000000100000000000000000000000000000000000000000000000000000000000000000000000000000000000000000000000000000000000000000000000000000000000000000000001000000000000000000000000000000000000000000000000100000000000000000,
;tableau 114 de l'image 4 à pour solution : 1 
0000010000000000000000000000000000000000000000000000000000000000000000000000000100000000000000000000000000000000000000000000000000000010000000000000000000000000000000000000000000000000110000100000000000000000000111000100000000000000000000010000000000000000000000000000010000010000000000000000000000000000000000000000000000000000100000000000000000000000000000000000000000000000000000000000000000000000000000000000001100000000000000000000000000010000000000000000000001000000100000000000000000000000000010000000000000000000000000001000000000000000000000000000000000000000000000001000001000000000000000000000100010001000000000000000000010001011000000000000000000000000000000000000000000000000011000110000000000000000000000000000000000000000000000001000100000000000000000000000000000000000000000,
;tableau 115 de l'image 4 à pour solution : 1 
0000010000000000000000100000000000000000000000000110000000000000000000000100010000000000000000000000000000010000000000000000000010000100000000000000000000001010000100000000000000000000000001000000000000000000000000000010000000000000000000000100001100000000000000000000000000000000000000000000000001000000000000000000000000000000000000000000000000000000010000000000000000000000000000000000000000000000000000000000000000000000000000000000000000000000000000000000000000000100000000000000000000000000000000000000000000000000010011110000000000000000000001000000000000000000000000010001000000000000000000000000000000000000000000000000000000000000000000000000000000000000000000000000000000000000100010000000000000000000000000010001000000000000000000010000000000000000000000000000000010010000000000,
;tableau 116 de l'image 4 à pour solution : 1 
0000010000000000000001000000000000000000000000000000000000000000000000011000001000000000000000000000000000000000000000000000000000000000000000000000000000000000001000000000000000000000010000010000000000000000000000000101000000000000000000000000000000000000000000000000000000010000000000000000000000001000000000000000000000000000000000000000000000000000000000000000000000000000000000000010000000000000000000000000100000000000000000000000001000000000000000000000000000000000000000000000000000010000000000000000000000000000000000000000000000000000000100000000000000000000000000000000011000000000000000000000000000000000000000000000000000000001000000000000000000000001001000000000000000000000001100000000000000000000000001100000000000000000000000000000010000000000000000000000000000000000000000,
;tableau 117 de l'image 4 à pour solution : 1 
0000010000000000000000000000000000000000000000000000000000000000000000000000000000000000000000000000100001000000000000000000000000000101000000000000000000000000000000000000000000000001000001000000000000000000000000100000000000000000000000000000000000000000000000000000000000100000000000000000000001000000000000000000000000000010010000000000000000000000001000000000000000000000000000100000000000000000000000000010000000000000000000000000000000000000000000000000000000100000000000000000000000000000000000000000000000000000001001000000000000000000000000000000000000000000000000000011000000000000000000000001000000000000000000000000000010000000000000000000000000011000000000000000000000000000000000000000000000000000001010001000000000000000000000000101000000000000000000000000000000000000000000,
;tableau 118 de l'image 4 à pour solution : 1 
0000010000000000000000100000000000000000000100000000000000000000000000000000000000000000000000000000000000000000000000000000000000000000000000000000000000001100000000000000000000000000100000000000000000000000000000000010000000000000000000000000000000000000000000000001000000000000000000000000000000000001000000000000000000000000000000000000000000000000000000000000000000000000000000000100000000000000000000000000000000000000000000000000001000000000000000000000000000001000000000000000000000000000000100000000000000000001000000000000000000000000000001100100000000000000000000000000000000000000000000000000000000000000000000000000000000001100000000000000000000000000000100000000000000000010001010001000000000000000000001000100000000000000000000000010010000000000000000000000000010000000000000,
;tableau 119 de l'image 4 à pour solution : 1 
0000010000000000100000000000000000000000000000000110000000000000000000000000000000000000000000000000110000010000000000000000000001000011000000000000000000000000000100000000000000000000000000000000000000000000000000000001000000000000000000001000010000000000000000000000010000010000000000000000000000100000000000000000000000000000000000000000000000000000000000000000000000000000000000001000000000000000000000000010101000000000000000000000010000010000000000000000000000000000000000000000000000000000010000000000000000000000010000011000000000000000000100000001000000000000000000000000000000000000000000000000000001000000000000000000000000100000100000000000000000001000001000000000000000000001000001000000000000000000000100100010000000000000000000001000000100000000000000000000000000000000000000,
;tableau 120 de l'image 4 à pour solution : 1 
0000010000000000000000000000000000000000000000000001000000000000000000001000000000000000000000000000000001100000000000000000000100000000000000000000000000000010000000000000000000000000000000000000000000000000000000000010000000000000000000000010000000000000000000000001100000000000000000000000000000000000000000000000000000000100000000000000000000000000000000000000000000000000000000000000000000000000000000000000000000000000000000000000000010000000000000000000000000000000100000000000000000000000001100000000000000000000000010000000000000000000000010000000000000000000000000000000000000000000000000000000110000000000000000000000000001000000000000000000000000010001000010000000000000000000110010001000000000000000000000010001000000000000000000100000000000000000000000000000100010000000000000,
;tableau 121 de l'image 4 à pour solution : 1 
0000010000000000000000000000000000000000000000000000000000000000000000000000010000000000000000000000100000000000000000000000000001000000000000000000000000000000001000000000000000000000100000010000000000000000000000000000000000000000000000000000010000000000000000000000010000100000000000000000000000000000000000000000000000000000000100000000000000000000001010000000000000000000000000000010000000000000000000000000100000000000000000000000000000000000000000000000000000100000000000000000000000000000100000000000000000000000000000010000000000000000000000000001000000000000000000000000000000000000000000000000000010000000000000000000000000010000000000000000000000000000000000000000000000000000000000000000000000000000000001000000000000000000000000000100001000000000000000000000011000000000000000,
;tableau 122 de l'image 4 à pour solution : 1 
0000010000000000000000100000000000000000000000000010000000000000000000000000000000000000000000000000010000000000000000000000000000000000000000000000000000001000000000000000000000000000000001000000000000000000000010000000000000000000000000010000000000000000000000000000100000000000000000000000000001000000000000000000000000000000000000000000000000000000000000000000000000000000000000000000000000000000000000000000010000000000000000000000000000010000000000000000000001001000100000000000000000000000000010000000000000000000100000000000000000000000000001000000000000000000000000010000000000000000000000000000101000101000000000000000000000001010000000000000000000000010010000000000000000000000000010000000000000000000000000000000000000000000000000010010000010000000000000000000000000000000000000,
;tableau 123 de l'image 4 à pour solution : 1 
0000010000000000100000000000000000000000000001000000000000000000000000000000001000000000000000000000100000000000000000000000000001000000000000000000000000000000000000000000000000000000000000100000000000000000000100000001000000000000000000000000000000000000000000000000010001110000000000000000000000000100000000000000000000000000100000000000000000000000000000000000000000000000000000000000000000000000000000001000000000000000000000000000000000000000000000000000000000000010000000000000000000000000000000000000000000000000001011001000000000000000000000010000000000000000000000000001000000000000000000000000010000000000000000000000000001100000000000000000000000000000100000000000000000000000001001100000000000000000000100001000000000000000000000000000100000000000000000000000000000000000000000,
;tableau 124 de l'image 4 à pour solution : 1 
0000010000000000000000000000000000000000000000000000000000000000000000000100000000000000000000000000000000100000000000000000000110000011000000000000000000000000000000000000000000000000000000000000000000000000000001000010000000000000000000000000001100000000000000000000000000000000000000000000000001000000000000000000000000000000000000000000000000000000001001110000000000000000000001000000000000000000000000000010000100000000000000000000000001000000000000000000000000000000000000000000000000000010000000000000000000000000010000100000000000000000000001000000000000000000000000000000100000000000000000000000000000100000000000000000000000011000000000000000000000000000010100000000000000000001000000001000000000000000000000000001000000000000000000100000000000000000000000000001010000100000000000,
;tableau 125 de l'image 4 à pour solution : 1 
0000010000000000010000100000000000000000000000000010000000000000000000001000010000000000000000000001010000010000000000000000000000000000000000000000000000000100000000000000000000000000000000000000000000000000000100000000000000000000000000000100000000000000000000000000010000000000000000000000000000000000000000000000000000000000000000000000000000000000000000000000000000000000000000000000000000000000000000010100000000000000000000000000000010010000000000000000000010000001000000000000000000010000000000000000000000000000000001010000000000000000000000000000100000000000000000001010000000000000000000000000001100000000000000000000000101100000100000000000000000001001101000000000000000000000000000100000000000000000000001000000000000000000000000000000000100000000000000000000000000000000000000,
;tableau 126 de l'image 4 à pour solution : 1 
0000010000000000000000000000000000000000000000000000000000000000000000010000000000000000000000000000000000000000000000000000000001000010000000000000000000000000000000000000000000000000000000110000000000000000000000000000000000000000000000001000001100000000000000000000000000000000000000000000000000000000000000000000000000010000000000000000000000000000001000000000000000000000000000000000000000000000000000000000100000000000000000000000100000000000000000000000000001000000000000000000000000000000001000000000000000000000000010100000000000000000000000000000000000000000000000010000000000000000000000000000000000000000000000000000000000000001000000000000000000000100000000000000000000000001010000010000000000000000001110100010000000000000000000001000101000000000000000000001000001000000000000,
;tableau 127 de l'image 4 à pour solution : 1 
0000010000000000000000000000000000000000000001000100000000000000000000000100000000000000000000000000000000010000000000000000000000100000000000000000000000000100000000000000000000000000000001000000000000000000000010000100000000000000000000000010000000000000000000000000000000010000000000000000000000000000000000000000000000000000001000000000000000000000010000000000000000000000000000000000000000000000000000000000000000000000000000000000000000100000000000000000000000100011000000000000000000000110000000000000000000000000000000000000000000000000000000000000000000000000000000001000000000000000000000000000000000100000000000000000000000000100000000000000000000010010001000000000000000000000000000000000000000000000000000010000100000000000000000000000000000000000000000000000100010000000000000,
;tableau 128 de l'image 4 à pour solution : 1 
0000010000000000000000000000000000000000000000000010000000000000000000000000011000000000000000000000000001000000000000000000000000000000000000000000000000000000000000000000000000000000000000000000000000000000000001000000000000000000000000000000000000000000000000000001010000000000000000000000000011000000000000000000000000000010000000000000000000000000100000000000000000000000000000000000000000000000000000000110010000000000000000000000101011001000000000000000000000000000000000000000000000000000000100000000000000000000001000000000000000000000000000000000000000000000000000000000000000000000000000000000000001000000000000000000000000010000000000000000000000001000000000000000000000000000000000000000000000000000000001001100000000000000000000001100000000000000000000000000000000010000000000,
;tableau 129 de l'image 4 à pour solution : 1 
0000010000000000000000100000000000000000000100000000000000000000000000001000000000000000000000000000100000000000000000000000000000000010000000000000000000000000010000000000000000000000000000100000000000000000000010000000000000000000000000001000001000000000000000000000000000010000000000000000000000000010000000000000000000001000010000000000000000000000010000000000000000000000000000100000000000000000000000000000000000000000000000000000000000000000000000000000000010101000000000000000000000000000001000000000000000000000000001100000000000000000000000000000000000000000000000000100000000000000000000000000000000000000000000000000000000000001000000000000000000000100010100000000000000000000100100010000000000000000000010000000000000000000000000000000000000000000000000000000000000000000000000,
;tableau 130 de l'image 4 à pour solution : 1 
0000010000000000000001000000000000000000000000000000000000000000000000000000000000000000000000000000000000010000000000000000000001000100000000000000000000000000001100000000000000000000100000000000000000000000000100000000000000000000000000000100000000000000000000000000110000000000000000000000000000000000000000000000000000000100000000000000000000000000000000000000000000000000000000001000000000000000000000000100000000000000000000000001010000000000000000000000000000000000000000000000000000000000000000000000000000000000100000000000000000000000000001000000000000000000000000000001000000000000000000000000101100000000000000000000000000001000000000000000000000001000000000000000000000000000001010000000000000000000001100000000100000000000000000000000010000000000000000000000001010000000000000,
;tableau 131 de l'image 4 à pour solution : 1 
0000010000000000000000000000000000000000000001000010000000000000000000000000000000000000000000000000000000000000000000000000000010000011000000000000000000000000000000000000000000000001000000010000000000000000000000000000000000000000000000000000000000000000000000000000000000010000000000000000000000000000000000000000000000000010000000000000000000000000010000000000000000000000000000000000000000000000000000000000000000000000000000000000000000000000000000000000000000000000000000000000000000000000000010000000000000000000001000000000000000000000000000100000000000000000000000000000010000000000000000000000000000001000000000000000000000100010000000000000000000000010011000000000000000000000010000000000000000000000000000001000000000000000000000001000100010000000000000000000000000000000000000,
;tableau 132 de l'image 4 à pour solution : 1 
0000010000000000000000000000000000000000000000000000000000000000000000000000000000000000000000000000000000000000000000000000000000000000000000000000000000000000000100000000000000000000010001000000000000000000000000000000000000000000000000000000001000000000000000000000000000000000000000000000000001000000000000000000000000000000100000000000000000000000001000000000000000000000000000000000000000000000000000000010000100000000000000000000010010000000000000000000000000001000000000000000000000010000000000000000000000000000000000100000000000000000000001000001000000000000000000000001100100000000000000000000110000000000000000000000000000010100000000000000000000000000000100000000000000000000000000010000000000000000000000000100000000000000000000000000000000000000000000000000000000000000000000,
;tableau 133 de l'image 4 à pour solution : 1 
0000010000000000000000000000000000000000000010000000000000000000000000000000000000000000000000000000010000000000000000000000000001000001000000000000000000001100000000000000000000000000000000000000000000000000000011000000000000000000000000000000000000000000000000000000000000000000000000000000000000000000000000000000000000000000000000000000000000000000000000000000000000000000000000001000000000000000000000000000000000000000000000000000000001000000000000000000000000000001000000000000000000000000000000000000000000000000001000010000000000000000000100100000100000000000000000000010000000000000000000000000000000000000000000000000000000000000000000000000000000000110000000000000000000000000001000000000000000000000000100000000000000000000000000000001100000000000000000000000000000000000000000,
;tableau 134 de l'image 4 à pour solution : 1 
0000010000000000000000000000000000000000000000000010000000000000000000000000000000000000000000000000000000000000000000000000000000000100000000000000000000000000000000000000000000000000001000000000000000000000000000000000000000000000000000000000000000000000000000000000000000000000000000000000000001000000000000000000000000000000000000000000000000000000000000000000000000000000000001100000000000000000000000000010000000000000000000000000010010000000000000000000000000001000000000000000000000000000000000000000000000000001010000000000000000000000000000000000000000000000000000000000000000000000000000000000001100000000000000000000000000000000000000000000000000000000100000000000000000000001000001100000000000000000000000001000000000000000000000001000000000000000000000000000000000000000000000,
;tableau 135 de l'image 4 à pour solution : 1 
0000010000000000000000000000000000000000000000000000000000000000000000000000001000000000000000000000000000000000000000000000000010000000000000000000000000010110000100000000000000000000100000010000000000000000000100000000000000000000000000000000001000000000000000000000100000000000000000000000000000000000000000000000000000000000000000000000000000000000001010000000000000000000000000000000000000000000000000010000100000000000000000000000000000001000000000000000000000000000000000000000000000000000110100000000000000000000001000000000000000000000000000000000000000000000000000000000000000000000000000000000000010000000000000000000000000000100000000000000000000010001000000000000000000000000001000010000000000000000000000000010000000000000000000000101001000000000000000000000000010000000000000,
;tableau 136 de l'image 4 à pour solution : 1 
0000010000000000010000000000000000000000000000000100000000000000000000000000000000000000000000000000010000000000000000000000000000000001000000000000000000000000001000000000000000000000000000000000000000000000000000000000000000000000000000000000000000000000000000000000000000000000000000000000000000000000000000000000000000000000010100000000000000000000000001100000000000000000000001100000000000000000000000000000000000000000000000000000000000000000000000000000000000000000000000000000000000000000000000000000000000000000100000100000000000000000001000000000000000000000000000000010101000000000000000000000000000000000000000000000000100010000000000000000000000001110010010000000000000000000000101000000000000000000000010011000000000000000000000000000000000000000000000000000000100000000000000,
;tableau 137 de l'image 4 à pour solution : 1 
0000010000000000000000000000000000000000000000000000000000000000000000000000000000000000000000000000100000000000000000000000000001000000000000000000000000001000010000000000000000000000000000010000000000000000000000000000000000000000000000000010010100000000000000000000001000000000000000000000000000000000000000000000000000000010000000000000000000000000001000010000000000000000000110001100000000000000000000000000011000000000000000000000000000000000000000000000000000100000000000000000000000000000000100000000000000000000000000000000000000000000000000000000000000000000000000000000000000000000000000000000000000000000000000000000000001000000000000000000000000000000001000000000000000000000000000001000000000000000000001000010000000000000000000000000000000000000000000000000000001000000000000,
;tableau 138 de l'image 4 à pour solution : 1 
0000010000000000100000000000000000000000000010000101000000000000000000001000000000000000000000000000010000000000000000000000000000000010000000000000000000000000000100000000000000000000000001000000000000000000000000000001000000000000000000000000000000000000000000000000000000000000000000000000000000000000000000000000000000000000001100000000000000000000010000000000000000000000000000100000000000000000000000000110000000000000000000000000000000000000000000000000000000000001000000000000000000000110001000000000000000000000100000000000000000000000000001100000000000000000000000000000000000000000000000000000000100000000000000000000000000000001000000000000000000001000010000000000000000000000001001000000000000000000000010011000100000000000000000010100000000000000000000000000000000000000000000,
;tableau 139 de l'image 4 à pour solution : 1 
0000010000000000000000000000000000000000000000000000000000000000000000000100011000000000000000000000000000000000000000000000000000000001000000000000000000000000000000000000000000000000000000100000000000000000000000000000000000000000000000001000000000000000000000000000000001000000000000000000000000000100000000000000000000000000000000000000000000000000000000000000000000000000000000000000000000000000000000000000000000000000000000000001000000010000000000000000000000000000000000000000000000000000100000000000000000000000000000000000000000000000000000000000000000000000000000000000000000000000000000000000100000000000000000000000000000000000000000000000000000010100000000000000000000000000010000010000000000000000000001100011000000000000000000000010000000000000000000000000000100000000000000,
;tableau 140 de l'image 4 à pour solution : 1 
0000010000000000000000000000000000000000000000000100000000000000000000001000000000000000000000000000000000010000000000000000000000100000000000000000000000000000000000000000000000000000010001000000000000000000000000000010000000000000000000000000010000000000000000000000000000000000000000000000000001000000000000000000000000000000010000000000000000000000000001000000000000000000000000000100000000000000000000000000001100000000000000000000100000000000000000000000000000000100000000000000000000000100000000000000000000000000001010000000000000000000000001100010000000000000000000001000000000000000000000000000000010000000000000000000000100000100000000000000000000001000100000000000000000000001001010000000000000000000000000000000000000000000000000001001000000000000000000000000100000100000000000,
;tableau 141 de l'image 4 à pour solution : 1 
0000010000000000000000000000000000000000000000000000000000000000000000000100010000000000000000000000000000000000000000000000000010000010000000000000000000000000000000000000000000000001100000010000000000000000000100000000000000000000000000000000000000000000000000000001000001000000000000000000000000000000000000000000000000000000000000000000000000000000010000000000000000000000000010000000000000000000000000000000000000000000000000000000001000100000000000000000000000000000000000000000000000000000000000000000000000000000000000000000000000000000000000000000000000000000000000000011000000000000000000000000100001000000000000000000000000000000000000000000000000000000000000000000000000000000010000000000000000000000000000010000000000000000000000100000001000000000000000000000010000000000000000,
;tableau 142 de l'image 4 à pour solution : 1 
0000010000000000000000000000000000000000000001000000000000000000000000001000000000000000000000000000100001000000000000000000000000000101000000000000000000010000000000000000000000000000010000000000000000000000000000000000000000000000000000011000000000000000000000000000000000010000000000000000000001000000000000000000000000000100001000000000000000000000000000000000000000000000000000101001000000000000000000000010000100000000000000000000000000000000000000000000000000000000000000000000000000000000000100000000000000000000010000000000000000000000000000000010000000000000000000000000000100000000000000000000001000100000000000000000000001000100000000000000000000001000010000000000000000000000000000000000000000000000000001101000000000000000000000000010100100000000000000000000101000010000000000,
;tableau 143 de l'image 4 à pour solution : 1 
0000010000000000000000000000000000000000000000000110000000000000000000010000001000000000000000000001010000000000000000000000000001000000000000000000000000001100000000000000000000000000100000000000000000000000000010000000000000000000000000000000000000000000000000000000010000000000000000000000000000000000000000000000000000000000000000000000000000000000000000000000000000000000000000000010000000000000000000000000010000000000000000000000000010010000000000000000000010101101000000000000000000011000000000000000000000000000001010000000000000000000000000000000000000000000000000001000100000000000000000000000000000000000000000000000000000010000100000000000000000010001000110000000000000000000010000001000000000000000000000000010000000000000000000000100000000000000000000000000000000000000000000,
;tableau 144 de l'image 4 à pour solution : 1 
0000010000000000000000100000000000000000000000000000000000000000000000000000000000000000000000000000000000010000000000000000000010000001000000000000000000010000000000000000000000000000010000000000000000000000000000000000000000000000000000000000000000000000000000000000001000100000000000000000000000000000000000000000000000000010000000000000000000000000000000000000000000000000000000000000000000000000000000000000000000000000000000000000000000000000000000000000000000000000000000000000000000000010000100000000000000000000110000000000000000000000000000010000000000000000000000000000000000000000000000000000010000000000000000000000000000000101000000000000000000000100010000000000000000000000000010000000000000000000000000000001000000000000000000000001000000000000000000000000000000000000000000,
;tableau 145 de l'image 4 à pour solution : 1 
0000010000000000000000000000000000000000000000000100000000000000000000000000010000000000000000000000010000000000000000000000000101000000000000000000000000000000010000000000000000000000000000000000000000000000000000000001000000000000000000000000000000000000000000000000000000000000000000000000000000000000000000000000000000000000000100000000000000000000001000000000000000000000000001100000000000000000000000000000010000000000000000000000000000000000000000000000000001000000000000000000000000000000001000000000000000000000001000000000000000000000000001000000000000000000000000000000000000000000000000000000000100000000000000000000000010100000000000000000000000000000000000000000000000000001000101010000000000000000001000010000000000000000000000001000000000000000000000000000000000000000000000,
;tableau 146 de l'image 4 à pour solution : 1 
0000010000000000000000100000000000000000000010000000000000000000000000000000000000000000000000000000000001000000000000000000000000000001000000000000000000010000000100000000000000000000000000000000000000000000000000000000000000000000000000000000001000000000000000000001000000000000000000000000000000100000000000000000000000000010000000000000000000000000000000000000000000000000000000000000000000000000000000000000100000000000000000000000010001000000000000000000000010000001100000000000000000000100000000000000000000000001000010100000000000000000000000100010000000000000000000000010000000000000000000000000000000100000000000000000000000000001000000000000000000001000100000000000000000000000000000000000000000000000000100000000000000000000000000000100101000000000000000000000000000000000000000,
;tableau 147 de l'image 4 à pour solution : 1 
0000010000000000000000000000000000000000000000000010000000000000000000000000000000000000000000000000000000000000000000000000000010000100000000000000000000000000001000000000000000000000000001100000000000000000000000000100000000000000000000000000000000000000000000000000010000010000000000000000000000000001000000000000000000010000000000000000000000000000010000000000000000000000000000000000000000000000000000000000000000000000000000000000000000100000000000000000000000000000000000000000000000000010000000000000000000000000100001000000000000000000000000001000000000000000000000000000000000000000000000000000000000000000000000000000000000100000100000000000000000000001000000000000000000000000010000000000000000000000000010001001000000000000000000000000010000000000000000000000100000000000000000,
;tableau 148 de l'image 4 à pour solution : 1 
0000010000000000000000100000000000000000000000000000000000000000000000000000000000000000000000000000000000000000000000000000000000000010000000000000000000000000000100000000000000000000100000010000000000000000000000000000000000000000000000000000001100000000000000000000000000000000000000000000000000000000000000000000000000000010000000000000000000000000000000000000000000000000000000000000000000000000000000000010000000000000000000000000010000000000000000000000000000000001000000000000000000000000000000000000000000000000010100000000000000000000000000000000000000000000000000000000000000000000000000000000100000000000000000000000000000000000000000000000000000000100000000000000000000000000100010000000000000000000000000000000000000000000000000100100100000000000000000000000001000000000000000,
;tableau 149 de l'image 4 à pour solution : 1 
0000010000000000000000000000000000000000000000000000000000000000000000000000000000000000000000000001000001000000000000000000000000100000000000000000000000000000000000000000000000000000000000000000000000000000000000000100000000000000000000000000000000000000000000000000100000000000000000000000000000000000000000000000000000000000000000000000000000000000000001000000000000000000000000001000000000000000000000000000000000000000000000000000000000000000000000000000000000001000100000000000000000000010000000000000000000000000100000000000000000000000000000010001000000000000000000000110010000000000000000000000000110000000000000000000000000100000000000000000000000001000001000000000000000000000000000100000000000000000000100000000000000000000000000001001000100000000000000000000000000000000000000,
;tableau 150 de l'image 4 à pour solution : 1 
0000010000000000000000000000000000000000000010000010000000000000000000000000000000000000000000000000010000000000000000000000000000000011000000000000000000000100010000000000000000000000100001100000000000000000000100000000000000000000000000000010000000000000000000000000000000000000000000000000000000001010000000000000000000000000000000000000000000000000100000000000000000000000000001000000000000000000000000000000000000000000000000000000000000010000000000000000000101100000000000000000000000000000000000000000000000000000000000000000000000000000000000000000000000000000000000000000100000000000000000000000000000000000000000000000000010000000000000000000000000000100000000000000000000000000010000000000000000000000000011010010000000000000000000000010100010000000000000000000000000000000000000,
;tableau 151 de l'image 4 à pour solution : 1 
0000010000000000100000000000000000000000000000000000000000000000000000000000000000000000000000000000000000000000000000000000000000000000000000000000000000001000001000000000000000000000000000000000000000000000000000000001000000000000000000001000010100000000000000000000000000100000000000000000000000000001000000000000000000000000100000000000000000000000000000000000000000000000000100101000000000000000000000000010000000000000000000000000000010000000000000000000000000000001000000000000000000000000000000000000000000000000010000000000000000000000000100000000000000000000000000000010000000000000000000000010000000000000000000000000000000010000000000000000000000000000000000000000000000000000000100100000000000000000000000001000000000000000000000001000010000000000000000000000000000000000000000,
;tableau 152 de l'image 4 à pour solution : 1 
0000010000000000000000000000000000000000000010000010000000000000000000000100001100000000000000000000000000110000000000000000000000000000000000000000000000000000000000000000000000000000000001000000000000000000000100000000000000000000000000000000001000000000000000000000010000000000000000000000000000000000000000000000000000000010000100000000000000000000001000000000000000000000000000000000000000000000000000000000000000000000000000000000010000000000000000000000000000000000000000000000000000000000000000000000000000000000000000000000000000000000000001010000000000000000000000000000000000000000000000000000000000000000000000000000000000000001000000000000000000000000110000000000000000000000100001000000000000000000000000000000000000000000000000000000000000000000000000000000000000000000000000,
;tableau 153 de l'image 4 à pour solution : 1 
0000010000000000000000000000000000000000000000000000000000000000000000000000000000000000000000000000100000000000000000000000000000000000000000000000000000000000000000000000000000000001110000100000000000000000000010000010000000000000000000000000000000000000000000000000000000000000000000000000000000000000000000000000000000000000001000000000000000000000000000000000000000000000000000100000000000000000000000000000000000000000000000000000100000000000000000000000000000000000000000000000000000000000000100000000000000000000000000000000000000000000000000000000000000000000000000000000100000000000000000000000000001000000000000000000000000000000000000000000000000000000000100000000000000000010000000000000000000000000001100000011000000000000000000000011111000000000000000000000000000000000000000,
;tableau 154 de l'image 4 à pour solution : 1 
0000010000000000010000000000000000000000000000000000000000000000000000000100000000000000000000000000000000000000000000000000000000000000000000000000000000001000000000000000000000000000000000000000000000000000000000000001000000000000000000011000001000000000000000000000000000000000000000000000000000000000000000000000000000000000000000000000000000000000010000000000000000000000000001000000000000000000000000000100000000000000000000000000001000000000000000000000000000000100000000000000000000000000000000000000000000000000000000100000000000000000000001100000000000000000000000001010000100000000000000000000000100000000000000000000000001001000000000000000000000000010000010000000000000000000111000000000000000000000000000000000100000000000000000001000000010000000000000000000000000000000000000,
;tableau 155 de l'image 4 à pour solution : 1 
0000010000000000000000100000000000000000000010000000000000000000000000001000001000000000000000000000000000000000000000000000000010000011000000000000000000000000010000000000000000000001000000000000000000000000000100000000000000000000000000000000010000000000000000000000000000100000000000000000000000000001000000000000000000000100000000000000000000000000000001010000000000000000000000000000000000000000000000000000000000000000000000000000000000000000000000000000000000100000000000000000000000000000000000000000000000000000010000000000000000000000000000010000000000000000000000000000000000000000000000000000000011000000000000000000000100010000000000000000000000000000100000000000000000000000000000000000000000000000000100000000000000000000000000010000000000000000000000000000000000000000000000,
;tableau 156 de l'image 4 à pour solution : 1 
0000010000000000100000000000000000000000000000000100000000000000000000000000000000000000000000000000000000000000000000000000000000000000000000000000000000000000000100000000000000000000100000000000000000000000000001000010000000000000000000001000000000000000000000000000000001000000000000000000000000000000000000000000000000000000001000000000000000000000100000000000000000000000000000000000000000000000000000000000100000000000000000000000100000110000000000000000000000000001000000000000000000000000000000000000000000000000000000001000000000000000000001000000000000000000000000000000000000000000000000000000000100100000000000000000001010000000000000000000000000000100000000000000000000000000000001000000000000000000000000000000100000000000000000000000000000000000000000000000100000000000000000,
;tableau 157 de l'image 4 à pour solution : 1 
0000010000000000000000000000000000000000000000000011000000000000000000000000000000000000000000000000000000100000000000000000000000000100000000000000000000010000000000000000000000000000010001010000000000000000000110000000000000000000000000000000000000000000000000000000000000100000000000000000000000000000000000000000000000000000000000000000000000000000011000000000000000000000000001100000000000000000000000010010010010000000000000000000010000000000000000000000000001100000000000000000000000000000000010000000000000000000000000000000000000000000000000000000100000000000000000000000000000000000000000000000010001000000000000000000000000000010000000000000000000000010001000000000000000000001110000100000000000000000000011100010000000000000000000000001000000000000000000000000000100000000000000,
;tableau 158 de l'image 4 à pour solution : 1 
0000010000000000010000000000000000000000000000000000000000000000000000001100000000000000000000000000110000000000000000000000000000000000000000000000000000000000010000000000000000000000000000000000000000000000000000000000000000000000000000000100010000000000000000000000010000000000000000000000000000100001000000000000000000000100100100000000000000000000100001000000000000000000000000000100000000000000000000000000000000000000000000000000000011100000000000000000000000000000000000000000000000000000000000000000000000000000010000000000000000000000000010001001000000000000000000000001000100000000000000000000000110101000000000000000000000100000000000000000000000000000000000000000000000000000000000000000000000000000000000000000000000000000000000010000010000000000000000000000000000101000000000,
;tableau 159 de l'image 4 à pour solution : 1 
0000010000000000100000000000000000000000000001000000000000000000000000000000001000000000000000000000000000000000000000000000000000000000000000000000000000000000000000000000000000000000100001000000000000000000000010000100000000000000000000000000001000000000000000000000000000110000000000000000000000000100000000000000000000000000000000000000000000000000000000000000000000000000000000000000000000000000000000000000000000000000000000000000000000000000000000000000000000000100000000000000000000000000000000000000000000000000000000000000000000000000000000000000000000000000000000000000000000000000000000000000000000000000000000000000000000000000000000000000000000010010100000000000000000000000011010000000000000000000000000000100000000000000000000000000101000000000000000000000000000000000000000,
;tableau 160 de l'image 4 à pour solution : 1 
0000010000000000010000110000000000000000000110000000000000000000000000000000000000000000000000000000000000000000000000000000000000000001000000000000000000000000011100000000000000000001010000100000000000000000000001000000000000000000000000000100000000000000000000000000000000000000000000000000000001000000000000000000000000000000100000000000000000000000000000000000000000000000000000000000000000000000000000000000000000000000000000000000010001000000000000000000000000000000100000000000000000000100000000000000000000000001010000000000000000000000000000001001000000000000000000000010000000000000000000000000010010000000000000000000000000010001000000000000000000000000000000000000000000000000100000101000000000000000000100010010100000000000000000001000000100000000000000000001000010100000000000,
;tableau 161 de l'image 4 à pour solution : 1 
0000010000000000000000000000000000000000000001000001000000000000000000000000000000000000000000000000100000000000000000000000000000000010000000000000000000001100000000000000000000000000000000010000000000000000000000100001000000000000000000001000010000000000000000000000100000000000000000000000000000000101000000000000000000000000000100000000000000000000001000000000000000000000000000100000000000000000000000000000100000000000000000000000000000000000000000000000000000000100000000000000000000000000000000000000000000000000000000000000000000000000000000000000000000000000000000000000000000000000000000000000000000001000000000000000000011100000000000000000000000011000000000000000000000000000000000000000000000000000000000101000000000000000000000000001000000000000000000000000000000000000000000,
;tableau 162 de l'image 4 à pour solution : 1 
0000010000000000100000000000000000000000000000000000000000000000000000000100001100000000000000000000010000000000000000000000000000000001000000000000000000000000001000000000000000000000000000000000000000000000000010000000000000000000000000000100001000000000000000000000000000000000000000000000000000000000000000000000000000000000000000000000000000000000000000100000000000000000000001000000000000000000000000000000000000000000000000000000000000000000000000000000000000000000000000000000000000000000000000000000000000000000001000000000000000000000000000000000000000000000000000000100100000000000000000000000001000010000000000000000000000011000000000000000000000000010010100000000000000000000000000010000000000000000000010010000000000000000000000000000000000000000000000000000000000000000000000,
;tableau 163 de l'image 4 à pour solution : 1 
0000010000000000000000100000000000000000000000000010000000000000000000010000010000000000000000000000000000100000000000000000000100000000000000000000000000000000000100000000000000000000000000010000000000000000000000000001000000000000000000000000000000000000000000000000010001000000000000000000000000000010000000000000000000001000001100000000000000000000100000000000000000000000000000000101000000000000000000010000010000000000000000000001010010000000000000000000000000000000000000000000000000000010000100000000000000000000010000000000000000000000000000000010000000000000000000000000000000000000000000000000000100000000000000000000000110000000000000000000000000010000001000000000000000000000000010101000000000000000000101000000000000000000000000001000100000000000000000000000000000000000000000,
;tableau 164 de l'image 4 à pour solution : 1 
0000010000000000010000000000000000000000000000000000000000000000000000000100001000000000000000000000100000000000000000000000000010000100000000000000000000000000000000000000000000000000000001100000000000000000000010000000000000000000000000000000000000000000000000000000100000000000000000000000000000000000000000000000000000000000000000000000000000000000000001000000000000000000000001001000000000000000000000000100000000000000000000000000001000000000000000000000000000000001000000000000000000000000000000000000000000000001000010000000000000000000000010000000000000000000000000010000000000000000000000000000001000000000000000000000000000000000000000000000000000100000000000000000000000000000000000000000000000000000000000010000000000000000000000000010010100000000000000000000000000111000000000,
;tableau 165 de l'image 4 à pour solution : 1 
0000010000000000000000000000000000000000000000000010000000000000000000010000010000000000000000000000000000100000000000000000000000000001000000000000000000001000000100000000000000000001010000000000000000000000000000000000000000000000000000000010000000000000000000000000000000110000000000000000000000000000000000000000000000000000000000000000000000000000000000000000000000000000000000100000000000000000000000000000100000000000000000000000000000000000000000000000000000000010000000000000000000000000000000000000000000000000000000000000000000000000000000100000000000000000000000000000000000000000000000000000110100001000000000000000000011000000000000000000000000000100001000000000000000000001000000000000000000000000000000001000000000000000000000000000100000000000000000000000101000000000000000,
;tableau 166 de l'image 4 à pour solution : 1 
0000010000000000100000000000000000000000000000000001000000000000000000000000001000000000000000000000110000000000000000000000000011000000000000000000000000010000000000000000000000000000000000000000000000000000000100000010000000000000000000000000000000000000000000000000000000000000000000000000000000001000000000000000000000000000000000000000000000000000000000000000000000000000000000000000000000000000000000000000000000000000000000000000000000100000000000000000000000000000000000000000000000010000000000000000000000000000100000000000000000000000000001010100100000000000000000010010100000000000000000000000000010000000000000000000000000000000000000000000000000000001100000000000000000000000100000010000000000000000000000010000000000000000000000100000000000000000000000000000000000000000000000,
;tableau 167 de l'image 4 à pour solution : 1 
0000010000000000010000000000000000000000000000000000000000000000000000000000000000000000000000000000000000000000000000000000000000000010000000000000000000000000010000000000000000000000100000000000000000000000000001000001000000000000000000000000000000000000000000000000000000000000000000000000000000000000000000000000000000000000000000000000000000000000001000010000000000000000000001001000000000000000000000010000001000000000000000000000000010010000000000000000000000000000000000000000000000000000000000000000000000000000000000010000000000000000000000000000000000000000000000000000001000000000000000000000010000000000000000000000000000000000000000000000000000000100001000000000000000000010010000000000000000000000000000001000000000000000000000000001000000000000000000000000111001000000000000,
;tableau 168 de l'image 4 à pour solution : 1 
0000010000000000000000000000000000000000000000000000000000000000000000000100000000000000000000000000100001010000000000000000000011000000000000000000000000000000001000000000000000000000000000000000000000000000000000000000000000000000000000000000000000000000000000000000000000100000000000000000000000000000000000000000000000000000000100000000000000000000010000000000000000000000000000000000000000000000000000001010000000000000000000000000001001000000000000000000000000000100000000000000000000000010000000000000000000000000001001000000000000000000000000000000000000000000000000000000000000000000000000000001000010000000000000000000000100100010000000000000000000000001000000000000000000000001000001100000000000000000000010000000000000000000000000000000000000000000000000000000000000000000000000,
;tableau 169 de l'image 4 à pour solution : 1 
0000010000000000000000000000000000000000000000000000000000000000000000000000010000000000000000000000000000000000000000000000000000000000000000000000000000000000000100000000000000000000010000000000000000000000000010000000000000000000000000001100010000000000000000000000010001000000000000000000000000000000000000000000000000000000000000000000000000000000101001000000000000000000000000000000000000000000000000000000011100000000000000000000000000000000000000000000000000000000000000000000000000000000000100000000000000000000000000000000000000000000000101000000000000000000000000010010000000000000000000000000001100001000000000000000000000010000000000000000000000000100010000000000000000000000010000010000000000000000000000001000000000000000000000000101000000000000000000000000001000000000000000,
;tableau 170 de l'image 4 à pour solution : 1 
0000010000000000000000000000000000000000000000000010000000000000000000000000000000000000000000000000110000000000000000000000000000000000000000000000000000001000000000000000000000000000000001000000000000000000000000000001000000000000000000010010000000000000000000000001000000000000000000000000000000000100000000000000000000001000100100000000000000000000000000000000000000000000000001001000000000000000000000000000000000000000000000000000000000000000000000000000000000000000000000000000000000010000000000000000000000000000101000000000000000000000000000000000000000000000000000001000000000000000000000000000000000000000000000000000000000000011000000000000000000010010000000000000000000000000000000000000000000000000000100000000000000000000000000000000000000000000000000000000000000000000000000,
;tableau 171 de l'image 4 à pour solution : 1 
0000010000000000000000000000000000000000000000000001000000000000000000000000010000000000000000000001000000100000000000000000000000000000000000000000000000000000010000000000000000000000100000000000000000000000000011000000000000000000000000000000000000000000000000000000000000000000000000000000000000000000000000000000000000000000000000000000000000000000000000000000000000000000000000000000000000000000000000000010000000000000000000000000000000000000000000000000000000000010000000000000000000000000100000000000000000000000000000000000000000000000000000000000000000000000000000000000000100000000000000000000000100000000000000000000000000000000000000000000000000000000001100000000000000000000000010000000000000000000000001000000000000000000000000001000000100000000000000000000001000000000000000,
;tableau 172 de l'image 4 à pour solution : 1 
0000010000000000000000000000000000000000000010000110000000000000000000001000000000000000000000000000010000010000000000000000000010000110000000000000000000000000000000000000000000000000000000000000000000000000000000000010000000000000000000000000000000000000000000000000100000100000000000000000000000000100000000000000000000000000000100000000000000000000000001000000000000000000000001100000000000000000000000010000000000000000000000000000010000000000000000000000000000100100000000000000000000000000001000000000000000000000000000010000000000000000000000100001000000000000000000000000000000000000000000000000001000010000000000000000000000100100000000000000000000000110000000000000000000000000011000100000000000000000000000110000000000000000000000000000010000000000000000000000000001000000000000,
;tableau 173 de l'image 4 à pour solution : 1 
0000010000000000000000000000000000000000000000000000000000000000000000000100000000000000000000000000000001000000000000000000000000000000000000000000000000000000000000000000000000000000000000000000000000000000000100000000000000000000000000000000000100000000000000000000000000010000000000000000000001000000000000000000000000000000000000000000000000000000000010010000000000000000000000000000000000000000000000000000000000000000000000000000001000010000000000000000000000000000000000000000000000000000000000000000000000000000000000000000000000000000000010011000000000000000000000000000000010000000000000000000000110000000000000000000000000000001100000000000000000000000010000000000000000000000000001010000000000000000000000000111100000000000000000000000000100000000000000000000000000000000000000,
;tableau 174 de l'image 4 à pour solution : 1 
0000010000000000000000000000000000000000000000000000000000000000000000000000000000000000000000000000000000000000000000000000000110000000000000000000000000000000001000000000000000000001000000100000000000000000000000000000000000000000000000000000010000000000000000000000001000000000000000000000000000000000000000000000000000000100000000000000000000000000000000000000000000000000000000000000000000000000000000000010000000000000000000000000010000000000000000000000000001000000000000000000000000000000000000000000000000000010000000000000000000000000000001000100100000000000000000000000000000000000000000000001000000000000000000000000000001000000000000000000000000000010000000000000000000000000000100000000000000000000000000000000000000000000000000000001000000000000000000000010000001000000000000,
;tableau 175 de l'image 4 à pour solution : 1 
0000010000000000100000000000000000000000000000000000000000000000000000000100001000000000000000000000000001000000000000000000000000000110000000000000000000000100000000000000000000000000000000000000000000000000000000000111000000000000000000010000000000000000000000000000100000010000000000000000000001000000000000000000000000000000000000000000000000000000000000000000000000000000000000000100000000000000000000000100000000000000000000000000000000000000000000000000000010000000000000000000000000010010000000000000000000000000000010010000000000000000000000000000000000000000000000000000100100000000000000000000000100001000000000000000000010000000000000000000000000001000000010000000000000000000001000000000000000000000000000000000000000000000000000000000000010000000000000000000000000010000000000,
;tableau 176 de l'image 4 à pour solution : 1 
0000010000000000000000000000000000000000000010000000000000000000000000000000000000000000000000000000000000000000000000000000000000000001000000000000000000000000001000000000000000000000000000000000000000000000000000000000000000000000000000000000010000000000000000000000000001000000000000000000000000000000000000000000000000000000000000000000000000000000000000000000000000000000000001000000000000000000000000000000000000000000000000000000000000010000000000000000000000000000000000000000000000001000000000000000000000000000000000000000000000000000000000000000000000000000000000100011000000000000000000000000001000000000000000000000000000011001000000000000000000000110001000000000000000000000100010000000000000000000000000000010000000000000000000000000000000000000000000000000000000000000000000,
;tableau 177 de l'image 4 à pour solution : 1 
0000010000000000000000100000000000000000000000000000000000000000000000000000000000000000000000000000010000000000000000000000000000000000000000000000000000001000010000000000000000000000000000110000000000000000000000000000000000000000000000001000001100000000000000000000100000010000000000000000000000101001000000000000000000010010000000000000000000000000000000000000000000000000000000001000000000000000000000000000000000000000000000000000000000000000000000000000000010000100000000000000000000000000000000000000000000000000000000100000000000000000000001001000000000000000000000000000100000000000000000000000000100000000000000000000000000000000000000000000000000001000000000000000000000000000001000000000000000000000000110000100000000000000000000001000000000000000000000000000100000000000000000,
;tableau 178 de l'image 4 à pour solution : 1 
0000010000000000000000000000000000000000000001000000000000000000000000000000000000000000000000000000000000000000000000000000000000000000000000000000000000000100000100000000000000000000000001000000000000000000000100000000000000000000000000000000010000000000000000000001000000000000000000000000000000000000000000000000000000000000010000000000000000000000000000000000000000000000000000000100000000000000000000000110000000000000000000000000000010000000000000000000000000000000000000000000000000011010000000000000000000000000010011010000000000000000000000000000000000000000000000000000000000000000000000000000001010010000000000000000000010100000000000000000000000000100001000000000000000000000010000000000000000000000000000000000000000000000000000010000100000000000000000000000000000000000000000,
;tableau 179 de l'image 4 à pour solution : 1 
0000010000000000000000100000000000000000000010000001000000000000000000000100000000000000000000000000010001100000000000000000000011000111000000000000000000001000001000000000000000000000000000000000000000000000000000000110000000000000000000000000000000000000000000000000000000000000000000000000000000000000000000000000000000000000000100000000000000000000001000100000000000000000000000000000000000000000000000000000000000000000000000000000000000010000000000000000000000000001000000000000000000000100001000000000000000000001000000000000000000000000000000000000000000000000000000001000100000000000000000000011000000100000000000000000000000000000000000000000000000000010000010000000000000000010000100010000000000000000000000011000100000000000000000100001011000000000000000000000000000000000000000,
;tableau 180 de l'image 4 à pour solution : 1 
0000010000000000000000000000000000000000000000000000000000000000000000001000000000000000000000000000000000000000000000000000000000000000000000000000000000000000000000000000000000000000100000100000000000000000000000000000000000000000000000001100000100000000000000000000000000010000000000000000000000000000000000000000000000000000010000000000000000000000000000000000000000000000000000001010000000000000000000000010000100000000000000000000000000000000000000000000000000000000000000000000000000000000100100000000000000000000010000000000000000000000000000110000000000000000000000010000010000000000000000000000000000010000000000000000000000001000000000000000000000011000001000000000000000000001001000000000000000000000001001100001000000000000000000000000000000000000000000000000000000010000000000,
;tableau 181 de l'image 4 à pour solution : 1 
0000010000000000100000000000000000000000000000000000000000000000000000000000001000000000000000000000000000010000000000000000000100000001000000000000000000001000010100000000000000000000000000000000000000000000000001000000000000000000000000010000000000000000000000000001100001100000000000000000000001000000000000000000000000001010000000000000000000000000010000000000000000000000000000000001000000000000000000000000000000000000000000000000001000100000000000000000000000100000000000000000000000000010000000000000000000000000001000000000000000000000000000001000000000000000000000000000000000000000000000000000000100000000000000000000000011000000100000000000000000000010000010000000000000000000000101000000000000000000000000000100000000000000000000001000000000000000000000000000010010000000000000,
;tableau 182 de l'image 4 à pour solution : 1 
0000010000000000000000000000000000000000000000000010000000000000000000000000000000000000000000000000000000000000000000000000000000000000000000000000000000000000000000000000000000000001010000000000000000000000000000000001000000000000000000001100000000000000000000000000010000000000000000000000000000000000000000000000000000000000000000000000000000000000000000000000000000000000000000000000000000000000000000000000000000000000000000000000000000000000000000000000000000000001000000000000000000000000001000000000000000000000000000000000000000000000000000000000000000000000000000000000000000000000000000000000000000000000000000000000000000000001000000000000000000010001000000000000000000000000000000000000000000000000000000001011000000000000000000010000000000000000000000000000000000010000000000,
;tableau 183 de l'image 4 à pour solution : 1 
0000010000000000000000000000000000000000000000000100000000000000000000000000001000000000000000000000000000010000000000000000000000000011000000000000000000000100000000000000000000000000000000000000000000000000000000000000000000000000000000000000000000000000000000000001000000100000000000000000000001000000000000000000000000000000000000000000000000000000000000000000000000000000000000000000000000000000000000000010110100000000000000000000000000000000000000000000000000001100000000000000000000010000010000000000000000000000001000000000000000000000000000000000000000000000000000000000100000000000000000000001100000000000000000000000000000001100000000000000000000001000001100000000000000000000001010101000000000000000000000110000000000000000000000101000000000000000000000000001000010000000000000,
;tableau 184 de l'image 4 à pour solution : 1 
0000010000000000000001000000000000000000000000000000000000000000000000000000000000000000000000000000100000000000000000000000000000000000000000000000000000000000001100000000000000000000000001000000000000000000000010000010000000000000000000010100010000000000000000000000010000000000000000000000000000000000000000000000000000000000000000000000000000000000001001100000000000000000000000000100000000000000000000000000000000000000000000000000000001000000000000000000000000000000000000000000000000001000000010000000000000000000010000110000000000000000000010000000000000000000000000000110001100000000000000000000000000000000000000000000000010010000000000000000000000000000010000000000000000000000000000000000000000000000000000000000000000000000000000000000110000000000000000000000000000010000000000,
;tableau 185 de l'image 4 à pour solution : 1 
0000010000000000010000000000000000000000000000000000000000000000000000000000000000000000000000000000000000000000000000000000000001000000000000000000000000000000000000000000000000000000000000000000000000000000000000000000000000000000000000000000000000000000000000000000000000000000000000000000000000001000000000000000000000000000100000000000000000000000000000000000000000000000000000000000000000000000000000000010000000000000000000000000010010000000000000000000000000100000000000000000000000000000000000000000000000000000000010000000000000000000000000001010000000000000000000000000000000000000000000000000000000000000000000000000000001000000000000000000000000000000000100000000000000000000010010010000000000000000000001000010000000000000000000001000001000000000000000000000000100000000000000,
;tableau 186 de l'image 4 à pour solution : 1 
0000010000000000000000000000000000000000000000000100000000000000000000000000000000000000000000000001010000000000000000000000000000000000000000000000000000001000000100000000000000000001010000000000000000000000000110000000000000000000000000010000010000000000000000000000001000000000000000000000000000000000000000000000000000000000000000000000000000000000000000010000000000000000000000100000000000000000000000000100000000000000000000000000000000010000000000000000000000000000000000000000000000000000100000000000000000000000010000000000000000000000000000010100100000000000000000000000000100000000000000000001101100000000000000000000000000100001000000000000000000000100100000000000000000000000000000001000000000000000000000001100100000000000000000000000000000000000000000000000000000000000000000,
;tableau 187 de l'image 4 à pour solution : 1 
0000010000000000010000000000000000000000000000000000000000000000000000001100010000000000000000000000100000000000000000000000000000000000000000000000000000000000000000000000000000000000100000000000000000000000000000000110000000000000000000000100000100000000000000000000000001010000000000000000000000000000000000000000000000000010000000000000000000000000001000000000000000000000000001000000000000000000000000000000000100000000000000000000000010000000000000000000000000101100000000000000000000000000000000000000000000000000000000000000000000000000000000000000000000000000000000000001000000000000000000000000000000000000000000000000000000011000000000000000000000001000010000000000000000000001010100110000000000000000000000010000000000000000000000000000010000000000000000000000000010000000000000,
;tableau 188 de l'image 4 à pour solution : 1 
0000010000000000000000000000000000000000000000000000000000000000000000000000000000000000000000000000000000010000000000000000000001000001000000000000000000000010000000000000000000000000000000000000000000000000000000000000000000000000000000000000000000000000000000000000000000000000000000000000000000000000000000000000000000000000010000000000000000000000000001000000000000000000000000000000000000000000000000000000011000000000000000000000010001000000000000000000000000000001000000000000000000000000100000000000000000000000000000000000000000000000000000100000000000000000000000000100010000000000000000000000000000010000000000000000000000000010000000000000000000000000000000000000000000000000001000000000000000000000000010000001000000000000000000000100000000000000000000000000000100000000000000,
;tableau 189 de l'image 4 à pour solution : 1 
0000010000000000000001100000000000000000000000000000000000000000000000000000000000000000000000000000010001000000000000000000000000000000000000000000000000000000010000000000000000000000000001000000000000000000000101000000000000000000000000010100001000000000000000000000100000000000000000000000000000000100000000000000000000000000000000000000000000000000000000000000000000000000000000000000000000000000000000000000000000000000000000000000000010000000000000000000000000000000000000000000000000000000000000000000000000000000000000010000000000000000000000000100000000000000000000000000100000000000000000000000000000100000000000000000000000000001000000000000000000000011001000000000000000000000000110000000000000000000000000000000000000000000000000000001111100000000000000000000000000000000000000,
;tableau 190 de l'image 4 à pour solution : 1 
0000010000000000100000010000000000000000000000000001000000000000000000000000010000000000000000000000000000000000000000000000000000000000000000000000000000000010000000000000000000000000000000000000000000000000000010000001000000000000000000001000000000000000000000000000000000000000000000000000000000000000000000000000000000000100000000000000000000000000000010000000000000000000000000001000000000000000000000000010100000000000000000000000000001000000000000000000000000000000000000000000000000000000000000000000000000000000000000000000000000000000000000000000000000000000000000000000000000000000000000000001000001000000000000000000000010100000000000000000000000010000000000000000000000000000000001011000000000000000000000000000000000000000000000000110000000000000000000000000000000000000000000,
;tableau 191 de l'image 4 à pour solution : 1 
0000010000000000010000100000000000000000000000000000000000000000000000000000000000000000000000000000000000000000000000000000000000000001000000000000000000001000001000000000000000000000000000000000000000000000000000000000000000000000000000000000011000000000000000000000000000000000000000000000000000100100000000000000000000010000000100000000000000000000000001000000000000000000000000000000000000000000000000000000010000000000000000000000001000000000000000000000000001000000000000000000000000001000000000000000000000000000000100000000000000000000000000010000000000000000000000010000000000000000000000000000100010000000000000000000000000001010000000000000000000000001001000000000000000000000000000000000000000000000000000000000100000000000000000000000100000000000000000000000000000000000000000,
;tableau 192 de l'image 4 à pour solution : 1 
0000010000000000000000000000000000000000000000000000000000000000000000000000000000000000000000000000000000000000000000000000000000000010000000000000000000000000000100000000000000000001000001000000000000000000000000000001000000000000000000000010000000000000000000000000010001000000000000000000000000000000000000000000000000000010000000000000000000000000001000000000000000000000000000000000000000000000000000000000000000000000000000000000010000000000000000000000000100001000000000000000000000000000000010000000000000000000001010000000000000000000000110000000000000000000000000000100000000000000000000000000000000000000000000000000000000000000000000000000000000000000100000000000000000000010000010000000000000000000000011011100000000000000000000001100001000000000000000000000000000000000000000,
;tableau 193 de l'image 4 à pour solution : 1 
0000010000000000000000100000000000000000000000000000000000000000000000001000010000000000000000000000010000000000000000000000000000000000000000000000000000000000000000000000000000000000100000100000000000000000000000000000000000000000000000001100001000000000000000000000000000000000000000000000000000000101000000000000000000000000000000000000000000000000100001000000000000000000000000000000000000000000000000000000000000000000000000000000000010000000000000000000000000000000000000000000000000000000000000000000000000000000000000000000000000000000000000100000000000000000000000000000100000000000000000000000000000001000000000000000000000000000000000000000000000010001011000000000000000000000000000001000000000000000000000000000000000000000000000000000000000000000000000000000100000000000000000,
;tableau 194 de l'image 4 à pour solution : 1 
0000010000000000000000000000000000000000000000000000000000000000000000000100000000000000000000000000000000110000000000000000000010000100000000000000000000000000010000000000000000000000000000000000000000000000000000000100000000000000000000000000000100000000000000000000000001000000000000000000000000001000000000000000000000000000000000000000000000000000000010110000000000000000000000000001000000000000000000000000010000000000000000000000001001010000000000000000000010000010000000000000000000000010000000000000000000000000011000001000000000000000000010010000000000000000000000000000000000000000000000000000000100000000000000000000000000100000000000000000000000000000000000000000000000000000010011000000000000000000000001100100000000000000000000000000100100000000000000000001000000001000000000,
;tableau 195 de l'image 4 à pour solution : 1 
0000010000000000000000000000000000000000000000000010000000000000000000000000000000000000000000000000010000000000000000000000000000000000000000000000000000001010001000000000000000000000100000000000000000000000000010000000000000000000000000010000000000000000000000000000000000000000000000000000000000000000000000000000000000000000000000000000000000000000100000000000000000000000000100000000000000000000000000010010000000000000000000000000000000001000000000000000000000000000000000000000000000000000000000000000000000000000000000000000000000000000000001100001000000000000000000000000000000000000000000000000001000000000000000000000000100010100000000000000000000000010000000000000000000000000000100010000000000000000000100000000000000000000000000010100010000000000000000000000000000000000000000,
;tableau 196 de l'image 4 à pour solution : 1 
0000010000000000100000000000000000000000000001000100000000000000000000000000001000000000000000000001000000000000000000000000000010000001000000000000000000000000000000000000000000000000000000000000000000000000000000000000000000000000000000000000000000000000000000000001001001000000000000000000000001000000000000000000000000000100000000000000000000000001011001000000000000000000000000001000000000000000000000000000000000000000000000000000000000000000000000000000000000000000000000000000000000000000000010000000000000000000000000000000000000000000000000000000000000000000000000000010000000000000000000000000110000000000000000000000000001000010000000000000000000011100011000000000000000000000100010100000000000000000000000000000000000000000000000001000100000000000000000000000000000000000000000,
;tableau 197 de l'image 4 à pour solution : 1 
0000010000000000000000000000000000000000000000000000000000000000000000001000000000000000000000000000000000100000000000000000000100000010000000000000000000000000010000000000000000000000010001000000000000000000000000000000000000000000000000000100001000000000000000000000000000110000000000000000000000000001000000000000000000000010000000000000000000000000000000000000000000000000000000100000000000000000000000000000000000000000000000000000000000000000000000000000000010000010000000000000000000000010000000000000000000000000011010000000000000000000000000001000000000000000000000000000001000000000000000000000000100000000000000000000000000000000000000000000000000000000100000000000000000000000010000000000000000000000000000000000000000000000000000000010000010000000000000000000010000000000000000,
;tableau 198 de l'image 4 à pour solution : 1 
0000010000000000100000000000000000000000000000000100000000000000000000000100000000000000000000000000000000010000000000000000000011000000000000000000000000001000000000000000000000000001000000100000000000000000000100000000000000000000000000000000000000000000000000000000010000000000000000000000000000000000000000000000000000000000001000000000000000000000001000000000000000000000000000000000000000000000000000000000010000000000000000000000000000000000000000000000000000001100000000000000000000000000000000000000000000000000000000000000000000000000000000000100000000000000000000000010000100000000000000000000000000100000000000000000000011010000000000000000000000000000010000000000000000000000000000000000000000000000000000000010000000000000000000000001100000000000000000000000100100000000000000,
;tableau 199 de l'image 4 à pour solution : 1 
0000010000000000000000000000000000000000000000000000000000000000000000000000000000000000000000000000000000100000000000000000000000000101000000000000000000000000001100000000000000000000000000000000000000000000000000000001000000000000000000000000000000000000000000000000000000010000000000000000000000000000000000000000000000000010000000000000000000000000000001000000000000000000000000000010000000000000000000000000000000000000000000000000000000100000000000000000000001000000000000000000000000000000000100000000000000000010000000010000000000000000000000000000000000000000000000000000000000000000000000000000000010000000000000000000000100000000100000000000000000000100000000000000000000000000000000100000000000000000000000010000000000000000000000000010000010000000000000000000000000000000000000,
;tableau 200 de l'image 4 à pour solution : 1 
0000010000000000000000010000000000000000000010000100000000000000000000000000000000000000000000000000010000010000000000000000000011000000000000000000000000000000010000000000000000000000000000000000000000000000000010000010000000000000000000000000011000000000000000000000000000000000000000000000000000000000000000000000000000000000000000000000000000000000000000000000000000000000000000001000000000000000000000000000000000000000000000000000000000000000000000000000000000000000000000000000000000000010000000000000000000000000000000000000000000000000000000000000000000000000000000000010000000000000000000000000000000001000000000000000000000001000000000000000000000000000010010000000000000000000000000010000000000000000000000000000000000000000000000000000100100000000000000000000000000000000000000,
;tableau 201 de l'image 4 à pour solution : 1 
0000010000000000000000000000000000000000000000000000000000000000000000001000000000000000000000000000000000000000000000000000000000000000000000000000000000000000001000000000000000000000000000000000000000000000000000000000000000000000000000001000000000000000000000000000000000000000000000000000000000000000000000000000000000000000100100000000000000000000000000000000000000000000000000000000000000000000000000000000000100000000000000000000000000000000000000000000000001000000100000000000000000000000100000000000000000000000000000100000000000000000000000001010000000000000000000010000000000000000000000000000001000000000000000000000000000100100000000000000000000000011000000000000000000000010000000100000000000000000000001110011000000000000000000100100000000000000000000000000000000000000000000,
;tableau 202 de l'image 4 à pour solution : 1 
0000010000000000010000000000000000000000000010000000000000000000000000000100000100000000000000000000000000100000000000000000000000000100000000000000000000000000000100000000000000000000000000000000000000000000000000000000000000000000000000010100000000000000000000000000010000100000000000000000000000000000000000000000000000000000000000000000000000000000000000000000000000000000000100000000000000000000000000000000000000000000000000000000000000000000000000000000000000000000000000000000000000000000000000000000000000000000000010000000000000000000000000100000000000000000000000000001001000000000000000000000000000000000000000000000000000010000000000000000000000000100001000000000000000000000000000000000000000000000000000000100000000000000000000001000000000000000000000000000010000000000000000,
;tableau 203 de l'image 4 à pour solution : 1 
0000010000000000000001000000000000000000000000000000000000000000000000000000010000000000000000000000000001000000000000000000000001000010000000000000000000010000000000000000000000000000000000100000000000000000000001000101000000000000000000000000010000000000000000000000000001000000000000000000000000000001000000000000000000000000100000000000000000000000001000010000000000000000000000000001000000000000000000000000100100000000000000000000000001010000000000000000000000000000000000000000000000000000000000000000000000000000001000000000000000000000000000000000000000000000000000101000000000000000000000000000000010000000000000000000000100000010100000000000000000000000100000000000000000000000010001000000000000000000000000000000000000000000000000000000000000000000000000000000000000010000000000,
;tableau 204 de l'image 4 à pour solution : 1 
0000010000000000000000100000000000000000000000000000000000000000000000010000000000000000000000000000000000000000000000000000000000000100000000000000000000000000000000000000000000000000000000000000000000000000000010000000000000000000000000000000000000000000000000000000000000000000000000000000000000000000000000000000000000000000010000000000000000000000000000000000000000000000000001000000000000000000000000001000000000000000000000000000111000000000000000000000000001000101000000000000000000000000100000000000000000000000100000000000000000000000000100000000000000000000000000000000000000000000000000000000000000000000000000000000000000111000000000000000000000000000000100000000000000000000001000000000000000000000000000000011000000000000000000000000011000000000000000000000000000000000000000,
;tableau 205 de l'image 4 à pour solution : 1 
0000010000000000000000000000000000000000000000000000000000000000000000001100000000000000000000000000100000000000000000000000000100000001000000000000000000000000001000000000000000000000100000000000000000000000000000000000000000000000000000010100000000000000000000000000000000000000000000000000000000000000000000000000000000000100000000000000000000000000000000000000000000000000000000100100000000000000000000000010000000000000000000000000000000000000000000000000000000000000000000000000000000001100000000000000000000000000000000010000000000000000000000100010000000000000000000000000100100000000000000000001011000001000000000000000000000000010000000000000000000000000001000000000000000000000000000000000000000000000000000000000000000000000000000000000000000000000000000000000000000000000000000,
;tableau 206 de l'image 4 à pour solution : 1 
0000010000000000000000100000000000000000000000000001000000000000000000000000001000000000000000000000000001000000000000000000000000000000000000000000000000001000000100000000000000000000000001000000000000000000000000000000000000000000000000000000010000000000000000000000000000000000000000000000000000000001000000000000000000000000000000000000000000000000001000000000000000000000000000000000000000000000000000000100010000000000000000000000010001000000000000000000000000000000000000000000000000000000000000000000000000000000000000000000000000000000000101000000000000000000000000001010000000000000000000000000000110000000000000000000000001110000100000000000000000000000000000000000000000000000000001000000000000000000000100001001000000000000000000000100001000000000000000000000001000000000000000,
;tableau 207 de l'image 4 à pour solution : 1 
0000010000000000000000000000000000000000000000000100000000000000000000010100000000000000000000000000100000100000000000000000000000000100000000000000000000010000011000000000000000000000010000000000000000000000000100000000000000000000000000000000000000000000000000000000010000000000000000000000000000000000000000000000000000000000000100000000000000000000010000000000000000000000000101000000000000000000000000001000000000000000000000000000000000000000000000000000000001000100000000000000000000000010000000000000000000000001000000000000000000000000000000000000000000000000000000000000000000000000000000000000011000000000000000000000000000001001000000000000000000000111110000000000000000000000001000000000000000000000000000000010000000000000000000000000000000000000000000000001000000000000000000,
;tableau 208 de l'image 4 à pour solution : 1 
0000010000000000000000000000000000000000000010000000000000000000000000001000001000000000000000000000000000010000000000000000000000000000000000000000000000001000000000000000000000000000000000000000000000000000000010000000000000000000000000011000010100000000000000000000001000000000000000000000000001100000000000000000000000001000000000000000000000000000000000000000000000000000000000101100000000000000000000000000000000000000000000000000000000000000000000000000000000001000100000000000000000000000000000000000000000000000100000000000000000000000000100000000000000000000000000000000010000000000000000000000000000010000000000000000000000000000000000000000000000000000000000000000000000000000000000000000000000000000000000011000000000000000000000000010110000000000000000000000100000000000000000,
;tableau 209 de l'image 4 à pour solution : 1 
0000010000000000000000000000000000000000000000000000000000000000000000010000000000000000000000000000010000000000000000000000000000000010000000000000000000000100000000000000000000000000010001000000000000000000000100000000000000000000000000000000000000000000000000000000000001000000000000000000000000000000000000000000000000000100000000000000000000000000000000000000000000000000000100000000000000000000000000000000100000000000000000000000000010000000000000000000000000100000000000000000000000000100000010000000000000000000000010001000000000000000000001001000000000000000000000010000000000000000000000000000100000100000000000000000000000000010000000000000000000000000100100000000000000000000011000000000000000000000000000000000100000000000000000000000000000000000000000000001010000100000000000,
;tableau 210 de l'image 4 à pour solution : 1 
0000010000000000000000000000000000000000000001000000000000000000000000000000001000000000000000000000000000000000000000000000000001000001000000000000000000001000000000000000000000000000100000000000000000000000000000000000000000000000000000001000000000000000000000000000001000000000000000000000000000000000000000000000000000001000000100000000000000000000000000000000000000000000000010000000000000000000000000000010000000000000000000000000001000000000000000000000000001000100100000000000000000000000000000000000000000000000100000000000000000000000000000000000000000000000000000001010000000000000000000000000001000000000000000000000000010100000000000000000000000000000001010000000000000000010000000000000000000000000000000001000000000000000000000000010000000000000000000000000000000001000000000,
;tableau 211 de l'image 4 à pour solution : 1 
0000010000000000100000000000000000000000000000000000000000000000000000000000010000000000000000000000000000010000000000000000000000000100000000000000000000000000000000000000000000000000000000000000000000000000000001000000000000000000000000000000000100000000000000000000000000010000000000000000000000000100000000000000000000000010000000000000000000000000111000000000000000000000000000000000000000000000000000000000000000000000000000000000000000000000000000000000000000000010000000000000000000000010001000000000000000000000001000000000000000000000000000100000100000000000000000000000000000000000000000000000000000000000000000000000000000010010000000000000000000000000000100000000000000000000011000000000000000000000000101000100000000000000000000011000000000000000000000000000000000000000000000,
;tableau 212 de l'image 4 à pour solution : 1 
0000010000000000000000000000000000000000000000000010000000000000000000010100000000000000000000000000010000000000000000000000000000000000000000000000000000000000010000000000000000000000000000000000000000000000000000100000000000000000000000000100000000000000000000000000000000100000000000000000000100000000000000000000000000000000110100000000000000000000000000000000000000000000000000100000000000000000000000000000000000000000000000000001000000000000000000000000000100000000000000000000000000000000000000000000000000000000010000000000000000000000000000000000000000000000000000000000000000000000000000000000100000000000000000000000000000101001000000000000000000000100011010000000000000000000000000000000000000000000000000010000000000000000000000000000000100000000000000000000000000000000000000,
;tableau 213 de l'image 4 à pour solution : 1 
0000010000000000000000100000000000000000000000000000000000000000000000001000001000000000000000000000000000000000000000000000000000000001000000000000000000001000000000000000000000000000000000010000000000000000000001000100000000000000000000001000000000000000000000000000000001010000000000000000000000000000000000000000000000000000000000000000000000000000010010000000000000000000000000000100000000000000000000000000000000000000000000000000010000000000000000000000000000000000000000000000000000000000000000000000000000000000000001000000000000000000000000100000000000000000000000000000000000000000000000000000001000100000000000000000000110000000000000000000000000001000000000000000000000000001101000000000000000000000000000001001000000000000000000001010100000000000000000000000000100010000000000,
;tableau 214 de l'image 4 à pour solution : 1 
0000010000000000010000000000000000000000000001000001000000000000000000000000010000000000000000000000000000000000000000000000000000000000000000000000000000000100000000000000000000000000100000000000000000000000000000000000000000000000000000000000000000000000000000000000000000000000000000000000000000000001000000000000000000000000000000000000000000000000000000000000000000000000000000000000000000000000000000000000000000000000000000000000000000010000000000000000000000000000000000000000000000000000000000000000000000000000000000001000000000000000000001000000000000000000000000001000000000000000000000000001000000000000000000000000000000000001000000000000000000000010010000000000000000000000000000100000000000000000000000000000000000000000000000000101001000000000000000000001000000000000000000,
;tableau 215 de l'image 4 à pour solution : 1 
0000010000000000000000000000000000000000000000000100000000000000000000000000000000000000000000000000000000000000000000000000000000000011000000000000000000000000001000000000000000000000010000010000000000000000000001000000000000000000000000000000001100000000000000000000100001000000000000000000000000000010000000000000000000000000000000000000000000000000010000000000000000000000000000000000000000000000000000000010000000000000000000000000100000000000000000000000000000000000000000000000000000010000000000000000000000000000010100000000000000000000000000000011000000000000000000000000000010000000000000000000000000000000000000000000000110000010000000000000000000001100100000000000000000000000000100000000000000000000000001000001000000000000000000010010000000000000000000000000100001000000000000,
;tableau 216 de l'image 4 à pour solution : 1 
0000010000000000000000010000000000000000000010000000000000000000000000000100001000000000000000000000010000100000000000000000000100000000000000000000000000000000000000000000000000000000000001000000000000000000000010000000000000000000000000000000010000000000000000000000000000010000000000000000000000000000000000000000000000000000000000000000000000000000000000000000000000000000000000000000000000000000000000000100000000000000000000000000001000000000000000000000000001100000000000000000000000000000000000000000000000000000000000000000000000000000000000000000000000000000000000000010000000000000000000000001000010000000000000000000000000000000000000000000000000000000000000000000000000000010000000000000000000000000000000000000000000000000000000000000101100000000000000000000000010100000000000,
;tableau 217 de l'image 4 à pour solution : 1 
0000010000000000000000000000000000000000000000000101000000000000000000000000000000000000000000000000100001000000000000000000000000100010000000000000000000000000011000000000000000000000000000000000000000000000000000100000000000000000000000000000001000000000000000000000000000000000000000000000000000100000000000000000000000000000010000000000000000000001001000000000000000000000000000000100000000000000000000000000000000000000000000000000100000000000000000000000000000000000000000000000000000000000000000000000000000000000010000000000000000000000000000011000000000000000000000000100000000000000000000000000001000001000000000000000000000000001000000000000000000000000010000000000000000000000000000000000000000000000000001000100000000000000000000010111000000000000000000000000000000000000000000,
;tableau 218 de l'image 4 à pour solution : 1 
0000010000000000000001000000000000000000000001000000000000000000000000000000011000000000000000000000000000000000000000000000000001000000000000000000000000000000000000000000000000000000000000100000000000000000000011000010000000000000000000000000000000000000000000000000010000100000000000000000000001000100000000000000000000000000101000000000000000000000000000000000000000000000000011000000000000000000000000000000010000000000000000000000000000000000000000000000000001000100000000000000000000000000100000000000000000000000000000000000000000000000000000100000000000000000000000000000000000000000000000000000000110000000000000000000000010000000000000000000000000010010000000000000000000000000000000010000000000000000000010000000000000000000000000000000000000000000000000000000010100000000000000,
;tableau 219 de l'image 4 à pour solution : 1 
0000010000000000100000000000000000000000000010000100000000000000000000000100000000000000000000000000010000000000000000000000000100000000000000000000000000000100001000000000000000000000010000000000000000000000000000000000000000000000000000001000000100000000000000000000000000000000000000000000000000000001000000000000000000000000010000000000000000000000001000000000000000000000000000100010000000000000000000000100000000000000000000000000001000000000000000000000000000000000000000000000000000000000000000000000000000000000011000000000000000000000000000000010000000000000000000000000000000000000000000000000000000100000000000000000000000100000000000000000000000000000000000000000000000000000000001000000000000000000000100000000000000000000000000000110011000000000000000000000000000100000000000,
;tableau 220 de l'image 4 à pour solution : 1 
0100010000000000110000100000000000000000000011000110000000000000000000001100011000000000000000000000110001110000000000000000000011000111000000000000000000011100011100000000000000000001110001110000000000000000000111000111000000000000000000011100011100000000000000000000110001110000000000000000000001000101000000000000000000000110000000000000000000000000011000000000000000000000000001101000000000000000000000000110000100000000000000000000011000010000000000000000000001100001000000000000000000000110100100000000000000000000011010010000000000000000000001101000000000000000000000000110100100000000000000000000111110000000000000000000000111111111000000000000000000011111111100000000000000000001111111111000000000000000000111111111000000000000000000011111111100000000000000000000000000000000000000,
;tableau 1 de l'image 5 à pour solution : 6 
1001100000000000000000000000000000000000000000000000000000000000000000000000000000000000000000000000000000000000000000000000000000000000000000000000000000000000000000000000000000000000000000000000000000000000000000000000000000000000000000000000000000000000000000000000000000000000000000000000000000000000000000000000000000000000000000000000000000000000000000000000000000000000000000000000000000000000000000000000000000000000000000000000000000000000000000000000000000000000000000000000000000000000000000000000000000000000000000000000000000000000000000000000000000000000000000000000000000000000000000000000000000000000000000000000000000000000000000000000000000000000000000000000000000000000000000000000000000000000000000000000000000000000000000000000000000000000000000000000000000000000000000,
;tableau 2 de l'image 5 à pour solution : 6 
0001100000000000000000000000000000000000000000000000000000000000000000000000000000000000000000000000000000000000000000000000000000000000000000000000000000000000000000000000000000000000000000000000000000000000000000000000000000000000000000000000000000000000000000000000000000000000000000000000000000000000000000000000000000000000000000000000000000000000000000000000000000000000000000000000000000000000000000000000000000000000000000000000000000000000000000000000000000000000000000000000000000000000000000000000000000000000000000000000000000000000000000000000000000000000000000000000000000000000000000000000000000000000000000000000000000000000000000000000000000000000000000000000000000000000000000000000000000000000000000000000000000000000000000000000000000000000000000000000000000000000000000,
;tableau 3 de l'image 5 à pour solution : 6 
0001100000000000000000000000000000000000000000000000000000000000000000000000000000000000000000000000000000000000000000000000000000000000000000000000000000000000000000000000000000000000000000000000000000000000000000000000000000000000000000000000000000000000000000000000000000000000000000000000000000000000000000000000000000000000000000000000000000000000000000000000000000000000000000000000000000000000000000000000000000000000000000000000000000000000000000000000000000000000000000000000000000000000000000000000000000000000000000000000000000000000000000000000000000000000000000000000000000000000000000000000000000000000000000000000000000000000000000000000000000000000000000000000000000000000000000000000000000000000000000000000000000000000000000000000000000000000000000000000000000000000000000,
;tableau 4 de l'image 5 à pour solution : 6 
0001100000000000000000000000000000000000000000000000000000000000000000000000000000000000000000000000000000000000000000000000000000000000000000000000000000000000000000000000000000000000000000000000000000000000000000000000000000000000000000000000000000000000000000000000000000000000000000000000000000000000000000000000000000000000000000000000000000000000000000000000000000000000000000000000000000000000000000000000000000000000000000000000000000000000000000000000000000000000000000000000000000000000000000000000000000000000000000000000000000000000000000000000000000000000000000000000000000000000000000000000000000000000000000000000000000000000000000000000000000000000000000000000000000000000000000000000000000000000000000000000000000000000000000000000000000000000000000000000000000000000000000,
;tableau 5 de l'image 5 à pour solution : 6 
0001100000000000000000000000000000000000000000000000000000000000000000000000000000000000000000000000000000000000000000000000000000000000000000000000000000000000000000000000000000000000000000000000000000000000000000000000000000000000000000000000000000000000000000000000000000000000000000000000000000000000000000000000000000000000000000000000000000000000000000000000000000000000000000000000000000000000000000000000000000000000000000000000000000000000000000000000000000000000000000000000000000000000000000000000000000000000000000000000000000000000000000000000000000000000000000000000000000000000000000000000000000000000000000000000000000000000000000000000000000000000000000000000000000000000000000000000000000000000000000000000000000000000000000000000000000000000000000000000000000000000000000,
;tableau 6 de l'image 5 à pour solution : 6 
0001100000000000000000000000000000000000000000000000000000000000000000000000000000000000000000000000000000000000000000000000000000000000000000000000000000000000000000000000000000000000000000000000000000000000000000000000000000000000000000000000000000000000000000000000000000000000000000000000000000000000000000000000000000000000000000000000000000000000000000000000000000000000000000000000000000000000000000000000000000000000000000000000000000000000000000000000000000000000000000000000000000000000000000000000000000000000000000000000000000000000000000000000000000000000000000000000000000000000000000000000000000000000000000000000000000000000000000000000000000000000000000000000000000000000000000000000000000000000000000000000000000000000000000000000000000000000000000000000000000000000000000,
;tableau 7 de l'image 5 à pour solution : 6 
0001100000000000000000000000000000000000000000000000000000000000000000000000000000000000000000000000000000000000000000000000000000000000000000000000000000000000000000000000000000000000000000000000000000000000000000000000000000000000000000000000000000000000000000000000000000000000000000000000000000000000000000000000000000000000000000000000000000000000000000000000000000000000000000000000000000000000000000000000000000000000000000000000000000000000000000000000000000000000000000000000000000000000000000000000000000000000000000000000000000000000000000000000000000000000000000000000000000000000000000000000000000000000000000000000000000000000000000000000000000000000000000000000000000000000000000000000000000000000000000000000000000000000000000000000000000000000000000000000000000000000000000,
;tableau 8 de l'image 5 à pour solution : 6 
0001100000000000000000000000000000000000000000000000000000000000000000000000000000000000000000000000000000000000000000000000000000000000000000000000000000000000000000000000000000000000000000000000000000000000000000000000000000000000000000000000000000000000000000000000000000000000000000000000000000000000000000000000000000000000000000000000000000000000000000000000000000000000000000000000000000000000000000000000000000000000000000000000000000000000000000000000000000000000000000000000000000000000000000000000000000000000000000000000000000000000000000000000000000000000000000000000000000000000000000000000000000000000000000000000000000000000000000000000000000000000000000000000000000000000000000000000000000000000000000000000000000000000000000000000000000000000000000000000000000000000000000,
;tableau 9 de l'image 5 à pour solution : 6 
0001100000000000000000000000000000000000000000000000000000000000000000000000000000000000000000000000000000000000000000000000000000000000000000000000000000000000000000000000000000000000000000000000000000000000000000000000000000000000000000000000000000000000000000000000000000000000000000000000000000000000000000000000000000000000000000000000000000000000000000000000000000000000000000000000000000000000000000000000000000000000000000000000000000000000000000000000000000000000000000000000000000000000000000000000000000000000000000000000000000000000000000000000000000000000000000000000000000000000000000000000000000000000000000000000000000000000000000000000000000000000000000000000000000000000000000000000000000000000000000000000000000000000000000000000000000000000000000000000000000000000000000,
;tableau 10 de l'image 5 à pour solution : 6 
0001100000000000000000000000000000000000000000000000000000000000000000000000000000000000000000000000000000000000000000000000000000000000000000000000000000000000000000000000000000000000000000000000000000000000000000000000000000000000000000000000000000000000000000000000000000000000000000000000000000000000000000000000000000000000000000000000000000000000000000000000000000000000000000000000000000000000000000000000000000000000000000000000000000000000000000000000000000000000000000000000000000000000000000000000000000000000000000000000000000000000000000000000000000000000000000000000000000000000000000000000000000000000000000000000000000000000000000000000000000000000000000000000000000000000000000000000000000000000000000000000000000000000000000000000000000000000000000000000000000000000000000,
;tableau 11 de l'image 5 à pour solution : 6 
0001100000000000000000000000000000000000000000000000000000000000000000000000000000000000000000000000000000000000000000000000000000000000000000000000000000000000000000000000000000000000000000000000000000000000000000000000000000000000000000000000000000000000000000000000000000000000000000000000000000000000000000000000000000000000000000000000000000000000000000000000000000000000000000000000000000000000000000000000000000000000000000000000000000000000000000000000000000000000000000000000000000000000000000000000000000000000000000000000000000000000000000000000000000000000000000000000000000000000000000000000000000000000000000000000000000000000000000000000000000000000000000000000000000000000000000000000000000000000000000000000000000000000000000000000000000000000000000000000000000000000000000,
;tableau 12 de l'image 5 à pour solution : 6 
0001100000000000000000000000000000000000000000000000000000000000000000000000000000000000000000000000000000000000000000000000000000000000000000000000000000000000000000000000000000000000000000000000000000000000000000000000000000000000000000000000000000000000000000000000000000000000000000000000000000000000000000000000000000000000000000000000000000000000000000000000000000000000000000000000000000000000000000000000000000000000000000000000000000000000000000000000000000000000000000000000000000000000000000000000000000000000000000000000000000000000000000000000000000000000000000000000000000000000000000000000000000000000000000000000000000000000000000000000000000000000000000000000000000000000000000000000000000000000000000000000000000000000000000000000000000000000000000000000000000000000000000,
;tableau 13 de l'image 5 à pour solution : 6 
0001100000000000000000000000000000000000000000000000000000000000000000000000000000000000000000000000000000000000000000000000000000000000000000000000000000000000000000000000000000000000000000000000000000000000000000000000000000000000000000000000000000000000000000000000000000000000000000000000000000000000000000000000000000000000000000000000000000000000000000000000000000000000000000000000000000000000000000000000000000000000000000000000000000000000000000000000000000000000000000000000000000000000000000000000000000000000000000000000000000000000000000000000000000000000000000000000000000000000000000000000000000000000000000000000000000000000000000000000000000000000000000000000000000000000000000000000000000000000000000000000000000000000000000000000000000000000000000000000000000000000000000,
;tableau 14 de l'image 5 à pour solution : 6 
0001100000000000000000000000000000000000000000000000000000000000000000000000000000000000000000000000000000000000000000000000000000000000000000000000000000000000000000000000000000000000000000000000000000000000000000000000000000000000000000000000000000000000000000000000000000000000000000000000000000000000000000000000000000000000000000000000000000000000000000000000000000000000000000000000000000000000000000000000000000000000000000000000000000000000000000000000000000000000000000000000000000000000000000000000000000000000000000000000000000000000000000000000000000000000000000000000000000000000000000000000000000000000000000000000000000000000000000000000000000000000000000000000000000000000000000000000000000000000000000000000000000000000000000000000000000000000000000000000000000000000000000,
;tableau 15 de l'image 5 à pour solution : 6 
0001100000000000000000000000000000000000000000000000000000000000000000000000000000000000000000000000000000000000000000000000000000000000000000000000000000000000000000000000000000000000000000000000000000000000000000000000000000000000000000000000000000000000000000000000000000000000000000000000000000000000000000000000000000000000000000000000000000000000000000000000000000000000000000000000000000000000000000000000000000000000000000000000000000000000000000000000000000000000000000000000000000000000000000000000000000000000000000000000000000000000000000000000000000000000000000000000000000000000000000000000000000000000000000000000000000000000000000000000000000000000000000000000000000000000000000000000000000000000000000000000000000000000000000000000000000000000000000000000000000000000000000,
;tableau 16 de l'image 5 à pour solution : 6 
0001100000000000000000000000000000000000000000000000000000000000000000000000000000000000000000000000000000000000000000000000000000000000000000000000000000000000000000000000000000000000000000000000000000000000000000000000000000000000000000000000000000000000000000000000000000000000000000000000000000000000000000000000000000000000000000000000000000000000000000000000000000000000000000000000000000000000000000000000000000000000000000000000000000000000000000000000000000000000000000000000000000000000000000000000000000000000000000000000000000000000000000000000000000000000000000000000000000000000000000000000000000000000000000000000000000000000000000000000000000000000000000000000000000000000000000000000000000000000000000000000000000000000000000000000000000000000000000000000000000000000000000,
;tableau 17 de l'image 5 à pour solution : 6 
0001100000000000000000000000000000000000000000000000000000000000000000000000000000000000000000000000000000000000000000000000000000000000000000000000000000000000000000000000000000000000000000000000000000000000000000000000000000000000000000000000000000000000000000000000000000000000000000000000000000000000000000000000000000000000000000000000000000000000000000000000000000000000000000000000000000000000000000000000000000000000000000000000000000000000000000000000000000000000000000000000000000000000000000000000000000000000000000000000000000000000000000000000000000000000000000000000000000000000000000000000000000000000000000000000000000000000000000000000000000000000000000000000000000000000000000000000000000000000000000000000000000000000000000000000000000000000000000000000000000000000000000,
;tableau 18 de l'image 5 à pour solution : 6 
0001100000000000000000000000000000000000000000000000000000000000000000000000000000000000000000000000000000000000000000000000000000000000000000000000000000000000000000000000000000000000000000000000000000000000000000000000000000000000000000000000000000000000000000000000000000000000000000000000000000000000000000000000000000000000000000000000000000000000000000000000000000000000000000000000000000000000000000000000000000000000000000000000000000000000000000000000000000000000000000000000000000000000000000000000000000000000000000000000000000000000000000000000000000000000000000000000000000000000000000000000000000000000000000000000000000000000000000000000000000000000000000000000000000000000000000000000000000000000000000000000000000000000000000000000000000000000000000000000000000000000000000,
;tableau 19 de l'image 5 à pour solution : 6 
0001100000000000000000000000000000000000000000000000000000000000000000000000000000000000000000000000000000000000000000000000000000000000000000000000000000000000000000000000000000000000000000000000000000000000000000000000000000000000000000000000000000000000000000000000000000000000000000000000000000000000000000000000000000000000000000000000000000000000000000000000000000000000000000000000000000000000000000000000000000000000000000000000000000000000000000000000000000000000000000000000000000000000000000000000000000000000000000000000000000000000000000000000000000000000000000000000000000000000000000000000000000000000000000000000000000000000000000000000000000000000000000000000000000000000000000000000000000000000000000000000000000000000000000000000000000000000000000000000000000000000000000,
;tableau 20 de l'image 5 à pour solution : 6 
0001100000000000000000000000000000000000000000000000000000000000000000000000000000000000000000000000000000000000000000000000000000000000000000000000000000000000000000000000000000000000000000000000000000000000000000000000000000000000000000000000000000000000000000000000000000000000000000000000000000000000000000000000000000000000000000000000000000000000000000000000000000000000000000000000000000000000000000000000000000000000000000000000000000000000000000000000000000000000000000000000000000000000000000000000000000000000000000000000000000000000000000000000000000000000000000000000000000000000000000000000000000000000000000000000000000000000000000000000000000000000000000000000000000000000000000000000000000000000000000000000000000000000000000000000000000000000000000000000000000000000000000,
;tableau 21 de l'image 5 à pour solution : 6 
0001100000000000100100000000000000000000010000000000000000000000000010000000000000000000000000001010000100000000000000000000000000000001000000000000000000000000010000000000000000000000000000000000000000000000001000100101100001000000010001100000000100000100000000010000001100000000000000000000001000001010001001000000010010000000000000000100000000000000010000001000000000000000100000000000010000000000000000100000000100000000000000000000000110000000000000000001110110000000000000000000000000000000000000000100000000000000000100010000000000000000000000000000101000000000000000000001010000000000000000000011000001100010000000000000000000000000000000000000000010000110000001000000000000001000110010000010000000000000100000000010000000000000000000001001000000000000000000000000000010000000000000,
;tableau 22 de l'image 5 à pour solution : 6 
0001100000000000000000000000000000000000001010000001000000000000000000010000000000000000000000000000000010000000000000000000010000000000000000000000000010000001000000000000000000000100000000000000000000000011010000000010000000000000000000011000000000001000000001000001000000010000110000000000000000010100000000000000000000000000001100100000000001010000000000110010100000000000000010000000000000000000000000000000000010000000000000100000000000000000000000000000000000000000000010000000001000100000000000100000000000000100010000000010000000000000100001110000000000000000000010000000000000001000000000000000001100000001000000000000010100001100100000000000000000000001000000000000000000000001000000100000000000000000001010110001000000000000000000000000000010000000000000000000100000000000000000,
;tableau 23 de l'image 5 à pour solution : 6 
0001100000000001000010000000000000000000000000000000000000000000000001000000100000000000000000000000000001101010000000000000000000000100000000000000000000000000000000000000000000000000000000000000000000000100100000000000000000000000010100000010000000000010000000000000000000000000000000000000101000100000000000000000000100000000000000001000000000000010100010000000000000000000000000000011001000000000001100000000001100010000000001000000001000000000000000000000011000000000000000000000000001000000010000000000000000010000000100000000000000000000000000000000100000000000000000000000100000000000000000101000000000000010000000000000000000000000000000000000000010000000000001000000000000001000000000000000000000000000110100001000010000000000000000101000010000000000000000000000000000000000000000,
;tableau 24 de l'image 5 à pour solution : 6 
0001100000000000101100100000000000000000000001100000000000000000000000101010000001000000000000000000100010000000000000000000000000010000000000000000000000000000000010000000000000000110100000000000000000000001001000000100000010000000100000001100000000000000000010010001000000100000010000000010000010000000001110000000000000000000000000000000000000000001000000000010100000000000100000000000000000000000000000000000000000001000000000000010000010000000010000000000000000000010001000000000000000000000000000000100000000000100001000010100000000000000000010100000001010000000000000000000000000000000000000010000000000000000000000000001000001100000000000000000000000001000000000000000000000010100000000000000000000000000000000100000000000000000000000010000000000000000000000000000000100000000000000,
;tableau 25 de l'image 5 à pour solution : 6 
0001100000000000000010000000000000000000010000000001000000000000000001000100010000000000000000000000001100000000000000000000010000000000001000000000000000000011000100000000000000000000000001100000000000001000000010010000000000000000000000000000000000100000000000000000000001000000000000000100000000000001000000000000000010010000101010000000000000000000100000000000000000000000000000000000001000000000000000000000000000000000000000000000000000000010000000000000000001100000000000000000000010000000000010100000000000000000110000001000000000000000100000000000000000000000000000000000001000101000000000000000100001000001100000000010101000010000000000000000000000000000000000000000000000000000001010000000000000000000000000000100101000000000000000000001000000000000000000000000000000000000000000,
;tableau 26 de l'image 5 à pour solution : 6 
0001100000000000000000000000000000000000000001100010100000000000000000000000001000000000000000000000000000000100000000000000101001100001000000000000000000110000000000000000000000000000100000010000000000000001000000000000000000000000000000000000000000000100000000000000100000001000100000000000001010000010100001000000000000000000000100000000000000000001001000010000000000000010000010000001000000000000000010000000000000001000000001000010010000000000100000000011100000000001000000000000001000011000000000000000000000010000000000000000000000000000000000100000001000000000001000100000000000000000000000000100000000000000000000000000000000000000011000000000000000000000000000000000000000000000000100000000000000000000000000000000000000000000000000011000100000000000000000000000000000000000000000,
;tableau 27 de l'image 5 à pour solution : 6 
0001100000000001000000000000000000000000010000010001000000000000000010000000000000000000000000000000000000000010000000000000000000001010000000000000000000000001000001000000000000000000000000001000000000001100000000100100000000000000000001000000000000001000000000000011000000100000000000000000000000000000000000000000000000001001000000000000000000100000000000001000000000000000000000000000000000000000000000000000000000000000000000000000100100001000000000000000000000000000010001000000000000000000000100000000000000000100000101000000000000000000011000000000010000000000000000000000000000000000000000000000000010000000000000000001000001110001100000000000000000000001000000000000000000000001000000000000000000000000010000010000000000000000000000000000000000000000000000000000000001000000000000,
;tableau 28 de l'image 5 à pour solution : 6 
0001100000000000000000000000000000000000000000000000000000000000000000001000000000000000000000000000001001000000000000000000010000100000000000000000000000001010001100000000000000000000000001010000000000000000001010000000000100000000001000000000000000000000000000001000000000000000000000000000000000100000000110000000011000000010000000000000000000000000000000100001000000000000001010000001000000000000000000010000000000010000000000100010000000000100000000000000000000000000000000000000001000110100000000000000000000000010001000100000000000000001100100000000001000000000000000000000001000000000000000000001000100001000000000000000001000000000000000000000000000000000001000000000000000000100001010000000000000000000000100000000010000000000000000000011101000000000000000000000000000000000000000,
;tableau 29 de l'image 5 à pour solution : 6 
0001100000000000000000000000000000000000001001100000000000000000000000000110001000100000000000000001000000000000000000000000000001000000000000000000000000000000000001000000000000000101000100000100000000000000000000000000000010000000000001010001000000100100000001100000010000000000000000000101000100001100001000000000000000000001000000000000000001000000000000000000000000000000000000000000001000000000000010000000010000000000000000000000010000000000000000000011000000000000010000000000000000000010000000000000000000000000100000001000000000000000000000000000000000000000000000000000000000000000000000000000000000000000000000000000000000010000000000000000000001100000100001000000000000000000000000000010000000000000000000010000000000000000000000000100000000000000000000000000000000000000000000,
;tableau 30 de l'image 5 à pour solution : 6 
0001100000000000000100100000000000000000000000001011000000000000000011000000000000000000000000000100000000000000000000000000100000100000000000000000000001000000000000000000000000000010000000000000000000000000000000000000000000000000000100100000000000000000000000000000001000000000000000000010000000000001000000100000000000100000001000000000000000000000000000000010000000000100101010000000000100000000010000000001000000000100000001000000000100000000010000000000000000000010000100000000000000000000010000000000000001000001010001100000000000000000100001000000000100000000000001000000000000011000000000000010000000000000000000000000010001000001000000000000000010000000000000000000000000000001011000000000000000000000000000000000001000000000000000000011001000000000000000000000000000100000000000,
;tableau 31 de l'image 5 à pour solution : 6 
0001100000000000000000000000000000000000001000000000010000000000000000000000000000000000000000000000000000000000000000000000000000000000010000000000000000001001000000000000000000000000010000000000000000000000000000000000000000000000000000000000010000001000000000000000010100100001000000000000000000000010000000000000000000010101000000000000000000011000010000000000010000000000010000000010000000000000000110000000000000000000000000000000000001000000000000000000000000010100001001000000000010000000100000000000000000101000000000000000000000000101000010010000000000000000000000010000010000000000000000010000010100000000000000000010000000000000000000000000000000000000000000000000000000000000000000001000000000000000000000010110000000000000000000000000000000000000000000000000000000000000000000,
;tableau 32 de l'image 5 à pour solution : 6 
0001100000000000010000000000000000000000000000001001000000000000000000000100000000000000000000000000000000101000000000000000000000000000000000000000000000000000001000100000000000000000000000000000000000000000000000000000000010000000000000000000000000000000000000000001000001000010000000000100001100010001000000000000000000000000100000000000000001000000000000001001000000000000000000000000001000000000000000010001100100001000000000001000000000000000000000000001000000000000000000000000000000000100000010000000000000000010000000000000000000000000111000001000000000000000000100000001100000000000000000001000000000000000000000000000000000000010000100000000000000100001001010000000000000010000010000000001000000000000000000000000000000000000000000000100100000000000000000000000000000000000000000,
;tableau 33 de l'image 5 à pour solution : 6 
0001100000000001000000000000000000000000000000000010000000000000000000000000000000000000000000000000000000000000000000000000000100000000000000000000000000001010000000000000000000000100000000000000000000000011010000000000000000000000000000000000000100010000000000100000000000001000010000000010100000000000000101100000010100000000000100001000000000101001010001000000000000000000000000000100000000000000000000000000000000100100000000000110100000000010000000000000010000100000000100000000001000000000000000000000000001000000000000001000000000000010000100000000000000000000000010000000000000000000000000000001001000000000000000000001100000000000000000000000000000000100000000000000000000000001000000001100000000000000010000010000000000000000000000000011000000000000000000000000010000000000000000,
;tableau 34 de l'image 5 à pour solution : 6 
0001100000000000000000000000000000000000000000000100010000000000000000000001000000000000000000000010000000000010000000000000000010000000000000000000000000000000000000000000000000000000001000010100000000000000000000000001000100000000000000000000000000000010000000010010100010000010000000000000000000000000000000000000100000100000000000010000000000010000000000000000000000000100001100010000000100000000000001100001000000000000000000000000000000001000000000000000000000000001000010000000000000000000000000100000000000110001000000000000000000000000000000100000000100000000000100010000000000000000000000000000000000000000000000000000001000010000000000000000001010001000000000000000000000000100000000000001000000000000001000000100101000000000000000010000001100000000000000000000000000000000000000,
;tableau 35 de l'image 5 à pour solution : 6 
0001100000000001000100000000000000000000011000000010000000000000000001000000000000000000000000000001000000000000000000000000010100000000001000000000000000010000000000000000000000000101000000000000000000000101001000100000001000000000000000001000000000010000000000000000000000000000000000000001000000000000000000000000000000000000000100001000000010000001000000010000000000000000000000000000001000000000001000000000001001100000000000000000100001000010000000000000010000100100011000000000000001001000100000000100000000001000000000100000000000000001000000001000101000000000000000000000000000000000000000010010010000000000000000000000000000000001000000000000000000000100000000010000000000010000010000000010000000000000000000010000010000000000000000000001010000000000000000000000000000000000000000,
;tableau 36 de l'image 5 à pour solution : 6 
0001100000000000001010000000000000000000000110000100000000000000000000000011000000100000000000000100000100001000000000000000001010000001000000000000000000000000000000000000000000000000000000000000000000000000000010000000000100100000000100000010100000000000000001000010000100000000100000000100001001000000000000000000000000001000000000000000000000000010000000001000100000000000001000101000000000000000000000011000000000000000000000100000000000010000010000000010100000000000000000000000000000000000000000000000000000010100000000000000100000000010010000000000010000000000000000011000000000000000000000000000000000000000000000000001000010000000001000000000000000000000001000001000000000001001000000000000000000000000100000000000000000000000000000010000000000000000000000000000000000000000000000,
;tableau 37 de l'image 5 à pour solution : 6 
0001100000000000000000000000000000000000000001010000000000000000000010000000000000000000000000000010000000000010000000000000000000000000010000000000000001000000000010000000000000000011000000100000000000000011000100010000000000000000000000000101001000101000000000100000000000001000000000000000000000000000101000000000010010100000000000100000000000000000000000000000010000000000100000000000100000000000000001000000010000001000000001000101100000000000000000000000000000000000000011000000010000000100000000000000000000000000001000000101000000000000101100000001001000000000001001000000000000000000000000001000000000000000000000000000000000001000000000000000000100100000000000000000000000000100000000000000000000000000000001000010000000000000000000000000000000000000000000000000000000000000000000,
;tableau 38 de l'image 5 à pour solution : 6 
0001100000000000000000000000000000000000000000000000100000000000000000000000000001100000000000000100000000000000000000000000111000101000100000000000000000000100001000000000000000000000000000000000000000000000100000001000010000000000000001000000000010000000000011000000000001000000000000000100000000000000000100000000000100000000000000000000000000000000000000000000000000000000001100100000000000000000000000000100000000000000000000000000000000000000000000000100100100000000101000000000000000000000000000000000000000000000100010010000000000000000000000000000000000000000000010000000001000000000000000000000010000000001000000000000000000010000000000000000000010000000001000010000000000001011001010000010000000000000010000010100100000000000000000000000000000000000000000000000000000000000000000,
;tableau 39 de l'image 5 à pour solution : 6 
0001100000000000000001000000000000000000000001000000000000000000000000001101000000000000000000000000010000000000000000000000000000000100000000000000000000000000100100000000000000000010000000001100000000000010001000000110000010000000001000001100100000000010000000010000000000000001100000000001001000000000000000000000000000000000000110000000000000000011000100000000000000000001000000000000000000000000000011000000000000000000000000001000000000000000000000000001000001000000000101000000000000000000010000000000000000000001000000000000010000000000000000100000001000000000000100001000000000000000000000011000000000000000100000000000000011000100100000000000000000000111000000000000000000000000000000000000000000000000100001000000001000000000000000010000000000000000000000000000000000000000000000,
;tableau 40 de l'image 5 à pour solution : 6 
0001100000000000000100000000000000000000000010000001000000000000000000000000000000000000000000001000000000100000000000000000000000101000010000000000000000000000010010000000000000000000001000000000000000000001000000001000000100000000000000110000000101000000000000100101100000000000000000000000100100000000000001000000000000110001100000001000000000000000000000000000000000000000000000000000000000000000010000010000100000000000000001000000000001000001000000000000000000000000001000000000000100000001000010000000000000100000000000010000000000000000000000000100000000000000001010000000000000100000000000000000000000000000000000000000001000001000000000000000000000100000000000000000000000000110000010000000000000000000000110101000100000000000000000000000000000000000000000000000000000000000000000,
;tableau 41 de l'image 5 à pour solution : 6 
0001100000000000000000000000000000000000001000001000010000000000000000000000000000000000000000000110000000000110000000000000011100000000000000000000000000100000100000000000000000000010000000000000000000001110000000000100000000000000010001000000100000001100000000010000000000000000000000000000000000000100000100000000000100000100000000000000000000001001000000100000000000000001001100000100000000000000000000000000000100100000000000000000100000001000000000000010000000000000000000000000000000000000000000000000000000000000000011000000000000000000100000000000000000000000000001000000001000000000000000000000000000000100100000000010000000100000000000000000000100000100100001000000000000000000000000100100000000000000000000010000000000000000000000000000000000000000000000000000000000000000000000,
;tableau 42 de l'image 5 à pour solution : 6 
0001100000000000000001000000000000000000000010010001000000000000000000001000000000100000000000000000000000000000000000000000000001100000000000000000000000000001000001000000000000000000001001000000000000000000000000000000100100000000000010100001000000000000000001000110000000000000010000000001000000000000000000000000000000000000001000000100000000100000000010000000000000000000000011000000001000000000010010000000000000000100000000000001001000000000000000000000000000000100001001000000001000010000000001000000000000000000000000010000000000000000000000000000001000000000000000000000000011000000000000001000010000000000000000000001100000000000001000000000000000010000000000000000000000000000001000000001000000000000101000000000010000000000000000100101000000000000000000000000100010000000000000,
;tableau 43 de l'image 5 à pour solution : 6 
0001100000000000010010000000000000000000000000001100000000000000000000000000000000000000000000000000000000100000000000000000100000000001010000000000000000000000100000000000000000000000000100100100000000001001000001000010000000000000000000000000000000100000000000000000010000000001100000000100100000000000000000000000000000000100000000000000000000010000100001000000000000000000010000000000000000000000000000100000000100000000000000000000000000000000000000000000000001000010000000000000000000000001000000000100000000000000001000000000000000000010000010000001000000000000001010010010000000000000000000000000000000101000000000000000000001000000100000000000000000000010000000100000000000000000000100011000000000000000000010010000000000000000000000000000000100000000000000000000000000100000000000,
;tableau 44 de l'image 5 à pour solution : 6 
0001100000000000100001000000000000000000001000010010000000000000000000101000100001000000000000000000111000000000000000000000011000000000000000000000000010000000000000000000000000000000000000000000000000000000001100000000100000000000000000000100100000000000000000010001001000000000000000001000000100001000000000000000000010000000100000000000000000000001000000000011010000000000000110000100000010000000000000010000001000000100000001000000000000000000010000000000010000000000000000000000000000000100000000010000000000100000000000000000100000000000000000010000000000000000000000000000000001001000000000101000000000000100000000000000000100000001010000000000000000000100000000000000000000000000000000000000000000000000000000000010000000000000000000000001000000000000000000000000011000000000000000,
;tableau 45 de l'image 5 à pour solution : 6 
0001100000000001000010000000000000000000000000000001000000000000000000000000000100000000000000001000000100000000000000000000100001001000010000000000000000000000010000000000000000000000100000000000000000001000000000000000000100000000001000100000000000000000000000000000000000010000000000000100101000000000000000000000000000010000000000001000000001000000100000000000000000000000000000011000001100000000000010001000000000000000000000001001000000000010100000000000100000100000000000000000001000110000001100000000000000000000000001000010000000000011000000000000000000000000001001000000000000000000000000010100000000001001000000000010000001101000000000000000000001000000000000000000000000000000010000010000000000000000000000000000000000000000000000001000101000000000000000000000000000000000000000,
;tableau 46 de l'image 5 à pour solution : 6 
0001100000000000010100000000000000000000000000000000000000000000000000000000100000000000000000000000100000000000000000000000001000000000000000000000000000000000000000000000000000000000000000000000000000000001000000000100100000000000000000000000000000000000000001000010000000000000000000000000000000000000000000000000000000000000000001000100000000000000000000100000010000000010000000000100000000000000000000000000000000101000000000000000100000100000000000000000001100000000000001000000010010000000100010000000000000000000000000000000000000000000000000000100000000000000000000000000000010000000000000000000000000000100000000000001100000000000100000000000000110000000000000010000000000001000000000000100000000000000000000000000000000000000000000000010000000000000000000000000010011000000000000,
;tableau 47 de l'image 5 à pour solution : 6 
0001100000000000000000000000000000000000001000010001000000000000000000000010000100000000000000000000000000000000000000000000000100000000000000000000000000010000100010000000000000000000000000000100000000000000000010000000000000000000001100000100000000010000000000000000000000001000001000000101001000000110000000000000010000100010000000000000000001000000000010010000000000000000001000000000000000000000000110000000000000000000000000000000010010001000010000000000100000000010001010000000000101000000001101100000000000001000000001000001000000000001000000000000000000000000000010000001000000000000000000100000000000000001000000000000000000000000001000000000000000100100000100000000000000000000000001011000000000000000000000000010000000000000000000000000000000000000000000000000000100000000000000,
;tableau 48 de l'image 5 à pour solution : 6 
0001100000000000000100000000000000000000000000000000000000000000000000000000000000000000000000000100000010000100000000000000100000000100000000000000000001000000001000000000000000000000010100000000000000000000000000000000000110000000000010000000000000100100000010000001000100000000000000000000000000000000000001000000000000000000001000010000000000001000000000001000000000000100000000000000000000000000011000000000101000000000000000100000000000000010000000000000000000010000110000000000000010100000000010000000000000010000001100100000000000000000000001000000000100000000000000000000100100000000000000010000010101010000000000000000000000000000000000000000000010001000100000000000000000000000000010000000000000000000000010000000000000000000000000000001000000000000000000000000000000000000000000,
;tableau 49 de l'image 5 à pour solution : 6 
0001100000000000000000000000000000000000001000001001000000000000000000000100000000000000000000000000000000000000000000000000010100100010000000000000000000000000000001000000000000000000000000000000000000000000010000010100000000000000000000000010000000000000000000000000000000001000000000000100000100000000000000000000000010100000010000001000000000000111001000000000000000000000000100000010001000000000000000000000000010000000000000000000000000000000100000000000011100100000000001000000000000000010001001000000000000100000000000000100000000000000000000010000000010000000000000000000000000010000000000000001000000000000000000000000000100110100000000000000000000000000001000000000000000001000000000000000000000000000000000010000100000000000000000000010100000000000000000000000000000100000000000,
;tableau 50 de l'image 5 à pour solution : 6 
0001100000000000000100100000000000000000000000000100000000000000000001010001000000000000000000000000000000000000000000000000100000000001000000000000000000000000000000000000000000000000000010010100000000000000000000000000000000000000100100000000000000110010000000000000000000100000000000001000000000000010001000000000000100000001000000100000000000100000100000001001000000000000000000000000100000000000010000000000010000000000000000110000001000000000000000000001000000000000000000000000000010010000000000000000000000001000110000000000000000000100000010000000010000000000000000100000000000000000000000000000000000110000100000000011000000000000000000000000000001000000010000000000000000000000100000010000000000000000000000000000000000000000000000000000000000000000000000000000000000000000000000,
;tableau 51 de l'image 5 à pour solution : 6 
0001100000000000000000000000000000000000000000000000000000000000000000000000010000000000000000000000001011010000000000000000000000000000000000000000000010000000100000000000000000000010001000000000000000000101000000000000000100000000000001100010010001000000000000000000100000001001000000000000000000000100000000000000000000010110000000000000000000001000000000000000000000000001100000001000010100000000001000000001100000000100000000001000000110000110000000000000000010000000000000000000000000100000001000011000000000010000000000000000000000000000010000000000001000000000001000010000000000000000000000001000000000000000000000000000000000000000000000000000000000001000000000000000000000000000000010000000000000000000000000001110100000000000000000010000100000000000000000000000000000000000000000,
;tableau 52 de l'image 5 à pour solution : 6 
0001100000000000000000000000000000000000000001000000010000000000000000000001000000000000000000001000000100000000000000000000000010000000000000000000000001100000000000000000000000000000000000001001000000001000010010000001000011000000000100000000000000000100000000000000000000000000000000000101011000000000000000000000000001000000010000001000000000000000000100000000000000000000000000000000000000000000000010000000000000000000000000000000100000010000000000000000000000000000010000000000001000000100000000000000000000100001000010111000000000000100000000100000000010000000000000001010010000100000000000000100000000000000000000000000000000000000000000000000000001000000000000000000000000000000000000001010000000000000000000000000001000000000000000000100000000000000000000000000000000000000000000,
;tableau 53 de l'image 5 à pour solution : 6 
0001100000000001010000000000000000000000000000000100000000000000000000001000100000100000000000000000000000100000000000000000000000000000000000000000000000000000000000000000000000000000000000010100000000000001000000000000000000000000100011000100000000001000000010010000000010000000001000000000000110001001000000000000000000000000000010100000000000000000000010010010000000000100000000000000000001000000000100000001000000000000000000000000000000000011100000000001000000000000000100000000000010000000000100000000000000000100000000000000000000000001000000000000000000000000001000000000000000000000000000001000000000000000000000000000000000000000000000000000001000000000000101000000000000010001000000000100000000000000000000000000000000000000000000100000000000000000000000000000000001000000000000,
;tableau 54 de l'image 5 à pour solution : 6 
0001100000000000000110000000000000000000000000000010000000000000000011000000000000000000000000000001000000000000000000000000000000000000000000000000000011000100000000000000000000000010000000000000000000000000001000001000000000000000010000000000000000000000000000001100000000000000000000000100000001000000000000000000000100000000100000000000000000000010000000000000010000000000001000000000000000000000000000100000000000010100000000100000001001000000000000000110000000001000010000000000000000100000000000000000000000000001000000000010000000000000000000100000000000000000000010000000000001010000000000000000000000000000000000000000010000000000000000000000000010000100000000000000000000000000000100000000000000000000000000000100000000000000000000000100000000000000000000000000000000000000000000,
;tableau 55 de l'image 5 à pour solution : 6 
0001100000000000100000000000000000000000000000001000000000000000000000000000010000100000000000000000000000000010000000000000000000000010000000000000000000000000100000000000000000000101000000100000000000000010000000000010100000000000000100000010000000001000000000010010000000001000000000000000000000000000000000000000000001010000000000010000000000010000000000000000000000000100010000000010000100000000010000001100000000000000000001001000000000000000000000000001000000000001000000000000000001000000000000010000000000100000000100000001000000000000000100000000000000000000000000100000000100000000000000000010000000000000000000000000001000000000000000000000000000010000000100000000000000001000000010000100000000000000001000000000000000000000000000100010000000000000000000000000001000000000000000,
;tableau 56 de l'image 5 à pour solution : 6 
0001100000000000001000000000000000000000000100000000000000000000000000000000000000000000000000001000000000000000000000000000000011000000000000000000000000001100000000000000000000000010000000000000000000000001001000000000001010000000000000010000000000000010000001000001000000000000010000000000000000100000000000000000000010000001000000000000000000001011000100000000000000000000000000000000001000000000000000000000100000000000000000000011011000000100000000000100010000100100000000000000000000110010000000000000000000000000100000010000000000000000000000010100000100000000000000000000000001110000000000001000101000100000000000000000000000000000000100000000000001100000000000000000000000000010000000000000000000000000000000000101000000000000000000001000001000000000000000000000100000000000000000,
;tableau 57 de l'image 5 à pour solution : 6 
0001100000000000100000000000000000000000000000000000000000000000000000000000100000000000000000000000000000010000000000000000000000000000000000000000000010010000001000000000000000000000001000000001000000000100000000101000010100100000011100000000000001000000000000010000000000010000000000000000000000000010100001000000100000010000001000000000000000000000000000000000000000000010100000000100000000000000000000010001010000000000000000011000000001000000000000000000000010001000000000000000000000000000000000000000000000010000000000000000000000000000000000000001000000000000000000000000000000001000000000000000000000001000000000000000000010000000100000000000000000001000000000000000000000010101000010001000000000000000000100100000000000000000000000000010010000000000000000000000000000000000000000,
;tableau 58 de l'image 5 à pour solution : 6 
0001100000000000000000000000000000000000000000001100000000000000000000000000000010000000000000000100000000001000000000000000010000100100000000000000000000100000100100000000000000000000000000100000000000000001000000000000000010000000100010001000010000000000000000000000011010000010000000000000000000000000000100000000000000000000010000000000000001010000100000000000000000000000010010000000000000000000000000100010000000000000000000000000100100000000100000000000010100000000001000000000000000010000000000100000000000000010000000000000000000000000000000000000001000000000000100100000000000000000000000000000100100010000000000000001000100110000001000000000000000010010010000010000000000000000000000000010000000000000001000010000000000000000000000000100000000000000000000000000100010000000000000,
;tableau 59 de l'image 5 à pour solution : 6 
0001100000000001000000000000000000000000000000000000000000000000000000000010110000000000000000000001010000100000000000000000000000010000010000000000000010010001000000000000000000000000000101001000000000000010010000000101000000000000000000000000000000000100000011010010000000000001000000001000000100000001100000100000010000100000000010001000000000000000001000011000100000000000000000000010001001000000000010000001000100000000000001100001000000000000000000000000000000000000000000000000000100100000000000001000000000001001010000000000000000000000000000000001000010000000000001000000000000000000000000000000000000001000000000000000000000001000000000000000001000001000000000000000000000010010000011001001000000000000000000000000010000000000000000000000000000000000000000000000000000000000000000,
;tableau 60 de l'image 5 à pour solution : 6 
0001100000000000000000000000000000000000001100010010000000000000000010000000000000100000000000000000000011000000000000000000000010000010000000000000000000000000000000000000000000000000010000010000000000000001000001010000100100000000100001100000000000000000000000000000000000001010000000000000000000000000000010000000001000010000000000000000000000000010000000000000000000000010000000100000000000000000001000000000000000000000000000000000000000000000000000000100000000000000000000000000001000000000000000000000000000000100000000000001000000000000000000100000000000000000000100101000000000000000000000100101000000000000000000000010000000000000000000000000000000000000001000000000000000000000000000000000000000000000001000000000000000000000000000000000000000000000000000000000000000000000000000,
;tableau 61 de l'image 5 à pour solution : 6 
0001100000000000000000000000000000000000000000100000000000000000000000000000000000000000000000001000100000000000000000000000100100100000000000000000000001000000000001000000000000000000000000000000000000000000000000000000010000000000000000000000010000000000000000100000000000000000000000000000000010000000000001000000000010000001001110000000000000010000001000001010000000000001001000000000001001000000000000101000010000110000000000000000000000100000000000000001000000000000001000000000000100000000000000000000000000001000100001000000000000000000000000001000000110000000000000000010010000000000000000001000000000000010000000000000000000110010000000000000000010000000000100100000000000000000000000010000000000000000100100010000000000000000000000000001010000000000000000000000100000000000000000,
;tableau 62 de l'image 5 à pour solution : 6 
0001100000000000001000000000000000000000100000000000000000000000000000001010000110000000000000000000000000010000000000000000011011000000000000000000000000000000000000000000000000010000001000000000000000000010000010000000000101000000001000000000001000010000000010000000000000010000001000000001001000000010000000000000000000000000000000100000000001001000000001100001100000000000000000000000010000000000010001000000000000000000000000000100100100000000000000000000010000000010000001000000000000000000010011000000000000000001000000000000000000000000100000010111000000000000000001000000001000010000000000000010000000000100000000000000000010000001000000000000000000000000100001000000000000000100001000000000000000000000001011000100010000000000000000010000000000000000000000000000000000000000000000,
;tableau 63 de l'image 5 à pour solution : 6 
0001100000000000000010000000000000000000000000110010000000000000000001000000000000000000000000000010000010000010000000000000000000000100010000000000000000000000000000000000000000000100000000011000000000000100000000000100000000000000000000001010000000000000000000100010000000000001010000000000000000001000100000000000000000110000000000000000000000000000000000000010000000000000000001110010000000000000000000000001100000000000000000000000000001000100000000000000000000000000010000000000000001000000000100010000000000000110000000000000000000000001010000001000000000000000000000000000010010000000000000010000000000000000100000000001011000000100000000000000000000000001000000001000000000000010000000000010000000000000000000010000000000000000000000000000000000000000000000000000000100000000000000,
;tableau 64 de l'image 5 à pour solution : 6 
0001100000000000000000000000000000000000011000000100010000000000000000000010000000100000000000000100000000000000000000000000000000000000000000000000000000110001100001000000000000000000000000000000000000000000001000000000000000000000001000000001000000001000000000000000010000000000000000000000000100000000000000000000010000001000010000010000000000000000000000100000000000000000000000000100000000000000010011000010000000100000000000000010000000000000000000000110000000000000000000000000000000100000000000100000000000001000010100000010000000000000000100000000100000000000000000000000000000000000000000001001000000000000000000000000000000000000000000000000000000001000000100000000000000000000010010010000000000000000010000001001000000000000000000000000000000000000000000000000000000000000000000,
;tableau 65 de l'image 5 à pour solution : 6 
0001100000000000100000000000000000000000000000001000000000000000000000000000000000000000000000000010000000000000000000000000010000000000010000000000000001000000001000000000000000000000000000000000000000000001000000000000100001000000010001100000011010000000000000000000000000000000110000000001001000000000000000000000100000000011000000000000000000010001000000001000100000000000001000001000001000000000000100100000001000000000000000010000101011010100000000000001010001000000000101000000000001000100000000000100000000100000000001011100100000000000000010001000000000000000001100010000000000000000000000000010100000000000000000000000000000000000000010000000000100000000000000000000000000000001000000000100000000000000000000000000000000000000000000000000000000000000000000000000000000000000000000,
;tableau 66 de l'image 5 à pour solution : 6 
0001100000000000000000000000000000000000001100110010000000000000000011000000110000000000000000000000000100000000000000000000000100000100000000000000000000010000000000000000000000000000000000000000000000000100000000000100000000100000100000000000000000100000000000001010000001000000000000000000000000001010000000000000000000001000001000000000000001000000010000000000000000000010000000000100000000000000000001000000100000000000000001000010010000100000000000000000000100000000000000000000001000000010000000000000000000000000000000000010000000000000001000000000000000000000000010000000001000000000000000011000001100000000100000000011111010000000010000000000000000000001000000000000000000000000000010100000000000000000010101000100000000000000000000001010000000000000000000000000000000000000000000,
;tableau 67 de l'image 5 à pour solution : 6 
0001100000000000000000000000000000000000000000000000010000000000000000000000000000000000000000001000000010000000000000000000000010001011000000000000000000000010100010100000000000000100101000000100000000000001000000000010000000000000000000010000000010000000000000000001000010000000000000000000000000010000000000100000000000000000000100100000000000001010001000000010010000000000000100100001100001000000000000010100001000100000000000000000000000000000000000000100000010000010010001000000000101000100000000000000000000000000000000000000000000000000000100000000000000000000000000000000000000000000000000000000000000000000000000000000000000000000000000000000000010100000000001000000000000000000010000000000000000000000000000010000000000000000000000010100000000000000000000000000000000000000000000,
;tableau 68 de l'image 5 à pour solution : 6 
0001100000000000000000000000000000000000000001000011000000000000000000000000000000000000000000000000001000001000000000000000010000000000000000000000000000000000000000000000000000000000000000010001000000000000000000100000000110000000001100000000000000010000000000000110000000000000000000000000000000100000000001000000000000000000000000000000000001100000000000010000100000000000000000000000000100000000000100000000100000000000000000000000000101000000000000000000000000000000100000000000000000101000000000000000000001000010000010000000000000000000010000010000000000000000000000101001000100000000000000000000000000000000000000000000000010000000000000000000000000001000000000000000000000000010000100000000000000000000000010000000000000000000000000000000000000000000000000000000000000100000000000,
;tableau 69 de l'image 5 à pour solution : 6 
0001100000000000000100000000000000000000000000000000000000000000000000000000010000000000000000001000000000010000000000000000000110000000000000000000000000110001000101000000000000000000001000000000000000000011000000000011000001000000000000000010000010000010000000000000001000000001000000000100000010010001000100000000010010000000000000000100000000000010000010000000010000000010100000000000000000000000010000000000000001001000000000000010000000000000000000000100000000000000000000000000000000000010110001100000000000000000000000000000100000000000001010000000000000000000000000000000100000000000000000000000001000000100000000000000000000000000101000000000000000000001000000010000000000010000000000100001000000000001001100000000000000000000000000000000000000000000000000000000000000000000000000,
;tableau 70 de l'image 5 à pour solution : 6 
0001100000000000000000000000000000000000000101000110000000000000000010000000100100000000000000000000000000001010000000000000001000000000100000000000000000000010000000000000000000000100000000000000000000000000000000010100000000000000000000000000000000000000000000000000000000000000000000000001000001000000000000000000000100000000000000010000000000011001000000000000000000000000000000010000000000000000000100100000000000000100000000000000000000000001110000000000011010000000010000000000000000000000000000010000000000001000000000001001000000000100100100000010101000000000000000110000000000010000000000000000000000001000000000000000000000000000000000000000000000000000000000000000000000000000001010001000000000000000000001001000100000000000000000010100010000000000000000000000000000000000000000,
;tableau 71 de l'image 5 à pour solution : 6 
0001100000000001000010000000000000000000000000000001000000000000000000000000000000100000000000000000000100000000000000000000000000000000000000000000000000100001110000000000000000000000010000000000000000000000001000000001000000000000000010100000000010000000000000010000100001000001000000000000000000000000100000100000000000010000100000000000000001000000000000000000010000000010100010000001100000000000000000000000000000100000000000011000000010000000000000000000000001000000000000000000000000010100000000000000000000000010001000000000100000000000000000000000000000000000000001000000100000001000000000000000000100000000000000000000000000000000000000000000000000000000000000000000000000000000000000000000000000000000110000000000000000000000000000000000000000000000000000000000000000000000000000,
;tableau 72 de l'image 5 à pour solution : 6 
0001100000000000000000000000000000000000001000100000000000000000000000000010100000000000000000000010000000000000000000000000000000000010100000000000000000000010001000000000000000000000000000011000000000001000000010000000000001000000000000010000000000001000000011000000000100000000000000000001000000000000000000000000000010000000000100010000000000001000000000000010000000000001000001000000000000000000001010000011010000000000000000000000010000100001000000000001001000000000000000000000001010000000000000000000000000000000000000000000000000000110000000000001000010000000000000001010000000000000000000000001010000000000100000000010000000010100100000000000000100101000000000100000000000001000000000000010000000000000000100000000001000000000000000000001001000000000000000000000000000000000000000,
;tableau 73 de l'image 5 à pour solution : 6 
0001100000000000000000000000000000000000010100001000000000000000000000000000000000000000000000000000000000000000000000000000000101100100010000000000000001000100000000000000000000000000000000000000000000000001000000001000010000000000100000000000000000000000000000100010000000000000000000000000000000100001001000000000000000000100001000100000000001100000000000000000000000000000000000000000100000000000000000100000000000010000000001000000000000000010000000000000000000000000000000000000000001000000100000000100000000000000000000100000100000000000010000000000001000000000000001000001000000000000000000000000000000000000000000000000001000000000010000000000000000000000000000000000000000000000000010000000000000000000000000100000000000000000000000100000000000000000000000000000000010100000000000,
;tableau 74 de l'image 5 à pour solution : 6 
0001100000000000000001000000000000000000000001000010000000000000000000100000000001100000000000000000000000000000000000000000000000000000000000000000000000000010000001000000000000000000000000000000000000000000000000000000000000000000010000000000000000000000000010000000001000000000010000000001000100000000000000000000000000000010100000000000000000000000000100000000000000000010000000000011000010000000010000000000100000101000000000000000000000000000000000000100001001000100000101000000001010001000000000000000000000000001000000000000000000000000000000000000100000000000000100000000000000010000000000001010000000000000000000000001000000000000000000000000000000000001000000000000000000000000000000000000000000000000000011010000000000000000000000010000000000000000000000000000000001000000000000,
;tableau 75 de l'image 5 à pour solution : 6 
0001100000000001000000000000000000000000000000000001000000000000000000000000000000000000000000000000000010000000000000000000000100001000100000000000000000000000010000000000000000000000000000010000000000001000000000000000000000000000000000000010000000000000000000000000000001001000000000000000100000010101000001000000000100000000000000001100000000000000100000000010000000000000000000000100000000000000000000000000000010000100000000011000000000000000010000000000100000100001000010000000000000000000010001100000000000000000000000000000000000000000001000000000010000000000000000000001000100000000000000100000000000100000000000000000000110010000000000000000000010010000000010000000000000000000000001000000000000000000000000001001000000000000000000000000000000000000000000000000000010000000000000,
;tableau 76 de l'image 5 à pour solution : 6 
0001100000000000001000010000000000000000000000000000000000000000000000000000000000000000000000001000000000100000000000000000000000000000000000000000000010000011000000000000000000000000000000000100000000000000001010100110001000000000000100000000000000000000000000000000000000000001000000000000001000100000100100000000000000001000000000000000000000010000000000000000000000000001000010100000000000000000000000000000000100000000000001000000000000000010000000000100000000000000000100000000000000000000000000000000000001000000000000001000000000000010000000010010000000000000000100011010000000000000000000000000000000000000000000000000010000000010000000000000000000000000000000000000000000000000000000000000000000000000000000000000000000000000000000000000000000000000000000000000000000000000000000,
;tableau 77 de l'image 5 à pour solution : 6 
0001100000000000000000000000000000000000000000000000000000000000000000000000000001100000000000000000001000000000000000000000000000000000000000000000000000100000000000000000000000000000000000000000000000000010000000000000010100000000000000100010000000000000000000000001000000000000000000000000000000010000000000000000011000000000000000000000000001000000000000100001000000000000100000000000001000000000010100000000000000000000000000010000100000010000100000000000001010000000000000000000000001000100010000000000000000101000000000000000000000000000000000000000000000000000000000000000000000000000000000000001000000000000000000000000000010000000000000000000000000000000001001000000000000000000000000000000000000000000001000010000010000000000000000000000011000000000000000000000001000000000000000,
;tableau 78 de l'image 5 à pour solution : 6 
0001100000000000000000000000000000000000000001001000000000000000000000000001100100000000000000000001000001000000000000000000010000000101010000000000000001000101010000000000000000000000000100000000000000000000000001000100000000000000000000000100000010000000000011000010001001000000101000000000000000000000000000000000000100000010000000000000000000100000000100000000000000000110000000010000000001000000000000000100000000100000000000000010001001000001000000000001000000000010000000000000000000000000000000000000000000000000000010000000000000000100001100000100000000000000000010011000000000000000000000000000000000000000000000000000000000000000000000000000000000001000000100000000000000010000000000000000000000000000000000000000000000000000000000000000000000000000000000000000000000100000000000,
;tableau 79 de l'image 5 à pour solution : 6 
0001100000000001000010000000000000000000011100000000000000000000000000000100001000000000000000000000000000000100000000000000000000000000001000000000000000000000000000000000000000000000000000010000000000000000010000000000000101000000000100111000000000000000000000000001000000000000000000000010010000000000000000000000000000000000010000000000000000000001000000000010000000000001000000000000000000000000000010000000000000000000000000000000000010000000000000000000011000000000000000000000000001000001000000000000000000000010000000001000000000000001100000000000000000000000000000000000101000000000000000110100010000000000100000000000000010000000100000000000000000000001000000000000000000000000000000000010000000000000000000010000000000000000000000000001001000000000000000000000000000000000000000,
;tableau 80 de l'image 5 à pour solution : 6 
0001100000000000000000010000000000000000000001001000000000000000000010000000010010000000000000000000000010010000000000000000000000000000010000000000000000000001000000000000000000000100000010100000000000000000000000100000000000000000000000000000000001000000000001001010000000000000000000000100000000000000000010000000001000000000000000001000000000000000000000000000000000000000100000000000000100000000000000000010000000100100000000000010000000010100000000000001000001000000000000000000000000010110000000000000000000100000000010000000110000000000000000000100000001000000000000000000000000100000000000000000000100000000000000000000100000110000000000000000000000010100010100000000000000000000010000000000000000000000100000000000100000000000000000000000000000000000000000000000000000000000000000,
;tableau 81 de l'image 5 à pour solution : 6 
0001100000000000011000000000000000000000000000000000000000000000000000000000000000000000000000001000010000001000000000000000000000000000000000000000000000000000100001000000000000000000001000000100000000000000010000010000000010000000000000010000001000000100000000100000000000100000100000000000000010001011001000000000000010000000000010000000000000000010000000000000000000000010000001010000000001000000000010000000000100000000000000010000001010000010000000000000000100101000010000000000000000000000000000000000000000000000000000001000000000000000001100100000100100000000001100010000000000000000000000000000000000000000000000000000000010000000000000000000000100000000000000000000000000000001100000000001000000000000010100000000000000000000000000000000000000000000000000000000000000100000000000,
;tableau 82 de l'image 5 à pour solution : 6 
0001100000000000000000000000000000000000000010010000000000000000000000100000100000000000000000000100000000000010000000000000000000111000000000000000000000000000000000000000000000000000000000000000000000000000000000100000000100000000000100000000000010000010000000010000010100001001000000000000000100000000000001000000000000000000000000010000000000100000100000000000000000000000100000000000000000000000010000000000000000000000000000100000100000000100000000000100010001000000000000000000010100000000000000000000000000000000000000000000000000000000000000000000000000000000000010100000000000000000000000110000000000000000000000000000110001100000010000000000000000000000000000000000000000001010000100010000000000000000000000000000101000000000000000010100000000000000000000000000000000000000000000,
;tableau 83 de l'image 5 à pour solution : 6 
0001100000000000000000000000000000000000000000000000000000000000000000000000000000000000000000000000000010010000000000000000100100000000000000000000000000001010000000000000000000000000000100000100000000000010000000011000000000000000000000010000000000001000000000000000000000000000000000000000000000100000000000000000000000000100000000000000000000000000000000000000010000000000000000010000100101000000000000100000100000000000000000000000000000010011000000000000000000101000000000000000000000000010000000000000000000000001000001000000000000000000000010000010000010000000000100000000010000001000000000000000001010100001000000000000001000000000000000000000000000000000000001000000000000000000010000001010000000000000000000000000000000000000000000000000000000000000000000000000000000100000000000,
;tableau 84 de l'image 5 à pour solution : 6 
0001100000000000100000000000000000000000000101000000100000000000000010000110000010100000000000000010000000000000000000000000000000000000000000000000000001100000000000000000000000010000000000000000000000000000000001000010000000000000000000000010000000010000000010000000000100000000000000000010110000001000000100000000001010010000000000001110000001010010000000100001000000000100000000000000000000000000000000000001010010100000000000000010000000000000000000000000000000010000100000000000001000010000000000000000000000000000000000000000100000000000010000000100001000000000000000000000000000000000000000001000000000000010000000000000000000000000000100000000000000000000000000000000000000000000001000000000000000000000100000000000000000000000000000000000000000000000000000000000000011000000000000,
;tableau 85 de l'image 5 à pour solution : 6 
0001100000000000000000100000000000000000000000010100000000000000000000000000010000000000000000000000010000000000000000000000100000010101000000000000000000000100000001000000000000000010000000010000000000000000000000000000001100000000010011000000000001000000000001000000000000110000000000000000001010000010000000000000000100000000100000000000000000000000000000000000000000000000000000100000000000000000000100001010000001010000000001000100000001000000000000000010001000000000000000000000000001000000010000000000000000001000000000000001000000000000101000010000100000000000000000000000000000000000000000000100000100010000100000000010000000000000000000000000000000110010010110000000000000000010010001000000000000000000000000000000000000000000000000000000010100000000000000000000000000000000000000,
;tableau 86 de l'image 5 à pour solution : 6 
0001100000000000000000000000000000000000000110000000000000000000000000100100000000000000000000000010000000000100000000000000000100000000010000000000000000000000000010000000000000000001001000000000000000000011000010000001000000000000000000000000000010000100000000000000000000000000000000000011000000101000000100000000000000001000000000000100000001000000000000000000000000000001000001000000000001000000000000000000000100000000000000100000000000000000010000000100000000100000000000000000000100001001000000000000000000100000000000110000000000000000000000000000000000000000000110000010100000100000000000100010000001000000000000000000000000000000010100000000000000000101000000000000000000000000001000000001000000000000010000101000000000000000000000100000000000000000000000000000010000000000000000,
;tableau 87 de l'image 5 à pour solution : 6 
0001100000000000000000000000000000000000000000000000000000000000000000000000000001000000000000001000000100000000000000000000001000000000000000000000000000000000000000000000000000000000000000010000000000000000000000000000010101000000000001000100000000000000000000001000000000000001000000000000000000000000000000000000001010000000010000000000000000001000000000100000000000000000000000000000000000000000000000001100000000000000000000000000000000000000000000000001000000000000000000000000001000100100100000100000000001010000000000000000100000000100001110001010000000000000000000000000000000000000000000000000000000000010000000000000010000000100001000000000001010010000010000010000000000000001000000000000000000000000000000000010000000000000000000000000000000000000000000000000100000000000000000,
;tableau 88 de l'image 5 à pour solution : 6 
0001100000000000000000000000000000000000001001000000000000000000000001000000000000000000000000000000000000011000000000000000000000000000100000000000000000110010000010000000000000000100010000000000000000000100000000000000000000100000000100000000000000001010000010010000000001000000000000000100000000000100000000000000010000000000101010001000000010000010000000000010000000000001110100000001000000000000010000000000000100000000000000100010000000000000000000000000011001000000000001000000000000000001000001000000000000001001000000000000000000000000000000100000100000000000001000000000000000010000000000000000000001000001000000000000000000011000000100000000000000000000000000000000000000000100001000100110000000000000000000010000000000000000000000000010010000000000000000000000000000000000000000,
;tableau 89 de l'image 5 à pour solution : 6 
0001100000000000000100000000000000000000000000000000000000000000000000000001100000000000000000001010010100000000000000000000000010100000000000000000000001000100001001000000000000010000000000000000000000000011000100100000000001000000000000100000000001000000000000000000000000000000001000000000000000000000000000000000000000000010000000110010000000001000000000100000000000000010000000001000000000000000000000100000010000000100000000000000000000100101000000000000000000001000110000000000000000000000000000000000000000100000100000000000000000000000000000000000000000000000000001000000000000000000000000000000001100100000000000000000001100000000000000000000000000000000000000000000000000000000000110000001000000000000000000000011000000000000000000000100000000000000000000000000000010000000000000,
;tableau 90 de l'image 5 à pour solution : 6 
0001100000000000000010010000000000000000000000001010000000000000000000000000000000000000000000000000000000000100000000000000001000000000000000000000000000000000000000000000000000000010010001000000000000001000000000000000000110000000000000000000010000000000000000000000000001000001000000000000000100000000000000000000001000000000000000000000000000000001100000000010000000000000100000010000001000000000010000000010100000001000000000100000000000000000000000000000000000000000000000000000001000001000000000000000000000001000000000000000000000000000100000011000000100000000000000100000000000101000000000100100000000000000000000000000000000000000000000000000000000000010000000010000000000000100000000000000000000000000010100100000000000000000000000000000101000000000000000000000000000000000000000,
;tableau 91 de l'image 5 à pour solution : 6 
0001100000000000000000000000000000000000000101000001000000000000000010000000001000000000000000000000000000000000000000000000000000000000000000000000000000010010000000000000000000000000000000000000000000000010000000100100000000000000111000000000000001000000000000100010100000010000000000000010000000010000000000000000000000000001000100010000000000000000000000110000000000000100000000000000100000000000000000100000000000000000000000000100000000100000000000000110000100000000000110000000000001000001000000001000000000000000101000000000000000000000000100000101000000000000000001001000010000000000000000000010000000000000000000000000000101010000000000000000000000000000000000000000000000001000001000000000000000000000000000000000000000000000000000000000000000000000000000000000000000000000000000,
;tableau 92 de l'image 5 à pour solution : 6 
0001100000000000000000000000000000000000000000100000100000000000000000000000100000000000000000001000010000001000000000000000000100000000000000000000000000000000000000000000000000000000001000100000000000000001001010000000001110000000000010010000011000001000000000011000010000000000000000000000000010000010000000000000000011011000000000000000000000000000000000000000000000000000001000000000000000000000000000000000000000100000000000001000100010010001000000000000001000000000100000000000001000000000000000000000000000100001000000000000000000000101010000000010001100000000001010000011001000010000000000000000101000000000000000000000000000000000000000000000000000000000000000001000000000000010000110000000000000000000100000100000010000000000000000010000001000000000000000000000010000000000000000,
;tableau 93 de l'image 5 à pour solution : 6 
0001100000000000000010000000000000000000000000001101000000000000000000100000001000000000000000000100000000000000000000000000000001000000000000000000000010100000100000000000000000100011000000000000000000000010000001000000110000000000010000000100000000000000000000000000000000001000000000000001000000000000000001000000000000000000000000000100000000001000000000000000100000000100000000000000000010000000010101100110000000000000000001100000000000000000000000000000000000000000010000000000010001011000000000000000000000000010000000000010000000000000101000000000000000000000000000000000010000000000000000110010000000010100000000000010001010000000001010000000000000000001000100000000000000001000000000000000000000000000000001000010101000000000000000000011000000000000000000000000100000000000000000,
;tableau 94 de l'image 5 à pour solution : 6 
0001100000000000010000000000000000000000000010000000100000000000000010001000000000000000000000000001000000000000000000000000000000000000000000000000000001010100010100000000000000000000000000001000000000000000000000000000000000000000000100100001000100010010000010100000000000000000000000000010000000100010000000000000010000010000000000000000000001000000000000000000000000000001100100000000001000000000000000000000000000001100000000000000000101100000000000000000100000000000000010000000000010000000010010100000000000010000000000000000000000000010000100000000000000000000000000000000000000000000000000000000000000000001000000000000000000010000000000000000000000111000000000000000000000000110000000000000000000000000000000000100000000000000000001000000000000000000000000000000000100000000000000,
;tableau 95 de l'image 5 à pour solution : 6 
0001100000000000000000000000000000000000000100010010000000000000000000000000000000000000000000000000000000000000000000000000000000000000000000000000000000100000100000000000000000001010000100000000000000001001000110010000000001000000000010000000000000000000000000000000100000000000000000000000000000000000000100000000000000000010100000001000000000000000000000000000000000000000001010000000000100000000011000000000000000000000000000001000000000000000100000000000000000001000001100000000000001000000001000000000000000100010000000000000010000000000100000101001100000000000001000000100011100000000000000000010001100000000100000000000011000000000100000000000000100000001010001000000000000010000000100000000000000000000011000011000010000000000000000000000010000000000000000000000000000000000000000,
;tableau 96 de l'image 5 à pour solution : 6 
0001100000000000001000000000000000000000000000000000000000000000000000000000000000000000000000000000101000000000000000000000000000010000000000000000000000000001000000000000000000000000100000100000000000000000001000000000000010000000000000100000000000010000000000000010000000001000100000000010000010000010000000000000000000000000000000000000000001000010001000110000010000000000000000000000100000000000000001100000000000000000000000000000000010001000000000000000010000000010000000000000000000000000000000010000000000000000000000100011000000000000000001000000000000000000000000000000100000000000000000100000000000100000000000000010000000000000000000000000000001000010100000000000000000000000000000000000000000000000000001000000100000000000000000000001000010000000000000000000000000000000000000,
;tableau 97 de l'image 5 à pour solution : 6 
0001100000000000000000000000000000000000000000001000000000000000000000000010000001000000000000000000000000100000000000000000001100001010000000000000000000000000000001000000000000000000000000010000000000001000000000000010000000000000000001001000000000000000000000000000000010000000000000000000001000000000100000000000000000010000000110000100000000010000000000001000000000000000000110001000000000000000000010000000000000100000000001001000000000000000000000000010100000000001000000000000000000000000000000000000000000110000000000010000000000000000000100001000100000000000001000101000000000001000000000001000000000000000100000000000000011000000001000000000000010010000000000000000000000000001000001000000000000000000000000010000000000000000000000000010110000000000000000000000000010000000000000,
;tableau 98 de l'image 5 à pour solution : 6 
0001100000000000000010000000000000000000000000000000000000000000000000000000000000000000000000001001100000000000000000000000010000000000100000000000000001000101000000000000000000000000000100001000000000000010000000000000000000000000000010100001000000000000000000010000000000100000000000000000000000000000000000000000100000000000000000001000000000000001000000000000000000000001000000000000000001000000000000010000000000010000000000000000000000010000000000000000000000000000000000000000000110100000000000001000000000000000100000000000000000000000000000000010000000000000000010000000000000000000000000000000000000000001000000000000010000000001000000000000000000000000001000010000000000001000001010000000000000000000000000001001100000000000000000000000001000000000000000000000010000000000000000,
;tableau 99 de l'image 5 à pour solution : 6 
0001100000000000000000000000000000000000000000101010000000000000000000000000000100000000000000000000000000000000000000000000000000000000000000000000000000011000000000000000000000000000000000000000000000000001000000000000000000000000100000000010000000000010000000000110000100000000000000000111000000010001000000000000000100000000000000000000000000000000000000000000000000000010000000000000000000000000000000000000000000000000000000000000000000000010000000000000001000000000000000000000000000000000000000000000000000101001000000000000000000000000000000000000100000000000000000000100000000000000000000000000000011001010000000000000100000000100000000000000000100000000000001000000000000010000000001000010000000000000010000010010000000000000000000000100010000000000000000000000000000000000000000,
;tableau 100 de l'image 5 à pour solution : 6 
0001100000000000000010000000000000000000000000000000000000000000000000000000000000000000000000000000000000000000000000000000010000000000000000000000000000000000000000000000000000000000001100100000000000000000000000000100000000000000000010000000000000000000000001010000010001000000000000000000001000100000000000000000000000000100000000100000000000000000000000000000000000000000001000000000000000000000000000000000000000000000000001000000100000000000000000000000000100001000000010000000010000000010010000000000000000000000000000001000000000000000001000000001001000000000000000001000101000100000000000000000010000010000000000000010000000001000000000000000000001010001001000000000000000000000000000000000000000000000100000001001000000000000000000000000100000000000000000000000000000000000000000,
;tableau 101 de l'image 5 à pour solution : 6 
0001100000000000000000000000000000000000000000001010100000000000000001100110001000000000000000000000100000010000000000000000000000000000000000000000000000000000001000000000000000000100000010000000000000001001001000000000000000000000000000110000000000000000000000000000000000010000100000000000000101000100000000000000001000101000000000000000000000100000000000000000010000000000000000000000000000000000010000000000100000000000000000000000000000000000100000000000000010000000000000000000000111010000000000010100000000100000000000000000000000000010110010000000000000000000001010000000000000000000000000001000000000000010000000000000101000100100010110000000001000000000000000000000000000000100010000000000000000000000010001000010100000000000000000000010001100000000000000000000000000000000000000,
;tableau 102 de l'image 5 à pour solution : 6 
0001100000000000000000000000000000000000000100000100000000000000000000000000000000000000000000000000000000000010000000000000000000010000000000000000000000000000000000000000000000000001000000000000000000000000000000010000000110000000000000000000000000000000000000000011001000000000000000000000100010000000000001000000000010000000000100000000000000000000000100001000100000000000100011000000100000000000000000000000000000000000000001001000000000000000000000000100000100000100001000000000000000000000000000000000000000001000000000000000000000000000000000000000000000000000000000000000000000010000000000100100000000000100000000000000000000000000000000000000000000000000000000000000000000010010001010000000000000000000000000000000000000000000000000000000000000000000000000000000000000000000000000,
;tableau 103 de l'image 5 à pour solution : 6 
0001100000000000000000010000000000000000000010011001000000000000000000000000001000000000000000001001010010000000000000000000000000001001000000000000000000001000000000000000000000000000000000000000000000001000100000000100000000100000000010000110000000000000000001001000000000000000000000000000000000001000000000000000010000100100000000000000000001000010000000000000010000000000000000100000000000000000000000000010000100000000000000000000000010000000010000000000110010000000000000000000000001000010000000000000000000010010000000100000100000000000100000000000000000000000000010100000000000000000000000010001000000000000000000000001000010000000000000000000000000000000000000000000000000000000000000010101000000000000100000000000000000000000000000010000000000000000000000000000000010000000000000,
;tableau 104 de l'image 5 à pour solution : 6 
0001100000000000000000000000000000000000000000100000100000000000000010110000000000000000000000000010000000000010000000000000000001000000000000000000000000010000001001000000000000000000000000000000000000000000000010000000000000000000000001010000100000000100000000000100011010000001000000000000000000100000000000000000000010000010001000000100000000000000000000000001100000000000000000000010100000000000000000000000100000101000000000100001000000000000000000000000000000000000010000000000000000000000000000000000000000001000001000000000000000000001000000000000001000000000001000000000100000000000000000000000000000000000000000000010000000100000010000000000000000010000000000010000000000000000000000000000000000000000010001010000000000000000000001000011000000000000000000000000000000000000000000,
;tableau 105 de l'image 5 à pour solution : 6 
0001100000000000000010000000000000000000000000000100000000000000000000000110000000000000000000000100000010000000000000000000011000100010000000000000000000000000000100000000000000000000000000001100000000000001001000000100000000000000000000000100000000000000000000000000100000000000000000000000001001000000100000000000000000100000000000000000000000011000000000000000000000000000001010001000000001000000000001000000000000010000000000001000000000010010000000000011001000000010000000000000011000000000111000000000000000000010000000000000000000000010010000001000000100000000000110000000000000001000000000000000000000010000000000000000000000000000000010000000000000100011000000000000000000000000000100000000000000000000000000001001000000000000000000000000010000000000000000000000000000000000000000,
;tableau 106 de l'image 5 à pour solution : 6 
0001100000000000000001000000000000000000000100000000000000000000000000000000000000000000000000001000000000101000000000000000000000010000000000000000000000000000000001000000000000000101000100000000000000000010010000000000000000000000000100000000000000010000000000000001001000000000000000000100100000000010000001000000000010000000000000000000000001000001100000000010000000000010100000000000000000000000000000100000010000101000000000000000000110100001000000000000000000000000000000000000000010000000000001000000000000000000000000100000000000000000000000000000000000000000000000000000000000000000000000000100100000000000000000000001010000010001000000000000000000000000001001000000000000000000000010100001000000000000000000010000001000000000000000010100000000000000000000000000000100000000000000,
;tableau 107 de l'image 5 à pour solution : 6 
0001100000000000001000000000000000000000001000000000010000000000000000000100000000100000000000000000100100000000000000000000010000000100000000000000000000010000101000000000000000000000000000010000000000001000000101010010000001000000000000000000000000000010000010000000000000001000000000000000000000000000000000100000001000000000000000000000000000000000000010000000000000000101001100000100001100000000000000000000000000000100000000001000000000000000000000000000000000000000000000000000000001011000000000001000000000001010000000010000000000000010100000000000000010000000000000000000000101010000000000000000000000000000000000000000001000100100000000000000000000000000000100000000000000010001000000001000000000000000000001000000100000000000000000100000000100000000000000000000000000000000000000,
;tableau 108 de l'image 5 à pour solution : 6 
0001100000000000000000000000000000000000000000010001100000000000000000000000001000000000000000000100001010000000000000000000000000000000000000000000000000001100000000000000000000000011100100100000000000000000100010100000000010000000100001000010000000001000000000010000000010000000000000000000000000000010001001000000000100000110100000000000000000000000000000000000000000000000000011000000000000000000010000010000000000000000000000100110100000000011000000000100000000000000010000000000000000000101000001010000000000000000001000000000010000000000000000100000000000000000000000000000010000100000000000100100010000000010000000000000000000010000001000000000000000000000010000000000000000000000000000000001000000000000000000010001000000000000000000001100000000000000000000000000000000000000000000,
;tableau 109 de l'image 5 à pour solution : 6 
0001100000000000000000000000000000000000010000100000010000000000000000000010000000000000000000001000000000100010000000000000000000010100101000000000000000000000000000000000000000000000000000010000000000001000001000000000000000000000000000000000000010000000000000000010000000001001010000000000000000000000000000000000000000000000000000000100000000101000000010000000000000000000000100110001100000000000000100000001000000000000000000001000000000010000000000000010001000000000000000000000001000010000000000000000000000010000000000000100000000000001010000001001000010000000000000000000000000000000000000000000001100000000000000000000000010000000000000000000000000001000000000000000000000011000000011000000000000000000000100001000000000000000000000010000000000000000000000000000000000000000000000,
;tableau 110 de l'image 5 à pour solution : 6 
0001100000000000000000000000000000000000000000000000000000000000000000100000010001000000000000000000110000000000000000000000000000000001000000000000000000000000000000000000000000000000000000000000000000000000000001000100000001000000000000110000000000000000000000000000000000000000000000000000001000000000000000000000001010011100000000000000000000000000100100000000010000000000000000000010000000000000011000000000000011100000000000000000000000000010110000000000000000000000000000000000000000000000000000000000000000000001100000010001000000000010000000000000000000000000010000000000000000000000000000100000000000000100000000000000000000000000000000000000000101000101100001000000000000000000001000001000000000000000000001100000000000000000000000100000000000000000000000000000000010000000000000,
;tableau 111 de l'image 5 à pour solution : 6 
0001100000000000000000000000000000000000000100100000000000000000000000000000000010000000000000000000000000000000000000000000010000000000000000000000000001100100000000000000000000000000100010100100000000000000001100000000000100000000000100000000001000010000000000000000000000010100000000000000000000000000101000000000000100000000000000001000000000000000000000000000000000000000000001010000000000000000000000000000011000000000000000000000000000001000000000000000100000000000110001000000000001000110100000000000000000011000001000000110000000000000111000101000000000000000001101000010000000000000000000000000000000000000000000000000000000100100000010000000000000010000000000010000000000000000000001000010000000000000000100000010000000000000000000000000000000000000000000000000000000000000000000,
;tableau 112 de l'image 5 à pour solution : 6 
0001100000000000000001100000000000000000000000001000000000000000000000001000000100100000000000001000000000000000000000000000100000000000000000000000000010000000000010000000000000000110001001000000000000000000000001000000000011000000110000000010000000000000000001000000000000000000010000000000000010000000000000000000001000011000111000000000000000000010000000000000000000000000100110000000000000000000001000000010000000100000000000000000000000000000000000000000001010000000000000000000000000000000000100000000000000000000010000000001100000000000000000000100000000000000000010100000000010000000000000010000100000000000000000000001100000000000010000000000001000001100001000000000000000010000000000000000000000000000010000000000010000000000000000010001000000000000000000000000000000000000000000,
;tableau 113 de l'image 5 à pour solution : 6 
0001100000000000000000000000000000000000000100000010000000000000000010010001000000000000000000000000000000000000000000000000000000100000000000000000000000000000000000000000000000010000000000000000000000000000001000000000000000000000000110110001000010000000000000000000000000000000000000000110000000000000000001000000000000000000000000000000000001011001000000010000000000000000000000000000001001000000000000000000000000000000000000101000000001000010000000000001000000100000000001000000000000000000000000000000000001000000000000010100000000000000000000100000000100000000001000000010010000010000000000000000000000000000000000000000000010000001000000000000000000000000000000100000000000000000000000000000000000000000000000100100000000000000000000001100000000000000000000000000000001000000000000,
;tableau 114 de l'image 5 à pour solution : 6 
0001100000000000000000000000000000000000001000000000010000000000000001000000000001100000000000001110010010000100000000000000000110000000000000000000000000001000000001000000000000000100000100000000000000000010000000000000001000000000100000000000000001000010000000000100000000001000000000000000000000000000100000000000000000000111000010000000000000100000000000000000100000000000000000000000000000000000000010000000000000000000000000000000000000000000110000000010000100000001001000000000001000000000000000001000000000001000101100001000000000000010000000000001000010000000000000000000000000000000000000000100001001000000100000000000000000110000100000000000000000000100000001000000000000000100000010001000000000000000010000000000000000000000000000100010000000000000000000000000000000000000000000,
;tableau 115 de l'image 5 à pour solution : 6 
0001100000000000000000000000000000000000000001000010000000000000000000000000000000000000000000000000101000000000000000000000001000000001100000000000000011000000000000000000000000000000100010100000000000000000001000001000000000000000000000011000000010000100000001010010000100100010000000000101000000001001000100000000001111000000000000000000000000000000000000000000000000000100100010000000001100000000000000000000000000000100000000000001000000000001000000000100000000100000000000000000000000000000001000000100000000100100010000000000000000000001000001000000000000000000001100000000100000000000000000101010000100000000000000000000001010000000000000000000000001001000000000001000000000000000000100000001000000000000001000101100010000000000000000000000001000000000000000000000011000000000000000,
;tableau 116 de l'image 5 à pour solution : 6 
0001100000000000000000000000000000000000010000100000000000000000000000000000000001000000000000000000000000000000000000000000000100100000000000000000000000001010000001000000000000000010001000000000000000000000000000000000000000000000000000100000000000000010000010000000000000000000100000000000000000000000000001000000010000000000000000000000000001000001000110000010000000000000001000000100000000000000000001010000100100000000000000000000000001000010010000000000000001001000000000000000000110001000000110000000000000000000000100000000000000000000100000000000000000000000000000010000001010000000000000010000000000000000000000000010100000000010000000000000000000000000000010100000000000000100000001000000000000000000000000000000000000000000000000101010000000000000000000000000000000000000000000,
;tableau 117 de l'image 5 à pour solution : 6 
0001100000000000000000000000000000000000001000000000010000000000000000100000000000000000000000000000000000000000000000000000000010000000010000000000000010100000100010000000000000000101010000000000000000000001000000000100000000000000011000000010000000000000000001001000110000000000000000001100000000000100001000000000000000011000000000000000000000101000000000000000000000000000000000000000101000000000000110000000010001000000000000000001011000000000000000000000000000000000100100000000000000110000000000110000000000000000000000000110000000000000000010000000100110000000000000000100000000000000000000100000000000000000000000000000010010000000100000000000001000000001110000000000000000000000001000000001000000000000100000100010000000000000000000000000001000000000000000000000000000000000000000,
;tableau 118 de l'image 5 à pour solution : 6 
0001100000000000000000000000000000000000000000010000100000000000000000000000001000000000000000000000100000000000000000000000001000000011000000000000000001000000000000000000000000010000000000000000000000000000000010010000000000000000000000000100000000000010000000100000000000000000010000000001000000001000000000000000000000000000000000000000000000000000000001000010010000000000100000000000000100000000000001000010000100000000000000000000000000000000000000000010000000000000000000000000000000000000000000000000000000001000000000000000000000000000100000000100000000000000000001000000100000010000000000000000000000000000000000000000000000000000000000000000000000000000000000000000000000000000000000000000000000000000000000000000000000000000000000010000000000000000000000000000000000000000000000,
;tableau 119 de l'image 5 à pour solution : 6 
0001100000000000000000000000000000000000000000000000000000000000000010001010110000000000000000000000000001000000000000000000000000010000000000000000000000110000010000000000000000000000000000000000000000000001001000000000000010000000010100000000010000000000000000000000001000000000000000000000100000010000100001000000010000010000000000000000000000000010000100000000000000000100000000000000000000000000000000100000001000000000000000000000000001100000000000000100100000000000000100000000010000000100000000100000000001000000000000000000100000000010000100000000000000000000001010000000000000000000000000100000000000010000000000000000100000000000000000000000000100000000000000000000000000000000000000000001000000000000011100000000011000000000000000000000010000000000000000000000000000000000000000,
;tableau 120 de l'image 5 à pour solution : 6 
0001100000000000000000000000000000000000000000000000100000000000000000000000000000000000000000000100001000101000000000000000000000000000000000000000000001000000000000000000000000000000000000001000000000000000000000000100000000100000101000000100000010000000000000000001000000000000010000000000001000000000000000000000000100000010000000100100000001001000001000010010000000000000000000000000000000000000000000001000000000000000000000000000001000000010010000000000000000010000000000000000000010000000010000000000000000000001000000000000000000000000000000000000000000000000000001000010000000100000000000000001100100000000000000000000000000000000000000000000000000011001000000010000000000000000000000000010000000000000000000011000000000000000000000000110100000000000000000000000000000000000000000,
;tableau 121 de l'image 5 à pour solution : 6 
0001100000000000000000000000000000000000000000000000000000000000000000000000000000100000000000000010000000000000000000000000000001001000100000000000000000000000000000000000000000000000000000000000000000000101000000000000000000000000000000000000001000100000000000010000000000000001100000001001010010000000000000000000000000000000000000000010000000010000010000000000000000000001000001001000100100000000000001000000000000000100000000001100000010001000000000000000100000000011000010000000000001000000000000000000000000000100000000000100000000000000000100000000000000000000000000010001000000000000000000001100000000000000000000000001000000000010000010000000000000000000000110001000000000000000000000000000000000000000000000000000000000000000000000000000001000000000000000000000100000000000000000,
;tableau 122 de l'image 5 à pour solution : 6 
0001100000000000000000000000000000000000000010101101010000000000000000100100000001000000000000001000010100000000000000000000000000000000010000000000000000000000100000000000000000000001000000000000000000000000000000010000000110000000000000010000000000000000000001000000000000010000010000000100000000010000000100100000010000000000000000000000000000000000100100000000000000000000000100000000000010000000000010000010000000000000000000000001100000000010000000000000000110100000000000000000000000010000000000000000000000001000010000000000100000000011000001000000000000000000000100000100000000000000000000000001000000110000000000000000000000000000100000000000000000000100000000000000000000000010000000000000000000000000010000000000000000000000000000000010010000000000000000000000000000000000000000,
;tableau 123 de l'image 5 à pour solution : 6 
0001100000000000000000000000000000000000000001000000000000000000000000000000101000000000000000000001001000000100000000000000010001001000100000000000000001000100000000000000000000000000101000000000000000001001001000000100000001000000001000100000001000100100000000000000001000000000000000000000000000000100000000000000000000000010000100000000000000000010000000100000001000000000010000000000000000000000000000000000010000000000000000000110000000100000000000000000000000000000000000000000000000000000000000000000000000000000000001000000000000000000101000110000000000000000000000100001000101000000000000001000000000000000000000000000000000000000000100000000000100010000001000000000000000001000000000001010000000000000000000100000000000000000000000000000000100000000000000000000010000100000000000,
;tableau 124 de l'image 5 à pour solution : 6 
0001100000000000000000000000000000000000000000000001000000000000000000000001000010000000000000000000010000100000000000000000000000000001010000000000000000000000000000000000000000000000000000000100000000000100000010000000000000000000000000000101000100011010000000001000000000100000000000000000000000000000000000000000000001000100111000000100000000001000100000010010000000000001100000000000001000000000000010000001000000000000000000000000000000011100000000000001000010100010011000000000000101100010000000010000000000000000000000000000000000000000000010001000001010000000001101000000000000000000000000000000101100010000000000000000000000010100010000000000000000000000000100010000000000000000000010000000000000000000010000010010000000000000000000000000100000000000000000000000000000000000000000,
;tableau 125 de l'image 5 à pour solution : 6 
0001100000000000000000000000000000000000001000000000000000000000000001010100001000100000000000000000000000000000000000000000000100000000000000000000000000000000000000000000000000000000000000000000000000001010000000000000000000000000000001010000001000000100000000010010010001000000100000000000000000000010100000100000000100000000000000000000000000000000000000000000000000000000001001000000000000000000001001100000000000001000000000110000000010000000000000000000000000000000000001000000000010000000000001000000000000001000000000000000000000000000101000010000000000000000000000100000000000000000000000000000000000001000000000000000100000000000100010000000000000001010000010000000000000001000000000000000000000000000000000000000100000000000000000000000001100000000000000000000000000000000000000,
;tableau 126 de l'image 5 à pour solution : 6 
0001100000000000000000000000000000000000000010000000100000000000000000000000100001000000000000000100000000001000000000000000000000000000000000000000000000010100000000000000000000000110000100010000000000000000000100000000000000000000000100000001010000011000000001000000000010000000000000000111001100000000000000000000000000000000000000000000000000000000000000000000000000000011000100001000000000000000000000000000000100000000000000000000000000001000000000000000100000000001101010000000000000010000100100000000000000000000000000000000000000000000000010000000000000000000000000000000000000000000000000000000000000000000000000000000000001000000000000000000000000010000001000000000000000010100001010000000000000000000000000100000001000000000000000000100000000000000000000000000000000000000000000,
;tableau 127 de l'image 5 à pour solution : 6 
0001100000000000000100000000000000000000001000000000000000000000000000000110000000000000000000000000100000000000000000000000000000000000000000000000000000000000000100000000000000000001000000000000000000000100010000000000000000000000100000000010000000000100000000000011000000010000000000001000000000000000100001000000000000000000000000000100000000000000001010000000000000000000100000000000000000000000010000010000000000000000000000000000010000000000000000000010000000000100000000000000000001000110000000000000000000001100000000000000100000000000010000000000011000000000000000010100010000000000000000001000000000000100000000000001000000010000000000000000000000000001000001011000000000000000000000000000000000000000001000000000000000000000000000000000100000000000000000000000000100000000000000,
;tableau 128 de l'image 5 à pour solution : 6 
0001100000000000000000100000000000000000010000000000100000000000000001100000000000000000000000000000000000000010000000000000000000100000000000000000000000000000000000000000000000000000100000000000000000000001101000000000100000000000000000100000000000001000000001101000110000000001000000000000000000000000000000000000000100000000000100000000000000000000000000000000000000000000001000001000100000000000000010000000100100000100000000101000000001000000000000000000001000000000100100000000000010000000000000000000000000100000001000001000000000000010001010000001000100000000000000000000000000000000000000000000100010000000000000000000100010100100000000000000000000000000000000000000000000000101010001000011000000000000000101000000001000000000000000011000001000000000000000000000010000000000000000,
;tableau 129 de l'image 5 à pour solution : 6 
0001100000000000000000000000000000000000000000000000000000000000000000000000000000000000000000000000000001000000000000000000000100001100000000000000000010000001000000000000000000001001001001010000000000000100000000010000000100000000110000001000000000010000000000000000000010000000100000000001000000011000000000000000000000000001100001000000000001001001000000000000000000000000000000000000000011000000000001000000000000011000000000010100000000011010000000000010100000000000000001000000000000100000000000001000000000000100100000000000000000000001100000000000000000000000000000100000000000000000000000000000001100010000000000000000000000000001000000000000000000110000000000100000000000000000001100000000000000000000001000000100000000000000000000000000000010000000000000000000000000000000000000,
;tableau 130 de l'image 5 à pour solution : 6 
0001100000000000000001100000000000000000000000010001100000000000000000000000000000000000000000000100010010000000000000000000000000000000010000000000000000000000000010000000000000000100000000100000000000001001000000000000000000000000000000000000000010000000000000000000000000000000001000000000000010000000000000000000110000001000000100000000000000000010000001000010000000000100100010000000000000000000000010000100000000000000000000000000110100000000000000000000000000000100000000000000000000010000100010000000000001000010000000010000000000000000000000000000001000000000000000000001010000100000000000000000000000000110000000000000011000000000000000000000000010001000000000000000000000001100000000000001000000000000100000000000010000000000000000000000100000000000000000000000001000000000000000,
;tableau 131 de l'image 5 à pour solution : 6 
0001100000000000000000000000000000000000001000000000000000000000000010000000000100000000000000000001000001000100000000000000000000000000000000000000000000000000000001000000000000000000000100000001000000000000000000000000100100100000000000000001000000000000000000000110000000101000000000000000000000000000100000000000000000000000000000000100000000000100000000000000000000000000000000000100011000000000000001010000000000000000000001000000001010000000000000000100010100000000000000000000010001100000010001000000000000000000010100000010000000000000011000000000000000000000000010000000001000000000000000100010000000011000000000000000000000000000100000000000000000000100000000000000000000000000000000000000000000000000010100010000000000000000000000000100011000000000000000000000000000000000000000,
;tableau 132 de l'image 5 à pour solution : 6 
0001100000000001000010000000000000000000000010000000000000000000000001000000010010000000000000000000010010000000000000000000010000000000000000000000000000000000100100000000000000000100001000010000000000000011010000010010000010000000000000100000000000000000000000000000000000000000000000000000100100000000000000000000000000010000000000000000000001010000000010000010000000000000000000000000000100000000000000000000010000001000000000000100000000000000000000000000100000000000100000000000001000000011000100000000000000000011001001000000000000000000000001000000000010000000000100000000000001001000000000000000000000000001000000000000000000011000010000000000000000000010001001000000000000000000000000000000000000000000000000100000000000000000000000000000000000000000000000000000000000000000000000,
;tableau 133 de l'image 5 à pour solution : 6 
0001100000000000000100000000000000000000000000000100000000000000000000000000000001000000000000000000001000000000000000000000000000100000000000000000000000010000000000000000000000000000000000000000000000001000000000000000100000000000000000000000000000000000000001101000000000000010000000000000000000000000000000000000000100000000100000100000000000000001000000000000110000000001000000000000000001000000000000010000000100000000000000000010000000000000000000000000000000000001000000000000000000100100000000010000000000000000000000000001100000000000010100000000000000000000000000000010000000000000000000000000000000000000000000000000100000100000000000000000000000000001000000000000000000000000000010000100000000000000000001000110010000000000000000001000000000000000000000000000000000000000000000,
;tableau 134 de l'image 5 à pour solution : 6 
0001100000000000000001000000000000000000000001000000100000000000000000001001001000000000000000000000000000000000000000000000000000010000000000000000000000000100000001000000000000000000000100001100000000000000000000000100000000000000000000100001000000000010000000010100000000000000000000000000100001000001000000000000010000001010010000000000000000000000101001000000000000000110100000101000000010000000000000000010000000010000000001000000000000000000100000000000001000000000001000000000000000000000010000000000000000001000000010000100000000000000000000000000000000000000000000000000100000100000000000000000000000000100000000000011000000000010000000000000000001000010000000000000000000011110001000100001000000000000000100000001000000000000000000000110001000000000000000000000000000000000000000,
;tableau 135 de l'image 5 à pour solution : 6 
0001100000000000000000000000000000000000010000000100000000000000000000000000100100000000000000000000000001000000000000000000001000000100000000000000000000000000000000000000000000000100001010000000000000000001001000010000001100000000000101000000000000000100000000000000000000100010010000000000000010100000000110000000000000000000000010000000000000100010000000001000000000000000000000000000000000000000010000000000001000100000000000000000000000000000000000000100000100100000000000000000000010000000000000101000000000000000000000100001100000000000001100000000000010000000000001100000000000000000000000000000000001000000000000000000000010000001000000000000000010000001000000000000000000000001000001000000000000000000000000100000100000000000000000000000000000000000000000000000000000000000000000,
;tableau 136 de l'image 5 à pour solution : 6 
0001100000000000000000000000000000000000000000000001000000000000000000000000000011000000000000000010000000000000000000000000000000010000000000000000000000000001000000000000000000000010000000110000000000001000000000100000000000000000000010000010000000000000000000000010000000000000000000000101000000000000000000000000001000001000001000000110000000000000000000100000100000000001000000000000000000000000000000000000010000000000000000010000000000000000000000000000100000000000000100000000000001000000000000000000000000100000100010000000000000000000000000000000001000000000001000000010000000001000000000000000000000000001000000000001000000100000000000000000000000001000001000000000000000010000000000000010000000000000100001000100000000000000000000000010000000000000000000000000001000000000000000,
;tableau 137 de l'image 5 à pour solution : 6 
0001100000000000000000000000000000000000000000100000000000000000000000001000000000100000000000000000000000000000000000000000000000000000000000000000000000001010000000000000000000000000000000000000000000000100010000000000000000000000000100000000000100000000000000001001001000000000100000000000000100000100000100000000010100000001000000100000000000001000000000000000000000000000000000000010000000000000000001000000000010000000000000000000000000000000100000000001001010100000000000000000000000000010000001000000000000001000000000000000000000000000000000000000000100000000000010000000010000000000000000001010100000000000000000000000000000010000000000000000000010000100000000000000000000000001000010011000000000000000000000000010000000000000000000010000100000000000000000000000000010000000000000,
;tableau 138 de l'image 5 à pour solution : 6 
0001100000000000000100100000000000000000000000001100010000000000000011000000000000000000000000000000000000100100000000000000001110000000000000000000000000000000000000000000000000000000000000000000000000000000000000000000000000100000000000100000000000010000000000010000010000000001010000000001000011100000000000000000001010000000100000000000000000000010000000000000000000000000000000000000001000000000000000010001000000100000000000001001001000000000010000000010000100000000000010000000001100000000000000000000000001000000000010000100000000000000000010000000000000000000000000000000001000010000000000000001000000000100000000000000000000100000000000000000000000000010000100000000000000000000000100100000000000000000001000000000010000000000000000100000010000000000000000000000000000000000000000,
;tableau 139 de l'image 5 à pour solution : 6 
0001100000000000000000000000000000000000000100000000100000000000000000000000000000000000000000000000001001000000000000000000000000100100000000000000000010000000000000000000000000000000000000000000000000000010000000000000000000000000000001000000000010000000000000000000000000100000001000000000001000000000000010000000000000100011000000001000000001010000000000000000010000000100000000000010000000000000000100000110101000000000000000100100000100100010000000000000000000010000010000000000000000100000001000010000000000000000000000000000100000000000000000000001000010000000000000000000000000001000000000000000000000001000000000000000010000000000000000000000000000010100010000000000000000000000000000000010000000000000110000010000000000000000000000000000100000000000000000000000000000000000000000,
;tableau 140 de l'image 5 à pour solution : 6 
0001100000000000000001000000000000000000000000000000000000000000000000010010000001000000000000000000000000000000000000000000000000010000000000000000000000000000000000000000000000000001100000000000000000000000000000000000000000000000110000011000000000000000000001010000000000000000010000000000100010000100100000000000011001000100000000100000000000001001100001000000000000000000000000000000001000000000000000000000000000000000000000000001000000000000100000000011010000100001001000000000000000000000000000000000000000000000001000001010000000000000100100000000000000000000000000000010100100000000000000000000000000100000000000000001001000100000000000000000000110000000000000000000000000000000000010000000000000000000000000000000001000000000000000000000001100000000000000000000000000000000000000,
;tableau 141 de l'image 5 à pour solution : 6 
0001100000000000000100000000000000000000000010000100000000000000000000100100000000000000000000000000001000100000000000000000010000000010000000000000000011000001000000000000000000000000000100000000000000000010000010010001000011000000000000000001010000000000000000000000001000010000000000000001000001000000001000000000000000000000000100000000000000000010000010000000000000000000000000000001000000000000000010000000000000100000000001000000000001000000000000000000100000000000010000000000010000101100000000000000000000011100000000000000000000000001001000000000000000000000000010000001000000010000000000000100010100000000000000000000010000000000000000000000000000000010000011010000000000000010000000000000000000000000010000011000000000000000000000000010000000000000000000000000000101000000000000,
;tableau 142 de l'image 5 à pour solution : 6 
0001100000000000100001000000000000000000001001100001000000000000000000000000001010000000000000000110000100000000000000000000100000000000001000000000000000000000010000000000000000000000000000000000000000000000001000101000001000000000000000100000000000000100000000000000000000000000000000000000100000000000000110000000010010100000000000010000000000000000000000001000000000000110000000000000000000000000000000000100001000000000000000110000100000000000000000000100000000000001001000000000000001000000000011000000000000000010100000000000000000000000000000000101000000000000000001000000000000000000000000000000000000010000000000000000000000010000000000000000000100000100000000000000000000000000000000000000000000000000100000000000100000000000000000000000000000000000000000000000000000000000000000,
;tableau 143 de l'image 5 à pour solution : 6 
0001100000000000000000100000000000000000010000000000000000000000000000000000000000000000000000000000100000100000000000000000000000001010000000000000000001000000000000000000000000000000001000010000000000000100000001000000000000000000000000000000000000000000000000000010001000000000000000000001000000000100000001000000000000000000000000000000000001001000100000000000000000000000000000001010000000000000001011010000100000000100000000000000000000000100000000000000000001000000100000000000001100000010000000000000000000010000000000010000000000000000000000010000000010000000000000000000000000011000000000100010010010000100100000000000000010000000000000000000001000000000000010000000000000000000000000000000000000000000001000000010010000000000000000000010000000000000000000000000100000000000000000,
;tableau 144 de l'image 5 à pour solution : 6 
0001100000000010000000000000000000000000000010010001000000000000000001100000000000000000000000000011000000000100000000000000011000000000000000000000000000000000011100000000000000000001000000000000000000000001000000000000000000000000000000000000000001010000000010000000000000000000000000000000000001010000000000000000000000000000000010000000000000000000000000000010000000000101000000000000000000000000000000000000000100000000000000010000000000110000000000000010000000000000000010000000010000000000000000000000000000001001001000000000000000000000111000001000000100000000001010100000000000000000000000000100101000000001000000000000010000111000000000000000000000010000000000000000000000010000000001000100000000000000000000000000100000000000000000000000000100000000000000000000000000000000000000,
;tableau 145 de l'image 5 à pour solution : 6 
0001100000000000000001000000000000000000000000000000010000000000000000000001000000000000000000000000010000110000000000000000000001000000001000000000000001010000000000000000000000000000110000000000000000000000000000010001000000000000000000100000010000000000000000001001000000001000000000000101000000000000000000000000000000010001001000010010000000000000000000000000000000000000000000000000000000000000000000010000000000100000000000000101000000000000000000000000000000000000000000000000001001000000000000001000000000100000100101000000010000000000000000110000000000000000000000000000001000010000000000100000000001010000000000000001100010000000000000000000001000000100100010000000000000000010000010011000000000000000000100010000000000000000000000100100000000000000000000000000010000000000000000,
;tableau 146 de l'image 5 à pour solution : 6 
0001100000000000001000000000000000000000001000100000000000000000000001100100000000000000000000000000000000000000000000000000000000000000000000000000000000000000000000100000000000000100001000000000000000000000000011000000000011100000001000000000000000000000000010000110011000000000100000000000000000000000000000000000000000000000000000000000000000000011000000000000000000000000000110000001000000000000000010000001000000000100000000001000100100000000000000000000000001000000010000000000000000000001000000000000000000001010000000010000000000000000110000000000000000000000000000000000000000000000000000000011000000001001000000000010000001000100000000000000000000000000000100000000000000000000000000000010000000000000000000000000000000000000000000010010000000000000000000000000000100000000000000,
;tableau 147 de l'image 5 à pour solution : 6 
0001100000000000000000000000000000000000000100000001000000000000000000001000000000100000000000001000000000000000000000000000000000000010000000000000000000110000001000000000000000000000100000000000000000000000000000100010000000000000010000000100000000000000000000100000000000100000001000000000000000000000100000000000000000000000000000000100000000010000110000000000000000000000100000000000000000000000000000000000000000001000000000000000000000000000000000000000000000000001100000000000000000000100000000001000000000000000010100000001000000000000000000100000000010000000000000000001000000000000000000000000000001000000000000000000000000000000010010000000000000000000000001000000000000000010001000000000000000000000000100000100001000000000000000000000000100000000000000000000000000000000000000,
;tableau 148 de l'image 5 à pour solution : 6 
0001100000000000001000000000000000000000010010000100000000000000000011000010000000000000000000000000011000000000000000000000000000010000000000000000000001000000000000000000000000000000000000000100000000000000001001000000010000000000000000000000110000000000000000001000000000000000000000001101000000001011000001000000010010001000111000000000000000000000001100000010010000000100000000000000000000000000000000000000000000000000000000000010000000000100000000000000000010000000000000000000000000010000000000100100000000000000000000000000000000000000100000000000000000000000000000010000000000001000000000000100000000000000000000000010000000000000000000000000000000000000000000000000000000000000000110000000000000000000000001001000000000000000000000000100000000000000000000000000000000000000000000,
;tableau 149 de l'image 5 à pour solution : 6 
0001100000000000000000000000000000000000000000000000000000000000000000001000000100100000000000000000100101000100000000000000000000000000000000000000000000000000000000000000000000000000010110010000000000001000000010000010000000000000010100000000000000000000000000000101000000001000000000000000000010000000000100000000000000000000000000000100000000100000000000000000000000000000000000000100100000000000000000000000000000001000000001000000000000000000000000000000000000100000001000000000000000000000000000000000000000000000000000000010010000000000010100000000000000000000001001001000001000010000000000100011010000000000000000000001001000000000110000000000000100010000000000000000000000011000000000000100000000000000010000000000010000000000000000000010000010000000000000000000000100000000000000,
;tableau 150 de l'image 5 à pour solution : 6 
0001100000000000000100000000000000000000000001000001000000000000000000000000010000000000000000000000000000000000000000000000000110000000000000000000000000000000000000000000000000000011000001000000000000000000000000000100001000000000000000000010000000001000000011000000000000010100000000000010000000000000000001000000000101100000000000010000000000001000000001000010000000000000000110010000010000000000000000000010000000000000000000000000000010000000000000000100001000000000000110000000000010001000000000000000000000000000100000010000000000000000000000000000000100000000000000000000000000000000000000000100000000000100000000000000000000001000000000000000000000100001000000000000000000000100001000000001000000000000000000000000000000000000000000000000000000000000000000000000100000000000000000,
;tableau 151 de l'image 5 à pour solution : 6 
0001100000000000010000000000000000000000111000001000000000000000000000000000000010100000000000000000000100000100000000000000010001010000000000000000000000101000101000000000000000001000101000000100000000001000000000010000100100100000010100000101000000010000000000000000000000000010100000000000101000000000000100000000000010001000000000101000000000000000101100000000000000000000100001000001000000000000001000100000010000001100000001101000000000000000000000000000000010010000000000000000000101100000100100010000000000001101000000000000110000000000000010000000000000000000000000000000010000000000000000000000010000001001000000000001100000010000000000000000000000000000100000100000000000000001010000000000000000000000000000011000000000000000000000000000000100000000000000000000000000100000000000,
;tableau 152 de l'image 5 à pour solution : 6 
0001100000000000100001100000000000000000000000100000010000000000000010001000000000000000000000000000000000000000000000000000000000000010000000000000000000000100000000000000000000000000010000100000000000000010010000001011000000000000000000101000010100000100000000000001000000000000010000000000000000000001000000000000010100000000010000000000000000000100000000000000000000000000001000000000000000000000000100000000000000000000000000000000000001000000000000000001000000000100100000000000000000000000000000000000000000000000000000000000000000000000000000100000000000000000000011000000000000000000000000100010000000000000000000000000000000000100000100000000000001000000000000000000000000000000100100000000000000000000110000100000000000000000000000000000000000000000000000000000000000000000000000,
;tableau 153 de l'image 5 à pour solution : 6 
0001100000000000000010000000000000000000011000000100100000000000000000000000000000000000000000000000001000000100000000000000000001000000100000000000000000000010000001000000000000000000000000000000000000001001001001000000000000100000000100010000000010001000000000000100000000010010100000000100000001100000000000000000000000000000000000000000000001000000000000000001010000000001100000000000000000000000000010000000000010000000000000101000001000100000000000000000000000000001000000000000000001000100000000100000000000100010000000000000000000000000100100010010000000000000000000000000000000010000000000000000000001000000100000000000000000000010000000000000001100000001000100000000000000000000001000000010000000000000000000000000000000000000000001000100000000000000000000000000000000100000000000,
;tableau 154 de l'image 5 à pour solution : 6 
0001100000000000000000000000000000000000000000100010000000000000000000001100000000100000000000000000100100000010000000000000000000000001000000000000000001000000100010000000000000001000000000001000000000000000010000000100001000000000000010000000001001000000000000010010000001000000000000000000001100000000000000000000000010100000000000000010000000000000000010000010000000000000000000001000000000000000000000000000010000000100000000000010000000000000000000000000000000000000010000000000010000010000000000010000000000001100001001011000000000000100000000000000100000000000001000000000000000000000000000010010000000000000000000000000100000110000000100000000000001000100000000000000000000000010000000000000000000000000000000000000011000000000000000000000001000000000000000000000000000000000000000,
;tableau 155 de l'image 5 à pour solution : 6 
0001100000000000000100000000000000000000000000000000000000000000000001000000000000000000000000000000000010100000000000000000000000000000100000000000000000000101000001000000000000000000000000000100000000000001000000000000000010000000000100001000000000010010000001100000000000010001000000000010000000001000000010000000000000000001000000010000000000011000000000000000000000000010001110000000000000000000000000100010001000000000000001000000001000000000000000000001001100000000001000000000000010000000000000000000000000000000000100100000000000000000010000000000000000000000000000000000000000000000000000000100000100000000100000000000000000000000000000000000000000000000000000000000000000000000000000000010000000000000000110001000000000000000000000000000010000000000000000000000001100000000000000,
;tableau 156 de l'image 5 à pour solution : 6 
0001100000000000000000000000000000000000001000000000000000000000000000000010000000000000000000000000000100000000000000000000000001100000000000000000000000011000000010000000000000000010000000100000000000000000000000001000000000000000000000010000000100001000000010000000110000100000000000000100000011000010000000000000000000000000000000001000000000100000000000000010000000000000000000000000000010000000000000000000000010000000000000000000000001000100000000000000000000000000000000000000000000000000000000100000000000000000000001000000000000000001000001001000000010000000000000101000000000000000000000111000000001000000000000000000000000000000000000000000001000000000000110000000000000011000100000000001000000000000100000100000001000000000000000000001001000000000000000000000000000000000000000,
;tableau 157 de l'image 5 à pour solution : 6 
0001100000000000000000000000000000000000000100000100100000000000000000000000000001000000000000000001000000000100000000000000010000000000010000000000000000100000010000000000000000000100000010000100000000000100010000000000000010000000000000100000000000010000000000000000000000000010000000000011001000000000000010000000000010000000000000000100000000000011000000001000000000000000000001101000100000000000000000000000000000000000000000001010010000100000000000000100000001000000000100000000000010010010010000000000000001100001000000000000000000000110100000000000000000000000000010000010000000100000000000000000100000001000100000000001001000000101000000000000000100000000000000010000000000000000000000000000000000000000000000000001000000000000000000000100000000000000000000000000010000000000000000,
;tableau 158 de l'image 5 à pour solution : 6 
0001100000000000000000000000000000000000000000000000000000000000000000000000010000000000000000001000010100000000000000000000000000000000000000000000000000001000000000000000000000000010000000000000000000000001000000000000000100000000010000000001000000000000000000000000000000001000000000000000000000000000100000000000010000100010111000000000000000000000000100000000000000000101000000000000000000000000000000100000000000101100000000000100000100000011000000000000000010100010010000000000000100000000000000000000000000000100000100001010000000000000000001000000010000000000000000100000000000000000000000001001000100000000000000000000000000010010000000000000000000000000000000000000000000000000100000010100000000000000000000100000000000000000000000011000010000000000000000000000000000000000000000,
;tableau 159 de l'image 5 à pour solution : 6 
0001100000000000001100000000000000000000000000000000010000000000000000111000100000000000000000000110000000100000000000000000000000001000001000000000000000000000000000000000000000000000000000000100000000000000001100000000000000000000000000001000000010000000000001001000000010000000010000000000000100001100000010000000001010000000000000100000000000000000000000010011000000000000010000101000000000000000000000000000100000000000000000010001000000000000000000000110000000000000000100000000000010000000000100000000000000100000000000000000000000000000110000000000000110000000000000000000000000000000000000000000000000000000000000000001000000000000001000000000000100001000000100011000000000010000000000000000000000000000000000011000110000000000000000000000000010000000000000000000000000000000000000,
;tableau 160 de l'image 5 à pour solution : 6 
0001100000000000110000000000000000000000001000100100000000000000000001000000000101000000000000000000000000000000000000000000000010000001000000000000000000000000000000000000000000000001000000000000000000001000010000010000000001000000000000000000000000000000000000000000000000000001100000000100000001000000000000000000000000010001000000000000000000011000001000000000000000000000000100000100000000000000000000010000000000000000000000001110001000000000000000000000010000010010001000000000000100010000001000001000000001010000000010000001000000000000001000000100000000000000000010000000000000000000000000100010000000001000000000000010000010000000000000000000000000000001001000000000000000001000000010001010000000000000000000000100000000000000000000001010000000000000000000000000000000000000000000,
;tableau 161 de l'image 5 à pour solution : 6 
0001100000000000000000000000000000000000000000000000000000000000000000001000110000000000000000000110000000000000000000000000000000000000000000000000000000000000110100000000000000000000000000110000000000000000000000000000100000000000000000000000000000010000000000000000001000000000000000000001000000101000000010000000001000000000100000101100000000000000010000000000000000000000100000001000001001000000000000000000000000000000000000000000000110100010000000000100000000001000100000000000000001001000000000000000000000000000000000000000000000000000100000000000000000000000000000000000000001000000000000000000000010000000000000000000000100000000000000000000000000000000000000100000000000000000000000010000000000000000000100110000000000000000000000000000000010000000000000000000000000000000000000,
;tableau 162 de l'image 5 à pour solution : 6 
0001100000000000010000000000000000000000000000000000000000000000000101000000000000000000000000000000100000000000000000000000000000000000011000000000000000100000000001000000000000000010000000000000000000000110000000000000000000100000110000101000000000000100000000010000000000000000000000000010001000000010000000000000000000000001000000000000000010010000000000000000000000000000000100000000000000000000000100000000000000000000000000001000100000000000000000000001000001000000000100000000000000000000000100000000000000001000011000100000000000000000000010100000100100000000000000001000000000000000000000000000000001000010000000000001000001100000001000000000000000000000000000000000000000001010001000000000000000000000000000000001000000000000000000000100010100000000000000000000001000000000000000,
;tableau 163 de l'image 5 à pour solution : 6 
0001100000000000001000000000000000000000000000001000000000000000000000000000100000000000000000001000001000001000000000000000100001100000100000000000000000000000100000000000000000000000000010000000000000001000100000010001001100000000000000000000000000000000000011100000000000000000000000000000100001000000000011000000000010001000000000000000000001000000000100100000000000000011000000000100000100000000000000000000000000000100000000000000000000000000000000000000000000000000001000000000000011000000000000000000000000010001100000000000000000000010001000000000001000000000000000100000000000000000000000000000000000000000000000000000000000000000000000000000000000000010000000100000000000000000000010100000000000000000000101000000000000000000000000000000100000000000000000000000000100000000000000,
;tableau 164 de l'image 5 à pour solution : 6 
0001100000000000000101000000000000000000000100000100000000000000000000010000000000000000000000000100100000100000000000000000010000000000000000000000000000000000000001000000000000000000000000001000000000000001000000000000000000000000001000010011000001000000000000000001000100000000000000001000000000001000000000000000000000000000010000000000000000000001000001000000000000000000000000000000101000000000000010000000000000100000000000100000100010000001000000000000100000100000000000000000000000000000000000100000000000001000001000000000000000000000000000000000000000000000001000000000000001000000000000000000101000000000000000000000000010000000000000000000000000000000001000000000000000000100000000000000000000000000000000000010011000000000000000000000000000000000000000000000000000000000000000,
;tableau 165 de l'image 5 à pour solution : 6 
0001100000000000000000000000000000000000000000100000000000000000000000001100000000000000000000000000001000001010000000000000000000001000001000000000000000000001000000000000000000000000100000000000000000000000010001000000000000000000000000001000100000110000000000010000000000000000011000000010000000010000000010000000000010000000000000000000000000000010000010010010000000000000000000000001000000000000000000000100000000000000000001001000010000001000000000000001000000000010000000000000000100101000000001000000000000000000100001000001000000000000000100010000000010000000000000010000000000000000000000100000000000000010100000000000000000001100000000000000000001010000000000000000000000000000000000000001000000000000000000100000000000000000000000001100100000000000000000000000000000000000000000,
;tableau 166 de l'image 5 à pour solution : 6 
0001100000000000001000000000000000000000001000011000100000000000000010000010000000000000000000000101000000100000000000000000001000000010000000000000000000000000000010000000000000000000000000000000000000000000100000000000010010000000010001110000000000000000000000001010000000100000000000000001000101000000000000000000010000000000100000100000000001010000010000100001000000000000000000000000000000000000001000000000010010000000000000000000000110100001000000000000000010000000001000000000000000000000001000000000000000000101000000000000000000000011001000000000000000000000000110000010000001000000000000000010001000000000000000000000000000000001001000000000000010001000011000000000000000000010000000000010000000000000001000001100000000000000000000000000000100000000000000000000000000000000000000,
;tableau 167 de l'image 5 à pour solution : 6 
0001100000000000000000100000000000000000000100000001000000000000000000000000000000000000000000000000000001001000000000000000000010000000000000000000000001000000000000000000000000000000010010000000000000000000000000001000000000000000000000000000000000010000000010100000000000000000001000000000001000100001000000000000000000001000000000000100000010001000000001001000000000000010000100001000001000000000010010000000000000001000000000001000000000000000100000000100000000000000000000000000000000000100000100000000000000000000100010000000000000000000000010000000000010000000000001000000000000000000000000000000000000000000100000000000000000000000000000000000000000000000000000000000000000000000001010000000000000000000000000000000000000000000000000001000001000000000000000000000000000000000000000,
;tableau 168 de l'image 5 à pour solution : 6 
0001100000000000000000000000000000000000000010000000000000000000000000000001000000000000000000000010001000000000000000000000000100000100000000000000000010000110001000000000000000000000000100000000000000000000000000000010100000000000000100000000100000000000000000000000000100010000000000000010000100000000000000000000000010000110000000000000000000000000000000000000000000000000000000000000000000000000000000100000000011000000000000000001000000000000000000000000000000000010000100000000000000000010100000000100000000011000000000010000000000000000000000000000000000000000001000000001000000010000000000000000000100000000000000000000000100000000100000000000001000000001000000001000000000000000000101000000000000000000000100000000000000000000000000000000000000000000000000000000000100000000000000,
;tableau 169 de l'image 5 à pour solution : 6 
0001100000000000001000000000000000000000001000000000000000000000000000000000000100000000000000001000000100010000000000000000000000000000100000000000000000000000000000000000000000000000110000000100000000000100001000001000000000000000000000010000000010000000000000000000010000000000100000000000000000110000001000000000010100000000000000100000000001000000000001000000000000000000000001000000000000000000000100000000000000000000000000000000010001000001000000000000010000000000000001000000000000000000000000000000000000000000010100000001110000000000100000000000100100000000000000000000000000000000000000010000000000000000000000000000100010000000000000000000000000000010000000000000000000000001000000000000000000000000000010000000001000000000000000000010000000000000000000000000011000000000000000,
;tableau 170 de l'image 5 à pour solution : 6 
0001100000000000000001000000000000000000000000100000000000000000000010001000000000000000000000000000000010000000000000000000000110000000010000000000000000000010000001000000000000000000000000000000000000001000110000000000000010000000000000100000000000000000000010000000000000000000001000000100000000000000000001000000000000000000000010000000000000100001000000100000000000000001100100000000000001000000000000000001000000000000000000000000000010000000000000000000100110100101000000000000000000000000001000001000000000100100000000100000000000000000000000110000011000000000000110100000000000000000000000000100001000000000000000000000000000000000000000000000000000000000010000000000000000001000000001000000000000000000010001000100000000000000000000000100000100000000000000000000100000000000000000,
;tableau 171 de l'image 5 à pour solution : 6 
0001100000000000000000000000000000000000000000001000000000000000000000000000000000000000000000000000101000000000000000000000000000100000000000000000000000000000000000000000000000000000000000000100000000000000000000011100000000000000000010000000000000000000000000100001010001000000000000000000001000000001000000000000000000000000001000010000000000010000001000000000110000000100000000000000000010000000000100000000000000100000000000100100000000000001000000000000000000000000000001000000000000000000010000000000000000010000001000000000000000000001001000000010000000000000000000000000000010000000000000000000000100000000100000000010000001001000001100000000000011000001000000000000000000000000000000110000000000000000000000000000000000000000000000010001011000000000000000000000010000000000000000,
;tableau 172 de l'image 5 à pour solution : 6 
0001100000000000000000000000000000000000000100000000000000000000000010000000000000000000000000000000000000100000000000000000100000000100100000000000000000000000100000000000000000000000001001000000000000000000100000000010010000000000101000010000000000000000000000000000001000000000000000000000000100000000000000000000010100000000000000100000000010000000000000000000000000000000000000000010000000000000000000011000001000000000000001000000000000000000000000000000000000000001010000000000000000000000000001000000000000000000000000000100000000000000000000000000010000000000000101100010000000000000000000000100010000000000000000000000101000100000000000000000000000100000000000010000000000000010000000000000000000000000000000010100000000000000000000000100000000000000000000000000001001100000000000,
;tableau 173 de l'image 5 à pour solution : 6 
0001100000000000000000000000000000000000010000000100000000000000000000000000000000000000000000000001100100000100000000000000000000000000000000000000000010000010000000000000000000000000000000000000000000000000000010100000000000000000000100000000000001010000000010010010000000000010000000000010000000000000100001000000001000000000000010000000000000000000000001000000000000000110000000000000000001000000010000000000010100000000000000000000010000000000000000000000010000000000000000000000000000100000000010000000000000100100000000000001000000000001000000000000000000000000000000000000000000001000000000110000001000000000000000000000000000000000000000000000000010001011010001000000000000000000000100000100000000000000010100000000010000000000000000110000000000000000000000000000000100000000000000,
;tableau 174 de l'image 5 à pour solution : 6 
0001100000000000000001000000000000000000000110110001000000000000000000000000000000000000000000000000010000000000000000000000110110100100000000000000000000000001001000000000000000000000000001010000000000000100100000000000000000000000100000010000000000000000000001000000000000000000000000000000000000000000000000000000000000100000100000001000000001010010001000000000000000000000010011000010000000000000000010001000000000000000000000010000000000001000000000000100000000000100001000000000000000000001010000100000000000000000001100010010000000000010000000000011000010000000000001000010000010000000000000000100000000010010000000000000000000000000000000000000000100000000000010100000000000000001000000000000000000000000000000000000001000000000000000000010100100000000000000000000000000000000000000,
;tableau 175 de l'image 5 à pour solution : 6 
0001100000000000000000000000000000000000001000000000000000000000000000000100000001000000000000000000000000001000000000000000000000000000000000000000000000000000000001000000000000000000000000001000000000000010000000000000000001000000000001000010000100001000000000000000000000110000000000000000100001010000000000000000000000000000001000000000000000000000000000010000000000000000100000001000000000000000000000000000100000100000000000101001101000000000010000000000000101000000000000000000000100000000000000000000000000010000000000100000000000000000000000000000000000000000000100001001001000000000000000010000000100000000000000000010000000000000000100000000000000001000000100000000000000000000000000000000000000000000010000001000100000000000000000000000000000000000000000000000001000000000000000,
;tableau 176 de l'image 5 à pour solution : 6 
0001100000000000000000000000000000000000000000000000100000000000000001001010000000000000000000000000001000000000000000000000000000000000000000000000000000000010000100000000000000000110000000100000000000000000000000000000000000100000000000000000010000000000000000000010000000000000000000000000000000000000000100000000000011000000100000000000000000001000000100000011000000000000000000000000000000000000010010000000000001000000000000000000000000000000000000000000100000000010000001000000000000001100011000010000000000000000000001000000100000000001000000011000000000000000000000110000000000000000000000001000000001000000000000000000000000010001000000000000000000100000000001010000000000000000000000000001000000000000000000000101000000000000000000000000010000000000000000000000000100000000000000,
;tableau 177 de l'image 5 à pour solution : 6 
0001100000000000000000000000000000000000010000000010000000000000000010000000000000000000000000000100110100000000000000000000000000000100000000000000000001000000100000000000000000000000010100000000000000000001000000000000000000000000000000100000000000000000000000000000000000000000010000000000000000101000000001000000000000101000000000000000000000010000000000001000110000000100100001000100001001000000000000100100000000000000000000000000000000000000000000000000000100100000010000000000000000000000000000000000000000000100000000000100000000000000010000000000000000000000001000000010000000000000000000100000000000011000000000000010000000000000010000000000000000010000000000000000000000000001000000000000000000000000000000010000000000000000000000000000000000000000000000000000000000000000000000,
;tableau 178 de l'image 5 à pour solution : 6 
0001100000000000000010000000000000000000000011010001000000000000000000000100001000000000000000000000000000000000000000000000000010000000000000000000000000100000000000000000000000000100000010000100000000000000000100000000010000000000010100010000000100010000000000000010000000000011000000001100001000000000000000000000001010000000010010010000000000000010000000000010000000001000000000001001000000000000000100000000000000000000000000001000000010100000000000000000000001000000000100000000000000000000000000000000000000010000000000000001110000000010000100000001001100000000000000000000000000000000000000000100010000000001000000000000001000000000000000000000000000000000000000010000000000000000000000000000000000000001000001000000100000000000000000010100000000000000000000000000000000000000000000,
;tableau 179 de l'image 5 à pour solution : 6 
0001100000000001000000000000000000000000100000001010000000000000000011000000100000000000000000000010001000001000000000000000100000000100000000000000000000010101000000000000000000000000000000000000000000000000000000000010000010100000000000100000010000000000000000000001000000001000000000000000000000000000000000000000000000000000000101001100000000000000000100001000000000000100000000000000100010000000000000000100000000100000000000000000000000000100000000000000001000000010000000000000010000010000000010010000000000000000010000001100000000000000000000010000000000000000000001101000000100011000000000000000000000000000000000000000100000000000000000000000001000100111000000000000000000001000000010000010000000000000000000000000000000000000000000000001000000000000000000000000100000000000000000,
;tableau 180 de l'image 5 à pour solution : 6 
0001100000000000000101000000000000000000000100000000000000000000000000000000000000000000000000001000100110000010000000000000010010000000000000000000000000000010000100000000000000000000000000010000000000000001000000000000000000000000010000000000000100000000000000000000000000000000000000000000000000001000001100000000010010100000000010000000000000000000001000100000000000000000000000000000000000000000000110100000000000000000000000010000100000000000000000000001000000010000000000000000000000100001000000000000000000000000000000000000000000000000101000000000000000000000000100000010001000000000000000000100000000000010000000000000000000000000000000000000000000000000010000110000000000000000000000000000000000000000000010100000000000000000000000000110000000000000000000000000000100000000000000,
;tableau 181 de l'image 5 à pour solution : 6 
0001100000000000000000000000000000000000000000001001000000000000000000100000000001000000000000000000000000100000000000000000000000001000000000000000000000000101010000000000000000000010000001000001000000000000100000000000000000000000000000000000010000000000000001100000000000000000110000000100000000000010000000000000000000000010000000000000000000000000000000000000110000000000100000000000000000000000010000000000110000000000000000001001000000000000000000000100001000000000000000000000001100010100000000000000000000010000000000000000000000000100000100001000000000000000001000000000100000000000000000000000100000001000100000000010000000000100000110000000001000000000100100000000000000011000000010000100000000000000000000000100000000000000000000011000010010000000000000000000000000000000000000,
;tableau 182 de l'image 5 à pour solution : 6 
0001100000000000000001000000000000000000001001000010000000000000000010000000000000000000000000000000000000000000000000000000000000000100000000000000000000000010001000000000000000000000000000010000000000000110000000000100000000000000000100010000000000100000000000010010000000000000000000000001000010010000000000000000000000001000000000100000000000011000000000010000000000000000000001000001000010000000001000000000001010000100000000100000000000000000000000000000100010000000000000000000000000000000001000000000000000000100010000001000000000000010000000000000000000000000000000000011000010001000000000100000010000000000000000000001000000001000000000000000000000000000000000000000000000000001001000000000000000000000000000110010001000000000000000000000000000000000000000000000000000000000000000,
;tableau 183 de l'image 5 à pour solution : 6 
0001100000000000000000000000000000000000000100001000000000000000000000000000000000000000000000000000000000000000000000000000000000000000000000000000000001100100000100000000000000000000000010000100000000000001000000000000000000000000010000000000000000000000000000101000000000000000010000000000000000000000000000000000000010000000100000000100000001000000001000000000100000000100000000000100000000000000000000000000000100100000000000000001001000100010000000000000000000100100000010000000000000010000000000010000000000000010000000000000000000000000100000010110001000000000000010010000010000000000000000000000000000110010000000000000001010000000100000000000000011000000000001000000000000010010000000000000000000000000000100000000100000000000000000000000001000000000000000000000000000000000000000,
;tableau 184 de l'image 5 à pour solution : 6 
0001100000000000000000000000000000000000000001000000000000000000000000010001000000000000000000000000000000000110000000000000110000010101000000000000000000001000100000000000000000000000000000000000000000000000000000010001000000000000001000000001000010000000000000000000000000000000100000000000000000000000000000000000010000000000000000000000000000100000000001100000000000000001101000010010000100000000000000101000000000000000000000000010100000000001000000000000001000000010000000000000000000000001000101000000000000000001000000000010010000000001011101000000000000000000000000000000000000000000000000000000010101000000000000000000000000000000000000000000000000100001000000000000000000000100000000000010000000000000000000000000000000000000000000000000010000000000000000000000000000000000000000,
;tableau 185 de l'image 5 à pour solution : 6 
0001100000000000000000000000000000000000000000100001100000000000000010001000100100000000000000000010001001001000000000000000000000000000000000000000000000000110000000000000000000000000000100000000000000000110000000000000000000000000000000000000000000110000000000110011000000000000000000000000000001000010001001000000000011000000100000000000000000000000000110000000010000000100010100001000000000000000000000000010000000000000000000010000000000000000000000000010000000010000100010000000010000100000000000000000000000000000000100000000000000000000000000000101000000000000001001001000000000000000000000000000000000000001000000000000000000010100000100000000000000010000100000000000000000000000010000000000000000000000001010000000000000000000000000010000001000000000000000000000000010000000000000,
;tableau 186 de l'image 5 à pour solution : 6 
0001100000000000000010000000000000000000000100000100000000000000000001000000000000000000000000000000000000000010000000000000000000000000000000000000000000010000001011000000000000000000100000000000000000000000000000000101000001100000000000000000000000000000000001000000011011110000010000000000100000110000000000000000000000110000000000000000000000100000000000010000000000000000000000000000001000000000011001000101000000010000000000100000000000100000000000000100000101000001000000000000001000000010000001000000000000001000000000000000000000000000000100000000010000000000000000000000000001100000000000000000000100000000000000000000100000000000000000000000000000100001000000000000000000000000000100101000000000000000000000000100000000000000000001000010000000000000000000000000000000000000000000,
;tableau 187 de l'image 5 à pour solution : 6 
0001100000000000000000000000000000000000001010000000010000000000000010000000001000000000000000001110000100000000000000000000000100000000010000000000000000000000000000000000000000000000000000000000000000000001000001000000010100000000000000000000001000100000000000010010000000000000000000000100000000000000000100000000000010000010000000000000000000000000000000000010000000000001000000001000000000000000000000000000000000001000000001010000000010000010100000000000000000010000010000000000000011000000000000001000000000000100000000000000100000000000000010000001001000000000000110000000000000000000000000000010000001100000000000000001000000000000000000000000000110000100000000000000000000011000000000000000000000000000000000010000001000000000000000000001000010000000000000000000000001000000000000,
;tableau 188 de l'image 5 à pour solution : 6 
0001100000000000000000000000000000000000010000000010000000000000000000000000000110000000000000000000010000000000000000000000010000000000000000000000000000010010000000000000000000010010000000100000000000000000000000000000000000000000000001000100000100001000000010000000000000010000000000000000000000000010101010000000000000000100100010010000000000000000000000100000000000000000000000000000001001000000000000000011000000000000000000000100100001000000000000000110000000001000000000000000001000001000001000000000000000000001000000000001000000000000000000000010000000000000000000000010000001001000000000000100000000000000000000000000000100100001000000000000000000000000100100010000000000000000000000000000000000000000000111000000000000000000000000000010000000000000000000000000000000000000000000,
;tableau 189 de l'image 5 à pour solution : 6 
0001100000000000000010000000000000000000000000001100000000000000000000000000000000000000000000000010000000000000000000000000000000010001000000000000000001000000000000000000000000000001100001000000000000000000111000100000000001000000110000000000000000000100000001000010010100000000000000000000000000000000000000000000000000000000000000101000000000000001000000000010000000000000000000000000000000000000010000001000000010010000000000001000000000000000000000000001010101000000010000000000000101000010010000000000000000001000101000100000000000000000000100010000000110000000000000010000100000100000000000100010000000000010000000000000001000000000000010000000000010000000000000000000000000000100010100000101000000000000000000000000100000000000000000000100000000000000000000000000000000000000000000,
;tableau 190 de l'image 5 à pour solution : 6 
0001100000000001000000000000000000000000000000000000000000000000000000000000001000000000000000000000000000000000000000000000010001000000000000000000000000010010000100000000000000000000000000000001000000000000000000000101000000000000000000000010000000110000000000000001000001100000000000000000000000000000001000000000010000000110000000000100000000000000010000000100000000000100000001000000000110000000000000100000000000000000000000010000000000000000000000000000000010000000100001000000000000000001100000010000000000100000000001010000000000000000000000000000000000000000000010000010000000000000000000000000000100000000000000000000000000000000000000000000000000001000001000010000000000000000000010000000000000000000000000000000000000000000000000001000000000000000000000000000001000000000000000,
;tableau 191 de l'image 5 à pour solution : 6 
0001100000000000000000100000000000000000000000001000100000000000000000000000000000000000000000000100000000000010000000000000000000100000000000000000000000000000000000000000000000000000000011001100000000000000000010001000000010000000000000010001000010000000000000000000000000000101000000000100000001000000000000000000000000010000100000000000000001000000100000000001000000000000000100000000000000000000000000001000100000010000000000100010000011001000000000000000010000001000000100000000000010000010010001100000000000000000000110000000000000000000000000010100000000000000000000000000000000000000000000000000000000000000000000000000110100000000000000000000000010000000000000000000000000000000000000100000000000000000000100000000000000000000000000000000100100000000000000000000110000000000000000,
;tableau 192 de l'image 5 à pour solution : 6 
0001100000000000011000000000000000000000000000100010000000000000000001000000001101000000000000001000000101000000000000000000000000000000000000000000000000001000000000000000000000000000001000100000000000000011001000000000000000000000000100000000001000000000000000000000001000010000000000000000001000010010000010000000000000000101000000000100000000000111000000001000000000000000100000101010001100000000000000000110000000000000000000001000000000000000000000000000000000010010010000000000000000000000000100000000000000101000001000100000010000000000100000000001001000000000000100000100000001000000000000000000010000100100100000000001000000000000000000000000000000100000100000010000000000010000001000010001000000000000000000000100100000000000000000000001000000000000000000000000000000000000000000,
;tableau 193 de l'image 5 à pour solution : 6 
0001100000000000000000000000000000000000000010001000000000000000000000000000000000000000000000000001000000100000000000000000010000100000000000000000000001000000000011000000000000000000000001000000000000000000000000110000000000000000000000000000000010000010000000010000000000000000000000000010000000000000000001000000000000000000110000000000000001001000001000000000000000000010000001000000000001000000001000001000000100000000000000000010010000001000000000000010000010001000000000000000001000000000000000000000000000000001000100010001000000000001000001000000000000000000000000100001000000000000000000100110000000000000000000000000001000000100000000000000000100000010000000000000000000000010000010000000000000000000000000001000000000000000000000000000000000000000000000000000000001000000000000,
;tableau 194 de l'image 5 à pour solution : 6 
0001100000000001011100000000000000000000110000000000010000000000000000000000000000000000000000001000000000000010000000000000000000000000000000000000000000100000000000000000000000000001000100000000000000000010000000001000000010000000000000100000000100000000000000000010000001000010000000000000001000000000000000000000000000000000000000000000000000000000100001100011000000000000100010001000000000000000000000000010000000000000000000110100000000010001000000000000000000000000010000000000000000010000000000001000000000010000000000000100100000000000000010001000000000000000000100000010000000000000000000001000000100000010100000000000100000110000000010000000000000000000001000000000000000000000001000000000000000000000100001000000000000000000000000000000001000000000000000000000000010000000000000,
;tableau 195 de l'image 5 à pour solution : 6 
0001100000000000000000000000000000000000000100100000000000000000000000000000000100100000000000000010000000100000000000000000000010001010001000000000000000000010000100000000000000000000000000000100000000000000000000100000000000000000000000000000010000010000000000100100000000000000000000000100000010000000101100000000001000100001000000000000000000000100000000000000000000000000000000100000000000000000001100000000000100000000000001000000001000000010000000000000000000100000000000000000000000000000000000000000000000000100000010000000000000000000000000000000010100000000001000100000000000100000000000000000000000000000000000000010010000000000000000000000000000000100000011000000000000000000000000000000000000000000001110100000000000000000000000000000000000000000000000000000001000000000000000,
;tableau 196 de l'image 5 à pour solution : 6 
0001100000000000000000000000000000000000010000001010000000000000000000110000000000000000000000000000000010000110000000000000000001000000000000000000000000000101000000000000000000000001000000100000100000000001010100000001000000000000000000100000000000000000000000000010000000010000000000000010000100001010000000000000000000010000001000010000000000000001001000000010000000000000100000000001100000000000000000000000000011000100000000000000000000010000100000000000000000001001000000000000000000001000010110000000000000000000010000100000110000000001000000000000000010000000000000000000100001000000000000100000010000001000000000000000001000000000000000000000000000011001000000000000000000000001000110000110000000000000010000000000000000000000000000010000000000000000000000000000000000000000000000,
;tableau 197 de l'image 5 à pour solution : 6 
0001100000000000000000000000000000000000000010000000010000000000000010000000000000000000000000001010100000000000000000000000000000000010000000000000000000000000100000000000000000000000000001000000000000000010000000000000100010000000000000000000000010001000000000100000000000000000001000000000000000000000001000000000100000001000010010000000000001100000000000000000000000000000001000100000001010000000000000000010000000000000000000101100000000000000000000000000000001000000000000000000001011000000000000000000000000000000000000000000000000000000000000000000000000000000000000001000000000001000000000010000000000000000000000000000000000100000010000000000000100000100000000000000000000000000000001000000000000000000001100101000000000000000000000000000000000000000000000000000000000000000000000,
;tableau 198 de l'image 5 à pour solution : 6 
0001100000000000010000000000000000000000000000110001000000000000000000000000000000100000000000000000000000100000000000000000100000000000000000000000000000000000011000000000000000000000100000000100000000000000010000000000000100000000000000000000000000000000000000000001000000000000000000000000100100000100000010000000000010000000100000001000000000000001010000000000000000000000000000000100000000000000000100000000000000000100000000000000000000000000000000000000010000000010000000000000000000000010100000000100000000000000000000000000000000000000110000000110000000000000000000000000000000000000000000000100010001001000100000000000000010010000000000000000000000001000010000000000000000000000000000000000000000000000000000000000100000000000000000000000000000000000000000000000000010000000000000,
;tableau 199 de l'image 5 à pour solution : 6 
0001100000000000000000000000000000000000000010000100000000000000000000100000000000000000000000000000100000000000000000000000000000000000000000000000000010001000000100000000000000000000000000000000000000000000000000000100000000100000001000011000000100000000000000000000001000000001000000000000001000000000001100000000000000000000011000000000000000010000101000100000000000000110000000110000000000000000010000000000100000000000000000001000000000000000010000000000000100000000000000000000000000001000000000000000000000100000000010000001000000000000000000000000000000000000001000100110000000000000000000010000000000000000000000000001101000000000000010000000000001110000000000010000000000001110000110100110000000000000000000000010010000000000000000000100000000000000000000000000000000000000000000,
;tableau 200 de l'image 5 à pour solution : 6 
0001100000000000000001100000000000000000010000000001000000000000000001000000000000000000000000000000000001000000000000000000000000000000001000000000000000000000000000000000000000000000000000000100000000000011000000001001000000000000010010100000000000100000000000010001000001001000000000000010000010000000000000000000010000001000000000100010000001000010000000001000000000000000000000000001000010000000001000000001000000001000000000000010000010000000000000000101100000000000001000000000000001010110010000010100000001000100000000000010000000000001101000100000010000000000000000000000000000100000000000101000110001000000000000000000000000010110000000000000000000000000000000000000000000000000000000000000000000000000001001000000000000000000000000000010001100000000000000000000000100000000000000,
;tableau 201 de l'image 5 à pour solution : 6 
0001100000000000000010000000000000000000000100001010000000000000000000000000000000000000000000000100000000010000000000000000000000010000000000000000000000101000001000000000000000000000001000000000000000000100001000100000000000000000000000010000000000010000000000000000100000010000101000000100000000000000000001000000000000010000000000000000000000000000100010000000000000000000000100001000000000000000000001000000000000000100000000001000000101000000100000000000000101100000000100000000000000000000000001001000000000110000000000000101000000000000000100000000000000000000001001000000100000000000000000000000000000000000000000000000000000000000000000000000000110000001000000000000000000000000000000000100000000000000000000010010000000000000000000010000000000000000000000000000001001000000000000,
;tableau 202 de l'image 5 à pour solution : 6 
0001100000000000000000000000000000000000000000000000010000000000000001000001001000000000000000000000000000100100000000000000000000000000000000000000000000000000000000000000000000000000000000010000000000001000010000010000000000000000010000000100000000000000000000010000000000000001010000000001000000000000000100000000100000100001000000000000000000000000001000000000000000000001101000000010101000000000000010110000001000000000000000000010000000000010000000000000000000000001000000000000000000000000000000000000000000000000000000000000010000000000000000000000010000000000000000001010000000000000000000000000001000000000000000000000000001000000000000000000000000000000000000000000000000000000001000000000000000000000000000000100000000000000000000001000010000000000000000000000000000000000000000,
;tableau 203 de l'image 5 à pour solution : 6 
0001100000000000001000000000000000000000001000000000000000000000000000010100000000000000000000000001000000001000000000000000000010100000000000000000000000000000000000000000000000000000001100101000000000000000000000000000010100000000100000110000000000011000000000100000000000000000000000000000000100000001000000000000000000000000000000010100000000010000000010000000000000000000000001001000000010000000000000000010000000010000000000000000000000010000000000000000000000000100000000000000000000100000000010000000000000101000000001010011000000000000000000000001000000000000000000000000001000010000000000001010010000000000000000000000000000000000100100000000000000000000000000000000000000010001100000000011000000000000001010000000010000000000000000000000000000000000000000000000000000000000000000,
;tableau 204 de l'image 5 à pour solution : 6 
0001100000000000000000000000000000000000000000000010000000000000000001000000000000000000000000000000000000100100000000000000000000001010000000000000000001010000000000000000000000000000000000000000000000000100000000010001000000000000000000000000100000000000000000001000000000000000000000000100100000000100101000000000000010000000000010000000000000100000000001000000000000000000110000000001000100000000000010100000000001000000000000100000011100000000000000000000000010000000100000000000000001001001100000100000000000000000000000000000000000000000100000100000000000000000000001000000000001100000000000100000000100000000000000000000000000010000001000000000000010000000000000000000000000000000001000010000000000000000000000000000000000000000000000010000000000000000000000000000000000000000000000,
;tableau 205 de l'image 5 à pour solution : 6 
0001100000000000000000000000000000000000000000100001000000000000000000000000000000000000000000000001000000000000000000000000100000000000000000000000000000000000000100000000000000000000001000011000000000000000010000100000010011100000110000100000000000011000000000000000000000000000100000000000000000000000000000000000000000001000000100010000000000000000001000000000000000000000000000000000000000000000000000010010001000000000000000001000000010010000000000000010000000010000000000000000000000000000000100000000000000100000001000000000000000000000000000000000000000000000000100010000010000010000000000000100000000000000000000000000000000001010100000000000000000000000000000000000000000001100000000000000000000000000000000000000000000000000000000000000101000000000000000000000000000000000000000,
;tableau 206 de l'image 5 à pour solution : 6 
0001100000000000000000000000000000000000000000000000000000000000000000000000000000000000000000000000000100000000000000000000010000000000000000000000000000000001101000000000000000000000000000000000000000000000001000000111000000000000000010001000010010000000000001001000000000010000000000000001001001000001000001000000001100100000100000000000000000011000000001000000100000000001000010001000000000000000010001001000010000001000000000100101001000000000000000000000000100000000011000000000000001100000000000000000000000001010000000000000010000000010000000000000011100000000000000000000000000000000000000000000001000000000000000000000000001000000000000000000000000010000000000000000000000000000010000000000000000000000000000011100000000000000000000110000000000000000000000000000000000000000000000,
;tableau 207 de l'image 5 à pour solution : 6 
0001100000000000000100000000000000000000000000000010000000000000000010000000000000000000000000001000000010000000000000000000000000000000001000000000000000000000000000000000000000000000001000000000000000000000000000000000000010000000000000010000001000010000000000000000000110000000010000000000100000000000000000000000000010001000000000000000000000100000000000010000000000000000000000100010000000000000000000100000000000000000000001000000000000000000100000000001000010000000000000000000001000000000000100010000000000000001000000000000000000000000000000000000000000000000000000000000000000010000000000001000000000001000000000000000000000110010000000000000001000000010000000001000000000000000000000000001000000000000100000100001000000000000000000000000000000000000000000000000000000000000000000,
;tableau 208 de l'image 5 à pour solution : 6 
0001100000000000000000000000000000000000000100000000000000000000000001000000000000000000000000000000001000000000000000000000000000000100010000000000000000000000000100000000000000000000100000000000000000001010000000001010000000000000010010000000000000000000000000100010000000000000000000000000000100110000101000000000010001000000000000000000000000000001000000000000000000000000000000000000000110000000000000010000000000100000000000010100001100010011010000000000010001000000000000000000000010000100100000000000000001100000000000000000000000000000000010000000001000000000000000000000000000100000000000000100000000000010000000000000000100000000000100000000000000000000100000010000000000001001001100000000000000000000001000000000000000000000000000010100000000000000000000000000000000000000000000,
;tableau 209 de l'image 5 à pour solution : 6 
0001100000000000000000000000000000000000000000000001000000000000000000000000000000000000000000000000100000000000000000000000000000010000000000000000000000000000000000000000000000000101000000000000000000000001000100000000000000000000000000000000100010000000000000000000001001000010000000000100101000000000000000000000001100000100000000000000000001000000100000001001000000000000000000000000000000000000000000000000000000000000000000100000000000000000000000000000000000000000000000000000000000000000000000100000000000010010000000100001100000000010000100000000000000000000000010000000000000001000000000001000011000000000000000000001100000100000000000000000000011000100000000000000000000000000010000000000000000000000000000000000000000000000000000000001011000000000000000000000000000000000000000,
;tableau 210 de l'image 5 à pour solution : 6 
0001100000000000000010100000000000000000101000000000100000000000000000000010000000000000000000001010000000000000000000000000000010000100100000000000000000000000000010000000000000000000000101000000000000000000000000100100000000000000000010100000000100000000000000010000000010000000000000000000000000000000000000000000000000000000000000100000000000001000000000000000000000000100000000001000000000000000000000010001000100000000000000000000000000010000000000000000010000000000000000000000000000000000000001000000000000000000000000000000000000000000000000000001000000000000001101000100000010000000000000000100000000000001000000000000000100010111000000000000000000000000000000100000000000000101000000000000000000000000100000001100001000000000000000100110000000000000000000000000000000000000000000,
;tableau 211 de l'image 5 à pour solution : 6 
0001100000000000000000000000000000000000000000011000000000000000000000100000000000100000000000000000000000000000000000000000001000000000000000000000000000000000101000000000000000000000100000010000000000000001000100001000000010000000010000000011000000000000000000000000001000000001000000000001000000000010000000000000001000000000001000001100000000010010000000000000000000000000000000100000000000000000000000001000100000101000000001101000000000100000100000000000000000000000000000000000000000000010010000100000000000000001100000000000000000000000100000000000000000000000000000000000100000000000000000001000000000100000000000000000000001000000000010000000000001100000000000010000000000000000000000000001000000000000000000000000000000000000000000001000100000000000000000000000001000000000000000,
;tableau 212 de l'image 5 à pour solution : 6 
0001100000000000000000100000000000000000000100000000100000000000000000000000000000000000000000000000001000000000000000000000000000000010101000000000000000001000000000000000000000000000000010100000000000000100001000000000000000100000000000010000000010000000000000000000000010000000000000000100000100001000000010000000010000000010000000010000000000001000001100011000000000000000000100000000000110000000000000000000001000000000000000000000000000010000000000000000000000000000010000000000000010000000000000000000000000000000000001000000110000000000000100000000010100000000000000000000000000100000000000100100010000000100000000000000000010010000001100000000000100000000010000000000000000000000001000000000000000000000000010100000100000000000000000000000001000000000000000000000000000000000000000,
;tableau 213 de l'image 5 à pour solution : 6 
0001100000000000000000000000000000000000010010000000000000000000000000100000000000000000000000000000100000000100000000000000000000000000000000000000000000000000000000000000000000000000000000001000000000000000000001000000000000000000000000000000001000000100000000000000000000000010000000000010001010010100001100000000000100000000000100000000000000000000010000000000000000000000000000000000000001000000001100000000000000000000000001000101000000000100000000000000000000000000000000000000001000010000110001000000000000100000000000000100000000000000011000000000000000000000000000110000000000000000000000000000000000000010000000000000001000000000000000000000001000000000000000000000000000001000000000000000000000000000010000000100000000000000000000001011000100000000000000000000000000000000000000,
;tableau 214 de l'image 5 à pour solution : 6 
0001100000000000010000000000000000000000001100100000000000000000000000010000000000000000000000000000000010000000000000000000000100010000001000000000000000001001001100000000000000000000000001000100000000000010001000000000000000000000000100000000100000001000000001010000000000001000000000000001000000000000100000000000000000001000110000010000000001001010000000110000000000000100100000001000000000000000000000010000000100001000000000000000010000001000000000000000000010000000100000000000000100000010000000000000000001000000000000000010100000000000100010001000000000000000000001001000001000000000000000100000000000000000100000000000000001000000001010000000000100000000000000000000000000010011000000000000000000000000000000000000000000000000000000000000010000000000000000000000001000000000000000,
;tableau 215 de l'image 5 à pour solution : 6 
0001100000000001000000000000000000000000000010000001000000000000000000001000010000000000000000000000000000000000000000000000001000000000000000000000000000000000000010000000000000000000010000000000000000000001100000000000000000000000110000000001000000000000000000100010001000000000101000000000001010000010000000000000000000100000000000000000000000000000000001000000000000000000001001000000000000000000000000000000000000010000000000001001100000000000100000000000100000000000010000000000001010100000000000001000000000000000101000010000000000000001000100000000000010000000000010000000000000000000000000000000000100000000000000000000001000000000000000000000000000000011000000000000000000000000000110001000000000000000000000000000000000000000000000000000000000000000000000000000000000000000000000,
;tableau 216 de l'image 5 à pour solution : 6 
0001100000000000000000000000000000000000100000000100100000000000000000000000100000000000000000000000010000000000000000000000000000000000000000000000000001000000000100000000000000000100001000001000000000000000000000000000011000000000000000000000010000100000000010000000000000010000010000000000000100000000000001000000000000001000100000010000000000000000000000000001000000000000100000001000000000000000000000000100000000001000000001000010000000000000000000000000001000000000001001000000000001000000000000100000000000010000000000001001100000000000000000000000010000000000000000000000000000100000000000000000100001000000000000000000000010000000000000000000000001000000000001011000000000000010010000000000000000000000010010001000000000000000000000000001001010000000000000000000000000000000000000,
;tableau 217 de l'image 5 à pour solution : 6 
0001100000000000000000000000000000000000001000000000000000000000000000000000001010000000000000001000000000001000000000000000000000001100000000000000000000110000000000000000000000000000000000000100000000000000001010000100000000000000100000000000000100000100000000000000001000000100000000000010000010000010000010000000000000000000001000001000000000000000000100000000000000000001000000000000000000000000011000000000000000000000000000000000000000000000000000000100000000000011000000000000010000010010000100000000000000100000000000000010000000000001100001000010000000000000000000001010000001001000000000000001000000000000000000000001000001010000000000000000000000000001000000000000000000010000000000000001000000000000000000000000000000000000000000010110000000000000000000000000000000100000000000,
;tableau 218 de l'image 5 à pour solution : 6 
0001100000000000000000000000000000000000000001000000100000000000000000100000000000000000000000000000001000000000000000000000001000000011000000000000000000000000000000000000000000000000100000001000000000000010000000000000000000000000000000000000100010000000000000010001000000000001000000000000000000010000000000000000000000000000000000000000000001000000001000000010000000000000000000000000001001000000000000000000000000000000000000000000000100000000000000000000000000000000000000000000001001101000100000000000000000000100000000000100000000000000000000000000000000000000000010000000000000000000000000000000000000000000100000000000000000000010000010000000000101000000000100000000000000000000000001000000000000000000000101000100000000000000000000000000000000000000000000000000000000000000000000,
;tableau 219 de l'image 5 à pour solution : 6 
0001100000000000000000000000000000000000001000101000000000000000000001000010100000000000000000000000000001000000000000000000000000000000000000000000000000000000100000000000000000000000000000000000000000000000000000000100000000000000000001000000001000000000000010001000000100100000000000000000000000000100000000000000000000000001000010000000000000000000000010000000000000000000000000000100000100000000000000000000100000110000000001001010000010000000010000000001000000000000000000000000000000010110010000011000000000100000000000000000010000000000100000000000000100000000000000010000000000001000000000000010000000100100000000000000010010010000000000000000000000000000000000010000000000000000000000000001000000000000010000001000000000000000000000000010000000000000000000000000000000100000000000,
;tableau 220 de l'image 5 à pour solution : 6 
0101100000000000000000000000000000000000011111111111100000000000000011000010000001100000000000001110001000100000000000000000111000100100010000000000000001100011100001000000000000000111001000000000000000000111011100000000000111000000111100110010000000011100000001110011000000001001000000000111101100000000000101000000011110110010000000100100000001111011000000000010010000000111101100001000001001000000011110110000000000100100000001111011000000000010000000000111111100000000011000000000001111110000000001100000000000111111000000000011000000000011111100000000001110000000001111100000000000001000000000111110001100000000000000000011110010110000000100000000000111011011100000010000000000011001011110000000000000000000111111111100110000000000000000011111111100000000000000000000000000000000000000
